machine_type,air_temperature,process_temperature,torque,rotational_speed,tool_wear,machine_failure
M,298.1,308.6,42.8,1551,0,0
L,298.2,308.7,46.3,1408,3,0
L,298.1,308.5,49.4,1498,5,0
L,298.2,308.6,39.5,1433,7,0
L,298.2,308.7,40.0,1408,9,0
M,298.1,308.6,41.9,1425,11,0
L,298.1,308.6,42.4,1558,14,0
L,298.1,308.6,40.2,1527,16,0
M,298.3,308.7,28.6,1667,18,0
M,298.5,309.0,28.0,1741,21,0
H,298.4,308.9,23.9,1782,24,0
H,298.6,309.1,44.3,1423,29,0
M,298.6,309.1,51.1,1339,34,0
M,298.6,309.2,30.0,1742,37,0
L,298.6,309.2,19.6,2035,40,0
L,298.6,309.2,48.4,1542,42,0
M,298.6,309.2,46.6,1311,44,0
M,298.7,309.2,45.6,1410,47,0
H,298.8,309.2,54.5,1306,50,0
M,298.9,309.3,32.5,1632,55,0
H,298.9,309.3,42.7,1375,58,0
L,298.8,309.3,44.8,1450,63,0
M,298.9,309.3,30.7,1581,65,0
L,299.0,309.4,25.7,1758,68,0
M,299.0,309.4,37.3,1561,70,0
L,299.0,309.5,23.3,1861,73,0
L,299.1,309.5,39.0,1512,75,0
H,299.1,309.4,24.6,1811,77,0
L,299.1,309.4,44.2,1439,82,0
L,299.0,309.4,30.1,1693,84,0
M,299.1,309.5,48.2,1339,86,0
L,299.0,309.4,25.5,1798,89,0
L,299.0,309.4,48.3,1419,91,0
L,298.9,309.3,32.5,1665,93,0
M,298.8,309.1,34.7,1559,95,0
M,298.8,309.2,48.6,1452,98,0
M,298.9,309.2,36.7,1581,101,0
L,298.8,309.1,39.2,1439,104,0
H,298.9,309.2,50.7,1379,106,0
L,298.8,309.1,52.5,1350,111,0
L,298.8,309.1,45.4,1362,113,0
L,298.8,309.1,50.8,1368,115,0
M,298.8,309.1,49.1,1368,117,0
H,298.8,309.2,48.5,1372,120,0
M,298.8,309.1,47.5,1472,125,0
L,298.8,309.1,49.1,1489,128,0
M,298.7,309.0,25.8,1843,130,0
L,298.8,309.1,46.3,1418,133,0
H,298.8,309.2,53.9,1425,135,0
M,298.9,309.2,44.1,1412,140,0
L,298.9,309.1,4.6,2861,143,1
L,298.9,309.1,54.9,1383,145,0
H,298.8,309.0,43.8,1497,147,0
L,298.7,309.0,35.1,1565,152,0
L,298.7,309.0,30.1,1691,154,0
L,298.8,309.1,40.7,1512,156,0
L,298.8,309.1,42.4,1477,158,0
L,298.8,309.1,40.3,1513,160,0
M,298.8,309.0,29.5,1661,162,0
L,298.8,309.1,54.4,1378,165,0
L,298.8,309.1,52.6,1393,167,0
M,298.8,309.0,38.2,1592,169,0
L,298.8,309.0,22.9,1829,172,0
M,298.9,309.0,25.9,1812,174,0
L,299.0,309.1,38.6,1523,177,0
L,299.0,309.1,45.1,1394,179,0
M,298.9,308.9,28.7,1679,181,0
H,298.8,308.9,44.1,1466,184,0
L,298.8,308.9,32.4,1527,189,0
L,298.9,309.0,65.7,1410,191,1
M,298.9,309.0,22.6,1924,193,0
L,298.9,309.1,45.5,1452,196,0
L,298.9,309.1,44.4,1369,198,0
L,299.0,309.1,35.0,1592,200,0
L,298.9,309.0,32.3,1601,202,0
L,298.8,308.9,46.7,1379,204,0
L,298.8,308.9,47.9,1461,206,0
L,298.8,308.9,41.3,1455,208,1
L,298.8,308.9,51.5,1398,0,0
L,298.8,308.9,37.9,1402,2,0
H,298.8,308.8,49.9,1445,4,0
L,298.9,308.9,47.5,1450,9,0
L,298.9,308.9,40.8,1453,11,0
L,299.0,309.0,40.1,1469,13,0
L,298.9,308.9,47.6,1422,15,0
M,299.0,309.0,26.8,1804,17,0
H,299.0,309.0,43.9,1436,20,0
L,299.0,309.0,31.8,1544,25,0
M,299.0,309.0,45.2,1419,27,0
M,298.9,308.9,39.5,1487,30,0
L,298.9,308.9,25.8,1753,33,0
L,298.9,308.9,24.9,1830,35,0
M,298.9,308.9,27.1,1727,37,0
L,299.1,309.0,43.0,1450,40,0
L,299.0,308.9,31.9,1622,42,0
M,299.0,309.0,52.2,1351,44,0
M,299.0,309.0,35.3,1575,47,0
M,298.9,308.9,29.9,1750,50,0
L,298.9,308.8,32.7,1529,53,0
L,298.8,308.8,44.4,1523,55,0
L,298.8,308.9,25.0,1852,57,0
L,298.8,308.8,20.7,1991,59,0
L,298.8,308.8,40.6,1555,61,0
M,298.8,308.8,40.5,1441,63,0
L,298.8,308.7,43.4,1450,66,0
L,298.8,308.7,31.1,1591,68,0
L,298.8,308.7,48.5,1445,70,0
M,298.8,308.8,46.8,1497,72,0
H,298.9,308.8,32.7,1621,75,0
L,298.9,308.7,34.1,1572,80,0
L,298.8,308.6,22.5,1872,82,0
H,298.7,308.6,43.5,1499,84,0
M,298.8,308.7,39.5,1498,89,0
M,298.8,308.6,41.9,1486,92,0
L,298.8,308.6,29.4,1680,95,0
L,298.8,308.6,45.7,1431,97,0
L,298.9,308.7,34.1,1564,99,0
L,298.8,308.6,33.0,1599,101,0
M,298.8,308.6,28.1,1707,103,0
L,298.7,308.5,40.7,1467,106,0
L,298.9,308.7,44.7,1433,108,0
L,298.9,308.7,41.2,1558,110,0
L,299.0,308.8,50.7,1310,112,0
L,298.9,308.7,43.4,1546,114,0
L,298.9,308.7,29.4,1727,116,0
L,298.9,308.6,32.2,1560,118,0
L,299.0,308.6,60.5,1329,120,0
L,298.9,308.6,46.5,1413,122,0
L,299.0,308.6,38.6,1587,124,0
L,298.9,308.5,34.3,1559,126,0
L,298.8,308.4,41.1,1473,128,0
L,298.8,308.4,27.7,1737,130,0
M,298.7,308.4,43.2,1441,132,0
M,298.7,308.4,49.6,1430,135,0
L,298.8,308.4,53.0,1369,138,0
M,298.8,308.5,28.5,1711,140,0
H,298.7,308.5,45.7,1420,143,0
L,298.7,308.6,55.3,1297,148,0
H,298.8,308.6,49.4,1449,150,0
L,298.8,308.6,55.8,1268,155,0
L,298.8,308.6,36.1,1511,157,0
L,298.7,308.5,35.2,1544,159,0
M,298.6,308.4,28.2,1778,161,0
H,298.6,308.4,50.5,1407,164,0
M,298.6,308.4,42.4,1391,169,0
L,298.5,308.4,33.6,1513,172,0
H,298.5,308.4,36.1,1612,174,0
L,298.4,308.4,40.1,1515,179,0
M,298.3,308.3,48.0,1379,181,0
L,298.4,308.3,39.9,1473,184,0
L,298.4,308.3,42.7,1422,186,0
M,298.4,308.2,37.6,1463,188,0
M,298.4,308.2,41.0,1584,191,0
L,298.4,308.2,27.0,1850,194,0
L,298.4,308.2,36.2,1528,196,0
H,298.4,308.2,19.8,1987,198,0
M,298.4,308.1,46.0,1495,203,0
H,298.4,308.2,43.5,1478,206,0
M,298.4,308.2,40.0,1499,211,0
L,298.4,308.2,47.0,1471,214,0
L,298.4,308.2,60.7,1282,216,1
L,298.3,308.1,52.3,1412,218,1
L,298.3,308.1,35.5,1586,0,0
M,298.4,308.2,43.8,1468,2,0
M,298.5,308.3,43.6,1440,5,0
L,298.5,308.4,26.0,1733,8,0
H,298.4,308.2,32.6,1612,10,0
H,298.4,308.3,42.9,1458,15,0
L,298.4,308.3,62.3,1433,20,1
L,298.4,308.3,59.1,1318,22,0
M,298.4,308.2,35.0,1610,24,0
L,298.2,308.1,50.8,1462,27,0
M,298.1,308.0,20.8,1924,29,0
M,298.2,308.0,33.7,1591,32,0
L,298.2,308.1,58.3,1306,35,0
L,298.2,308.1,43.5,1382,37,0
L,298.2,308.1,34.7,1618,39,0
L,298.2,308.2,21.4,1988,41,0
L,298.2,308.2,50.2,1436,43,0
L,298.2,308.3,49.8,1304,45,0
L,298.2,308.3,49.9,1475,47,0
H,298.2,308.3,24.2,1824,49,0
M,298.1,308.2,48.1,1342,54,0
L,298.1,308.2,40.7,1485,57,0
L,298.2,308.2,30.6,1667,59,0
L,298.2,308.2,38.2,1446,61,0
L,298.1,308.3,56.0,1301,63,0
L,298.2,308.4,43.1,1379,65,0
L,298.3,308.5,33.6,1606,67,0
M,298.3,308.4,43.4,1539,69,0
L,298.2,308.4,49.9,1477,72,0
L,298.2,308.4,34.6,1666,74,0
H,298.2,308.4,51.8,1398,76,0
H,298.2,308.4,34.6,1678,81,0
M,298.2,308.5,10.7,2678,86,1
L,298.3,308.5,42.9,1453,89,0
H,298.3,308.6,49.5,1432,91,0
M,298.4,308.6,40.9,1527,96,0
L,298.4,308.7,35.0,1588,99,0
L,298.4,308.6,47.1,1433,101,0
L,298.4,308.6,35.0,1609,103,0
L,298.3,308.5,41.2,1575,105,0
M,298.4,308.5,35.7,1636,107,0
L,298.4,308.5,37.9,1490,110,0
L,298.4,308.5,32.8,1741,112,0
M,298.5,308.6,53.0,1344,114,0
L,298.5,308.7,35.3,1609,117,0
M,298.4,308.7,60.7,1421,119,1
L,298.4,308.6,36.7,1591,122,0
L,298.4,308.6,44.0,1477,124,0
L,298.4,308.7,36.1,1523,126,0
L,298.5,308.7,33.9,1575,128,0
H,298.4,308.7,52.9,1344,130,0
L,298.4,308.7,44.9,1386,135,0
M,298.3,308.6,37.1,1589,137,0
L,298.3,308.6,40.3,1548,140,0
L,298.3,308.6,38.3,1499,142,0
L,298.3,308.5,31.6,1664,144,0
L,298.3,308.6,38.1,1447,146,0
M,298.3,308.5,46.2,1434,148,0
L,298.3,308.5,52.7,1416,151,0
H,298.4,308.5,24.3,1827,153,0
L,298.4,308.6,45.0,1304,158,0
L,298.4,308.6,34.4,1569,160,0
L,298.3,308.6,29.3,1584,162,0
L,298.3,308.5,53.8,1362,164,0
L,298.3,308.4,49.2,1329,166,0
L,298.3,308.5,36.1,1539,168,0
M,298.3,308.5,37.1,1629,170,0
L,298.3,308.5,32.2,1538,173,0
L,298.3,308.6,34.8,1570,175,0
L,298.3,308.4,43.1,1408,177,0
L,298.2,308.4,47.6,1424,179,0
L,298.2,308.4,34.9,1512,181,0
L,298.2,308.4,42.9,1478,183,0
M,298.1,308.3,33.7,1680,185,0
L,298.1,308.3,38.7,1495,188,0
M,298.0,308.1,36.6,1552,190,0
L,297.9,308.1,50.3,1393,193,0
L,298.0,308.2,30.6,1611,195,0
M,298.0,308.1,51.6,1339,197,0
L,298.0,308.1,24.3,1777,200,0
L,298.0,308.2,58.8,1348,202,1
L,298.0,308.2,44.1,1442,204,0
M,298.0,308.2,49.1,1395,206,0
M,297.9,308.1,31.4,1627,209,0
L,297.9,308.1,33.5,1585,212,0
L,298.0,308.2,45.5,1469,214,0
L,298.0,308.3,56.8,1362,216,1
L,298.0,308.3,56.2,1405,218,1
L,298.0,308.3,32.7,1662,0,0
M,298.0,308.2,42.6,1466,2,0
L,298.0,308.2,35.8,1620,5,0
L,298.0,308.2,48.2,1357,7,0
L,298.0,308.2,37.9,1514,9,0
L,298.0,308.2,40.4,1489,11,0
L,298.1,308.3,63.0,1331,13,0
L,298.0,308.0,29.5,1615,15,0
L,298.1,308.2,37.9,1482,17,0
M,298.1,308.2,63.9,1420,19,1
M,298.2,308.3,49.1,1522,22,0
L,298.1,308.2,32.1,1654,25,0
M,298.1,308.2,26.8,1736,27,0
M,298.0,308.1,32.3,1587,30,0
L,298.1,308.2,47.5,1390,33,0
L,298.0,308.1,37.1,1454,35,0
H,298.0,308.1,43.7,1440,37,0
L,297.9,308.0,21.1,1954,42,0
H,297.9,308.0,24.8,1800,44,0
L,298.0,308.0,37.0,1524,49,0
H,298.0,308.0,39.6,1520,51,0
M,298.1,308.1,40.8,1452,56,0
L,298.1,308.1,40.4,1484,59,0
L,298.1,308.0,46.0,1426,61,0
L,298.1,308.0,28.5,1652,63,0
L,298.0,308.0,54.7,1401,65,0
M,298.0,307.9,26.6,1750,67,0
H,298.0,308.0,50.7,1479,70,0
M,298.0,308.0,29.4,1620,75,0
L,298.0,308.1,23.4,1819,78,0
M,298.1,308.1,43.7,1456,80,0
L,298.1,308.0,36.5,1626,83,0
M,298.1,308.1,49.8,1390,85,0
L,298.2,308.2,43.0,1469,88,0
L,298.2,308.3,19.2,2051,90,0
L,298.2,308.3,36.0,1568,92,0
L,298.2,308.3,33.2,1589,94,0
L,298.2,308.3,31.6,1805,96,0
H,298.2,308.4,42.2,1385,98,0
L,298.1,308.4,46.7,1436,103,0
L,298.1,308.4,45.6,1438,105,0
L,298.0,308.3,42.6,1473,107,0
L,298.1,308.4,40.2,1335,109,0
H,298.1,308.5,44.8,1392,111,0
M,298.1,308.5,51.1,1372,116,0
M,298.1,308.6,30.7,1716,119,0
L,298.0,308.5,46.2,1395,122,0
L,298.0,308.5,25.3,1713,124,0
H,297.9,308.5,18.7,2129,126,0
M,297.8,308.3,35.6,1567,131,0
L,297.8,308.4,38.3,1622,134,0
L,297.7,308.4,27.1,1740,136,0
H,297.8,308.4,35.1,1512,138,0
M,297.8,308.4,43.5,1479,143,0
L,297.8,308.4,27.5,1737,146,0
L,297.8,308.4,19.2,2129,148,0
L,297.8,308.4,47.1,1374,150,0
M,297.8,308.4,36.6,1579,152,0
L,297.9,308.5,47.2,1305,155,0
M,297.9,308.5,40.8,1449,157,0
H,298.0,308.6,41.8,1526,160,0
M,298.0,308.6,44.1,1453,165,0
L,297.9,308.6,36.0,1468,168,0
L,298.0,308.6,50.8,1313,170,0
M,297.9,308.5,53.0,1300,172,0
L,297.9,308.4,40.6,1646,175,0
L,297.8,308.4,33.2,1714,177,0
L,297.8,308.4,28.4,1685,179,0
L,297.8,308.4,39.9,1512,181,0
L,297.8,308.4,32.1,1612,183,0
H,297.8,308.4,38.2,1550,185,0
L,297.8,308.4,32.5,1518,190,0
L,297.8,308.5,40.0,1448,192,0
L,297.8,308.5,46.3,1561,194,0
M,297.8,308.5,41.9,1488,196,0
L,297.8,308.5,27.8,1699,199,0
L,297.7,308.5,41.4,1501,201,0
L,297.7,308.5,56.7,1373,203,1
H,297.6,308.4,31.4,1703,205,0
H,297.7,308.5,29.9,1720,210,0
M,297.6,308.4,41.9,1398,215,0
M,297.6,308.4,51.9,1391,218,0
M,297.6,308.3,40.2,1538,0,0
L,297.5,308.2,31.3,1647,3,0
M,297.5,308.1,44.8,1469,5,0
L,297.4,308.1,25.9,1749,8,0
M,297.6,308.2,20.5,1995,10,0
L,297.6,308.3,27.7,1742,13,0
L,297.5,308.2,38.2,1563,15,0
M,297.5,308.2,32.2,1713,17,0
L,297.4,308.1,39.4,1474,20,0
M,297.4,308.2,32.6,1530,22,0
L,297.4,308.2,46.5,1471,25,0
L,297.5,308.3,48.6,1388,27,0
M,297.5,308.2,13.8,2448,29,0
L,297.5,308.3,32.9,1585,32,0
M,297.5,308.3,45.2,1459,34,0
L,297.5,308.3,40.8,1544,37,0
L,297.6,308.3,31.7,1617,39,0
L,297.6,308.3,34.3,1595,41,0
H,297.6,308.3,44.3,1400,43,0
M,297.6,308.4,31.0,1611,48,0
M,297.6,308.4,46.0,1507,51,0
H,297.5,308.3,30.0,1674,54,0
L,297.6,308.3,34.3,1658,59,0
L,297.6,308.3,36.9,1623,61,0
M,297.6,308.4,48.9,1398,63,0
L,297.6,308.4,34.2,1517,66,0
M,297.6,308.3,36.7,1467,68,0
M,297.6,308.3,34.6,1567,71,0
M,297.5,308.3,38.2,1521,74,0
L,297.5,308.3,36.8,1596,77,0
H,297.6,308.3,30.9,1640,79,0
L,297.6,308.3,47.8,1438,84,0
L,297.6,308.4,55.2,1407,86,0
L,297.6,308.4,57.5,1353,88,0
M,297.6,308.5,40.9,1552,90,0
M,297.6,308.4,38.3,1569,93,0
L,297.5,308.4,39.5,1489,96,0
H,297.5,308.4,36.1,1587,98,0
M,297.5,308.3,37.2,1622,103,0
L,297.5,308.4,38.1,1604,106,0
M,297.4,308.3,51.7,1405,108,0
L,297.4,308.3,42.0,1412,111,0
L,297.4,308.3,43.0,1431,113,0
L,297.4,308.2,37.4,1533,115,0
M,297.4,308.2,51.9,1401,117,0
M,297.4,308.2,53.9,1424,120,0
L,297.3,308.2,29.4,1754,123,0
L,297.3,308.2,26.8,1754,125,0
L,297.5,308.3,12.8,2564,127,1
L,297.5,308.5,40.4,1546,129,0
L,297.5,308.5,48.0,1335,131,0
M,297.5,308.6,27.0,1842,133,0
L,297.5,308.5,26.8,1712,136,0
M,297.6,308.6,45.4,1414,138,0
L,297.6,308.7,50.9,1319,141,0
L,297.7,308.7,60.4,1249,143,0
L,297.6,308.7,48.2,1455,145,0
M,297.6,308.7,54.8,1408,147,0
L,297.6,308.7,46.7,1460,150,0
L,297.6,308.6,38.1,1491,152,0
M,297.6,308.5,43.4,1490,154,0
M,297.5,308.4,52.2,1350,157,0
L,297.5,308.4,39.9,1528,160,0
L,297.4,308.3,37.7,1571,162,0
L,297.4,308.3,42.6,1490,164,0
M,297.4,308.3,28.9,1774,166,0
H,297.4,308.3,43.6,1502,169,0
L,297.4,308.4,49.7,1392,174,0
L,297.4,308.5,16.9,2100,176,0
L,297.5,308.5,30.4,1722,178,0
L,297.4,308.6,32.3,1678,180,0
L,297.3,308.6,59.8,1273,182,0
L,297.3,308.6,45.9,1297,184,0
L,297.3,308.5,57.6,1350,186,0
L,297.4,308.6,51.9,1439,188,0
M,297.4,308.5,42.1,1600,190,0
M,297.4,308.6,44.4,1434,193,0
L,297.4,308.6,41.3,1459,196,0
M,297.5,308.6,44.9,1472,198,0
L,297.5,308.7,44.3,1429,201,0
L,297.5,308.6,48.2,1388,203,0
L,297.4,308.4,34.5,1573,205,0
L,297.4,308.4,32.5,1588,207,0
L,297.5,308.4,42.8,1511,209,0
L,297.4,308.5,37.8,1495,211,0
L,297.4,308.4,50.1,1394,213,0
L,297.4,308.4,17.7,2151,0,0
M,297.3,308.3,38.2,1501,2,0
M,297.3,308.3,39.6,1301,5,0
M,297.3,308.3,31.1,1657,8,0
L,297.3,308.3,55.2,1333,11,0
L,297.3,308.3,43.9,1484,13,0
L,297.3,308.4,45.7,1430,15,0
M,297.3,308.4,28.9,1665,17,0
L,297.4,308.5,44.9,1501,20,0
M,297.5,308.5,42.2,1496,22,0
M,297.6,308.6,36.9,1595,25,0
L,297.5,308.6,62.3,1208,28,0
L,297.5,308.6,37.1,1596,30,0
L,297.5,308.5,41.9,1446,32,0
M,297.6,308.5,39.7,1466,34,0
M,297.6,308.5,23.7,1848,37,0
M,297.5,308.5,44.7,1484,40,0
L,297.4,308.3,41.2,1493,43,0
L,297.3,308.3,36.3,1504,45,0
L,297.3,308.3,38.5,1538,47,0
L,297.4,308.4,52.2,1341,49,0
M,297.4,308.3,34.6,1535,51,0
L,297.4,308.5,39.2,1389,54,0
H,297.5,308.5,46.6,1393,56,0
L,297.4,308.5,61.5,1399,61,1
H,297.4,308.5,45.1,1469,63,0
L,297.4,308.4,37.2,1582,68,0
L,297.5,308.6,26.7,1793,70,0
L,297.5,308.6,39.0,1452,72,0
M,297.6,308.7,59.9,1376,74,0
L,297.5,308.6,44.9,1552,77,0
L,297.6,308.7,37.9,1622,79,0
M,297.6,308.7,41.7,1419,81,0
H,297.5,308.6,46.1,1440,84,0
M,297.4,308.6,31.0,1643,89,0
L,297.4,308.7,36.2,1510,92,0
L,297.4,308.7,46.6,1468,94,0
L,297.4,308.7,57.4,1429,96,0
H,297.3,308.7,47.6,1478,98,0
L,297.4,308.6,53.6,1276,103,0
L,297.3,308.6,42.6,1486,105,0
L,297.4,308.6,42.3,1476,107,0
H,297.3,308.6,42.0,1431,109,0
L,297.4,308.7,40.2,1402,114,0
L,297.4,308.7,43.4,1433,116,0
L,297.4,308.7,4.2,2874,118,1
L,297.3,308.6,35.7,1511,120,0
M,297.3,308.6,42.9,1456,122,0
L,297.2,308.5,41.5,1550,125,0
L,297.2,308.5,16.5,2182,127,0
L,297.3,308.7,31.6,1619,129,0
M,297.3,308.8,32.7,1586,131,0
H,297.3,308.8,44.2,1499,134,0
H,297.3,308.8,42.4,1419,139,0
M,297.4,309.0,41.8,1497,144,0
M,297.4,309.0,37.0,1520,147,0
L,297.4,309.1,49.8,1478,150,0
L,297.4,309.1,41.1,1380,152,0
L,297.4,309.0,37.9,1570,154,0
H,297.4,309.0,41.4,1468,156,0
L,297.4,309.0,22.6,1833,161,0
M,297.4,308.9,57.3,1323,163,0
L,297.4,309.0,32.0,1583,166,0
M,297.3,309.0,39.5,1556,168,0
L,297.3,309.0,37.4,1548,171,0
L,297.4,309.0,56.9,1324,173,0
L,297.4,309.0,33.7,1568,175,0
M,297.4,309.0,30.7,1685,177,0
M,297.4,309.1,35.9,1582,180,0
M,297.4,309.1,35.0,1463,183,0
L,297.4,309.2,42.8,1584,186,0
M,297.5,309.2,55.8,1347,188,0
L,297.4,309.2,37.9,1459,191,0
L,297.4,309.2,45.6,1420,193,0
L,297.5,309.3,43.5,1404,195,0
L,297.5,309.3,38.8,1470,197,0
L,297.6,309.4,49.8,1326,199,0
H,297.5,309.3,49.7,1459,201,0
M,297.5,309.2,40.0,1530,206,0
L,297.4,309.0,39.2,1505,209,0
L,297.5,309.1,30.2,1611,211,0
L,297.5,309.1,35.1,1515,213,0
M,297.5,309.2,27.4,1804,215,0
M,297.6,309.3,46.2,1464,218,0
L,297.6,309.2,43.3,1390,221,0
M,297.6,309.2,48.1,1442,0,0
M,297.6,309.3,41.9,1529,3,0
L,297.6,309.3,35.0,1610,6,0
L,297.6,309.3,34.3,1543,8,0
H,297.8,309.4,48.2,1445,10,0
L,297.7,309.3,24.6,1893,15,0
M,297.6,309.3,41.3,1415,17,0
L,297.5,309.3,37.5,1564,20,0
L,297.5,309.3,39.4,1479,22,0
L,297.5,309.2,44.8,1426,24,0
L,297.4,309.2,38.8,1428,26,0
L,297.4,309.2,33.2,1620,28,0
L,297.5,309.2,28.0,1715,30,0
L,297.5,309.3,29.9,1732,32,0
M,297.5,309.4,58.2,1391,34,0
L,297.6,309.5,20.6,1924,37,0
M,297.7,309.5,19.8,2027,39,0
L,297.6,309.5,36.2,1617,42,0
L,297.5,309.4,35.8,1497,44,0
M,297.5,309.5,43.7,1448,46,0
L,297.4,309.4,45.9,1401,49,0
L,297.4,309.4,35.4,1620,51,0
L,297.4,309.4,45.5,1466,53,0
L,297.6,309.5,50.6,1373,55,0
M,297.6,309.6,35.8,1592,57,0
M,297.5,309.5,42.4,1553,60,0
L,297.6,309.5,36.2,1569,63,0
M,297.6,309.5,32.2,1709,65,0
L,297.6,309.5,34.9,1549,68,0
L,297.5,309.4,45.4,1443,70,0
L,297.5,309.3,29.8,1675,72,0
L,297.5,309.3,33.4,1623,74,0
H,297.4,309.3,52.4,1365,76,0
L,297.4,309.3,24.8,1759,81,0
H,297.4,309.3,43.0,1516,83,0
M,297.4,309.3,36.8,1499,88,0
M,297.4,309.3,25.8,1775,91,0
L,297.4,309.4,45.5,1473,94,0
L,297.4,309.4,52.3,1296,96,0
L,297.5,309.4,24.7,1803,98,0
H,297.5,309.3,36.1,1563,100,0
M,297.5,309.4,26.6,1831,105,0
L,297.6,309.4,22.1,1958,108,0
L,297.5,309.4,24.3,1809,110,0
M,297.5,309.4,39.3,1482,112,0
L,297.4,309.3,53.2,1332,115,0
L,297.4,309.2,40.4,1437,117,0
L,297.4,309.2,29.4,1698,119,0
L,297.4,309.2,54.3,1274,121,0
M,297.4,309.3,35.0,1622,123,0
M,297.4,309.3,36.0,1564,126,0
H,297.5,309.4,45.3,1368,129,0
M,297.4,309.4,42.2,1539,134,0
L,297.5,309.4,50.1,1357,137,0
M,297.5,309.4,48.3,1433,139,0
L,297.5,309.4,34.6,1650,142,0
L,297.5,309.4,40.6,1503,144,0
L,297.5,309.4,58.2,1318,146,0
M,297.5,309.4,34.4,1678,148,0
L,297.6,309.5,30.9,1574,151,0
L,297.7,309.6,35.2,1529,153,0
H,297.6,309.6,32.1,1669,155,0
H,297.7,309.7,35.8,1570,160,0
M,297.6,309.7,33.7,1541,165,0
M,297.7,309.7,30.2,1680,168,0
L,297.8,309.7,22.1,1935,171,0
M,297.7,309.6,35.2,1596,173,0
L,297.7,309.7,41.0,1498,176,0
M,297.8,309.8,29.0,1676,178,0
L,297.8,309.9,49.0,1351,181,0
L,297.9,309.9,45.0,1472,183,0
M,297.9,310.0,41.7,1439,185,0
M,297.9,309.9,55.4,1410,188,0
H,297.7,309.7,51.1,1440,191,0
L,297.7,309.7,37.7,1591,196,0
L,297.8,309.8,36.8,1533,198,0
M,297.8,309.7,31.3,1700,200,0
M,297.8,309.8,25.5,1798,203,0
L,297.8,309.7,42.9,1394,206,0
L,297.8,309.7,49.2,1341,208,0
H,297.7,309.6,32.2,1697,210,0
H,297.6,309.6,48.2,1419,215,0
L,297.6,309.5,20.5,2001,220,0
L,297.6,309.6,49.8,1501,222,1
H,297.6,309.5,33.1,1623,224,0
L,297.6,309.4,33.4,1628,229,0
L,297.6,309.4,40.2,1491,231,0
L,297.5,309.4,36.7,1517,233,0
H,297.5,309.3,41.7,1525,235,0
H,297.5,309.5,27.9,1668,240,0
L,297.5,309.6,50.7,1312,0,0
H,297.6,309.6,50.4,1278,2,0
M,297.6,309.6,53.1,1330,7,0
M,297.6,309.6,37.3,1530,10,0
H,297.6,309.6,46.6,1428,13,0
L,297.7,309.6,47.9,1480,18,0
H,297.7,309.7,31.1,1616,20,0
L,297.8,309.7,37.3,1547,25,0
L,297.9,309.7,16.8,2194,27,0
L,297.9,309.8,21.3,2000,29,0
L,297.9,309.8,71.6,1336,31,1
L,297.9,309.9,33.8,1542,33,0
M,297.9,309.8,29.9,1693,35,0
L,297.9,309.8,50.5,1461,38,0
M,298.0,309.9,33.9,1565,40,0
L,298.0,309.9,47.7,1403,43,0
L,298.1,309.9,32.5,1629,45,0
L,298.1,310.0,33.7,1534,47,0
L,298.1,310.0,40.9,1553,49,0
L,298.1,309.9,32.8,1563,51,0
L,298.1,309.9,30.0,1634,53,0
M,298.0,309.9,45.2,1445,55,0
L,298.1,309.9,30.4,1642,58,0
H,298.1,309.9,29.1,1686,60,0
M,298.1,310.0,43.1,1393,65,0
H,298.2,310.0,44.2,1433,68,0
L,298.3,310.0,44.7,1507,73,0
M,298.3,310.1,49.6,1389,75,0
L,298.3,310.1,45.3,1408,78,0
M,298.4,310.2,32.0,1725,80,0
L,298.4,310.1,23.7,1926,83,0
H,298.3,310.1,37.6,1509,85,0
L,298.3,310.1,36.3,1545,90,0
L,298.4,310.1,35.2,1533,92,0
L,298.4,310.1,42.2,1455,94,0
M,298.4,310.1,57.8,1335,96,0
L,298.3,310.1,45.9,1523,99,0
L,298.3,310.0,47.6,1460,101,0
L,298.4,310.0,37.3,1554,103,0
H,298.3,310.0,47.1,1419,105,0
L,298.3,310.0,43.9,1442,110,0
L,298.3,309.9,41.6,1507,112,0
L,298.3,310.0,23.9,1858,114,0
L,298.3,309.9,43.9,1463,116,0
L,298.2,309.7,37.4,1585,118,0
L,298.0,309.6,37.3,1536,120,0
L,298.0,309.6,51.3,1403,122,0
M,297.9,309.6,38.8,1515,124,0
L,297.9,309.5,47.9,1390,127,0
M,297.8,309.4,58.7,1226,129,0
M,297.8,309.4,36.5,1495,132,0
H,297.7,309.4,30.2,1608,135,0
L,297.7,309.4,44.1,1392,140,0
M,297.7,309.4,43.7,1461,142,0
L,297.7,309.3,36.9,1559,145,0
H,297.7,309.3,48.9,1400,147,0
M,297.7,309.2,28.8,1732,152,0
L,297.6,309.2,33.1,1611,155,0
L,297.6,309.1,38.9,1503,157,0
L,297.7,309.2,44.5,1391,159,0
L,297.8,309.3,20.1,2015,161,0
L,297.8,309.2,30.9,1683,163,0
L,297.7,309.1,38.8,1435,165,0
M,297.7,309.1,28.1,1732,167,0
L,297.7,309.2,58.6,1365,170,0
L,297.7,309.1,36.8,1562,172,0
L,297.6,309.1,49.1,1449,174,0
M,297.7,309.2,27.4,1700,176,0
M,297.6,309.0,45.6,1427,179,0
M,297.6,308.9,38.1,1479,182,0
L,297.5,308.9,44.0,1469,185,0
L,297.5,308.9,47.4,1390,187,0
L,297.5,308.9,28.1,1729,189,0
L,297.5,309.0,43.5,1470,191,0
L,297.5,308.9,48.5,1459,193,0
L,297.5,308.9,24.0,1738,195,0
H,297.5,308.9,37.7,1471,197,0
L,297.6,309.0,25.4,1822,202,0
L,297.5,308.9,34.8,1554,204,0
M,297.6,308.9,43.2,1433,206,0
L,297.6,308.9,47.7,1449,209,0
L,297.8,309.0,41.2,1456,0,0
M,297.8,309.1,45.5,1424,2,0
H,297.9,309.2,34.7,1577,5,0
L,297.9,309.2,39.7,1478,10,0
M,297.8,309.2,61.2,1295,12,0
L,297.8,309.2,47.3,1372,15,0
M,297.8,309.1,42.6,1432,17,0
M,297.7,309.0,33.2,1656,20,0
H,297.8,309.0,48.8,1410,23,0
L,297.7,309.0,24.4,1874,28,0
L,297.7,309.0,43.2,1538,30,0
M,297.7,309.0,29.7,1636,32,0
M,297.7,309.0,40.4,1504,35,0
M,297.7,309.0,42.4,1531,38,0
H,297.6,309.0,26.4,1735,41,0
H,297.6,309.0,55.6,1354,46,0
H,297.6,309.0,40.2,1413,51,0
L,297.7,309.1,39.3,1563,56,0
L,297.7,309.1,42.1,1479,58,0
L,297.7,309.1,38.3,1477,60,0
L,297.6,309.1,50.0,1394,62,0
L,297.6,309.0,45.4,1487,64,0
M,297.6,309.0,25.3,1815,66,0
M,297.6,308.8,39.7,1453,69,0
L,297.6,308.8,40.2,1539,72,0
H,297.5,308.7,39.2,1416,74,0
M,297.6,308.8,31.6,1683,79,0
L,297.7,308.8,40.1,1515,82,0
M,297.7,308.9,48.3,1531,84,0
H,297.7,308.9,40.9,1479,87,0
L,297.7,308.9,33.7,1516,92,0
L,297.7,309.0,38.2,1507,94,0
M,297.8,309.0,43.3,1434,96,0
L,297.7,308.9,27.3,1838,99,0
M,297.6,308.8,45.9,1416,101,0
M,297.6,308.8,49.7,1357,104,0
M,297.5,308.7,28.1,1697,107,0
L,297.5,308.7,46.2,1443,110,0
L,297.5,308.7,37.6,1453,112,0
L,297.4,308.6,46.4,1439,114,0
L,297.4,308.6,36.2,1609,116,0
L,297.4,308.6,59.1,1324,118,0
H,297.4,308.6,45.8,1420,120,0
L,297.4,308.7,36.9,1545,125,0
L,297.5,308.8,39.0,1477,127,0
L,297.4,308.8,58.1,1447,129,0
L,297.4,308.9,23.8,1809,131,0
L,297.5,308.9,30.9,1696,133,0
L,297.5,308.9,44.7,1427,135,0
M,297.4,308.9,46.3,1500,137,0
L,297.5,308.9,44.6,1390,140,0
L,297.4,308.8,34.2,1640,142,0
M,297.4,308.8,37.4,1628,144,0
H,297.3,308.6,37.6,1499,147,0
M,297.4,308.7,50.3,1425,152,0
L,297.3,308.6,37.7,1586,155,0
M,297.3,308.6,50.7,1471,157,0
M,297.3,308.6,53.0,1431,160,0
L,297.2,308.6,22.1,1924,163,0
M,297.1,308.4,42.0,1421,165,0
H,297.0,308.4,54.6,1305,168,0
L,296.9,308.4,32.4,1557,173,0
L,296.9,308.3,38.2,1555,175,0
H,296.9,308.3,39.2,1474,177,0
L,296.8,308.3,45.9,1506,182,0
L,296.9,308.4,41.8,1390,184,0
M,296.9,308.4,46.9,1450,186,0
L,296.9,308.3,38.8,1513,189,0
L,296.8,308.2,34.7,1643,191,0
L,296.8,308.2,53.8,1361,193,0
L,296.7,308.1,40.9,1450,195,0
L,296.7,308.0,50.7,1451,197,0
L,296.8,308.1,62.0,1289,199,1
L,296.8,308.1,48.3,1356,201,0
H,296.7,308.1,46.3,1528,203,0
L,296.6,308.0,22.3,1978,208,0
L,296.7,308.0,36.8,1535,210,0
M,296.8,308.1,24.2,1843,212,0
L,296.9,308.1,48.7,1422,215,0
L,296.8,308.0,40.4,1536,217,0
M,296.9,308.1,44.3,1483,219,0
H,296.8,308.1,43.7,1492,222,0
L,296.8,308.0,40.4,1584,227,0
L,296.9,308.1,33.7,1555,229,0
L,296.8,308.0,41.7,1497,231,0
M,296.7,307.8,36.3,1537,233,0
L,296.7,307.8,39.4,1505,236,0
L,296.7,307.8,34.6,1646,238,0
M,296.7,307.8,60.5,1286,0,0
L,296.7,307.8,47.5,1400,3,0
L,296.8,307.9,56.5,1337,5,0
L,296.9,308.0,53.9,1332,7,0
L,296.8,308.0,38.3,1561,9,0
L,296.9,308.0,31.1,1546,11,0
L,296.9,308.0,29.3,1713,13,0
L,296.9,308.0,44.5,1343,15,0
L,296.8,308.0,54.4,1391,17,0
H,296.8,308.0,58.6,1311,19,0
H,296.8,308.0,51.0,1453,24,0
L,296.8,308.0,39.4,1510,29,0
L,296.8,307.9,48.8,1448,31,0
L,296.7,307.8,46.0,1453,33,0
L,296.7,307.8,39.2,1468,35,0
L,296.7,307.8,47.5,1382,37,0
L,296.7,308.0,32.2,1580,39,0
L,296.8,308.0,29.8,1666,41,0
M,296.9,308.0,50.7,1409,43,0
L,296.8,308.0,29.7,1675,46,0
L,296.8,307.9,30.8,1698,48,0
H,296.7,307.9,33.4,1579,50,0
L,296.7,307.9,27.9,1743,55,0
M,296.9,308.0,44.8,1497,57,0
L,296.9,308.1,28.8,1741,60,0
L,296.9,308.1,45.3,1435,62,0
M,296.9,308.1,46.3,1440,64,0
M,296.9,308.0,33.3,1641,67,0
L,296.8,307.9,45.4,1420,70,0
L,296.8,307.9,35.4,1611,72,0
L,296.8,307.8,42.9,1373,74,0
M,296.8,307.9,31.8,1683,76,0
H,296.9,307.9,32.6,1547,79,0
L,296.9,307.8,37.0,1605,84,0
M,296.9,307.9,18.9,2010,86,0
L,296.8,307.7,40.1,1565,89,0
M,296.9,307.8,24.6,1828,91,0
M,297.0,307.8,34.1,1579,94,0
M,297.0,307.9,24.2,1882,97,0
L,296.9,307.8,52.1,1285,100,0
L,296.9,307.8,35.0,1571,102,0
H,296.9,307.8,37.8,1549,104,0
M,296.9,307.8,37.6,1544,109,0
M,297.0,307.9,47.4,1412,112,0
M,297.0,307.9,53.0,1422,115,0
L,297.0,307.7,22.8,1867,118,0
L,296.9,307.7,43.3,1424,120,0
L,296.9,307.6,45.7,1452,122,0
L,296.9,307.7,39.7,1550,124,0
L,296.8,307.6,37.6,1588,126,0
L,296.8,307.6,44.4,1338,128,0
L,296.8,307.6,40.0,1513,130,0
M,296.8,307.5,45.9,1470,132,0
M,296.8,307.5,36.7,1516,135,0
L,296.8,307.6,48.3,1434,138,0
L,296.8,307.6,52.0,1368,140,0
L,296.8,307.6,48.7,1304,142,0
L,296.8,307.6,46.7,1398,144,0
L,296.7,307.6,37.4,1516,146,0
L,296.7,307.6,41.7,1474,148,0
M,296.7,307.6,34.7,1547,150,0
M,296.6,307.5,39.9,1482,153,0
L,296.6,307.4,42.8,1436,156,0
L,296.6,307.3,40.0,1474,158,0
L,296.5,307.2,38.2,1481,160,0
L,296.5,307.3,42.1,1501,162,0
L,296.5,307.3,37.2,1566,164,0
L,296.5,307.3,34.5,1579,166,0
L,296.6,307.4,35.0,1631,168,0
M,296.6,307.4,42.3,1544,170,0
L,296.6,307.4,38.6,1521,173,0
L,296.6,307.4,28.0,1616,175,0
H,296.6,307.4,50.2,1333,177,0
M,296.7,307.4,32.5,1533,182,0
L,296.6,307.4,45.1,1368,185,0
L,296.6,307.4,47.8,1465,187,0
H,296.6,307.4,41.5,1406,189,0
M,296.5,307.4,43.5,1565,194,0
L,296.6,307.5,37.9,1582,197,0
L,296.6,307.5,45.5,1439,199,0
M,296.6,307.5,35.0,1566,201,0
L,296.6,307.5,42.7,1485,204,0
L,296.5,307.5,35.1,1566,206,0
L,296.3,307.3,41.5,1439,208,0
M,296.4,307.4,50.0,1416,210,0
L,296.4,307.4,5.6,2833,213,1
L,296.3,307.4,47.1,1465,215,0
H,296.4,307.4,35.5,1586,0,0
L,296.3,307.3,31.4,1567,5,0
M,296.2,307.2,48.6,1389,7,0
M,296.3,307.3,49.5,1368,10,0
L,296.3,307.3,49.0,1444,13,0
M,296.3,307.3,41.6,1498,15,0
L,296.1,307.2,30.8,1615,18,0
L,296.1,307.1,22.7,1898,20,0
M,296.1,307.1,53.3,1350,22,0
M,296.2,307.0,37.6,1516,25,0
H,296.2,307.0,40.6,1542,28,0
H,296.1,306.9,32.6,1541,33,0
M,296.1,306.9,23.3,1951,38,0
H,296.1,306.8,31.0,1645,41,0
L,296.0,306.7,44.2,1416,46,0
M,296.0,306.7,22.3,2044,48,0
L,295.9,306.6,50.2,1414,51,0
L,295.9,306.6,26.7,1678,53,0
H,295.9,306.5,33.2,1594,55,0
M,295.8,306.5,37.7,1514,60,0
L,295.8,306.5,49.2,1358,63,0
L,295.8,306.4,56.2,1325,65,0
L,295.8,306.4,53.2,1339,67,0
M,295.8,306.4,51.7,1335,69,0
L,295.9,306.4,21.7,1892,72,0
L,295.9,306.4,28.5,1575,74,0
M,295.8,306.3,45.5,1444,76,0
L,295.7,306.3,22.4,1915,79,0
M,295.6,306.2,33.6,1584,81,0
M,295.7,306.3,34.9,1685,84,0
L,295.8,306.3,54.6,1337,87,0
M,295.8,306.3,76.2,1235,89,1
L,295.7,306.2,46.2,1464,92,0
M,295.7,306.2,25.9,1739,94,0
L,295.7,306.3,34.3,1490,97,0
L,295.8,306.4,48.0,1356,99,0
L,295.7,306.2,52.0,1397,101,0
L,295.7,306.2,40.6,1458,103,0
H,295.7,306.2,16.5,2161,105,0
M,295.6,306.1,28.1,1651,110,0
L,295.6,306.1,46.2,1389,113,0
L,295.6,306.0,52.4,1370,115,0
L,295.7,306.1,47.9,1408,117,0
L,295.7,306.1,54.4,1343,119,0
M,295.7,306.2,42.5,1423,121,0
L,295.6,306.2,48.6,1426,124,0
M,295.6,306.2,51.6,1435,126,0
L,295.5,306.1,35.1,1573,129,0
L,295.6,306.2,31.2,1612,131,0
L,295.6,306.2,49.9,1446,133,0
H,295.6,306.2,55.3,1329,135,0
L,295.6,306.2,35.1,1569,140,0
H,295.6,306.1,62.3,1256,142,0
L,295.6,306.1,48.7,1383,147,0
L,295.7,306.2,14.6,2270,149,1
H,295.7,306.2,49.8,1458,151,0
L,295.6,306.1,41.2,1474,156,0
M,295.6,306.1,49.2,1462,158,0
M,295.6,306.1,29.0,1669,161,0
M,295.5,306.1,24.3,1822,164,0
L,295.5,306.0,39.2,1456,167,0
L,295.5,306.0,35.9,1546,169,0
M,295.6,306.1,42.7,1490,171,0
L,295.6,306.0,40.4,1569,174,0
L,295.5,306.0,29.5,1621,176,0
M,295.4,305.9,40.6,1518,178,0
M,295.4,305.8,38.2,1526,181,0
M,295.3,305.8,36.2,1589,184,0
L,295.3,305.7,51.0,1475,187,0
M,295.3,305.7,38.5,1473,189,0
L,295.4,305.8,50.7,1407,192,0
M,295.5,305.9,44.1,1518,194,0
H,295.5,305.9,37.2,1593,197,0
M,295.5,305.9,52.4,1380,202,0
M,295.5,306.0,45.3,1423,205,0
L,295.5,306.0,27.6,1800,208,0
H,295.6,306.1,30.9,1623,210,0
L,295.6,306.1,55.6,1372,215,1
H,295.6,306.0,52.4,1396,0,0
L,295.6,306.0,21.9,1949,5,0
L,295.6,306.0,51.1,1419,7,0
M,295.5,305.9,47.3,1453,9,0
L,295.5,305.9,36.2,1542,12,0
L,295.6,306.0,50.0,1363,14,0
L,295.5,306.0,37.2,1597,16,0
M,295.5,306.0,50.8,1326,18,0
M,295.5,306.0,36.6,1641,21,0
M,295.6,306.1,46.2,1418,24,0
L,295.6,306.2,61.8,1263,27,0
L,295.6,306.2,25.8,1823,29,0
L,295.5,306.1,40.7,1488,31,0
L,295.6,306.2,48.9,1443,33,0
L,295.6,306.2,28.2,1650,35,0
M,295.7,306.3,44.3,1462,37,0
M,295.6,306.2,45.0,1477,40,0
M,295.7,306.3,28.5,1712,43,0
M,295.7,306.3,50.4,1347,46,0
L,295.6,306.2,54.8,1287,49,0
L,295.6,306.2,44.5,1428,51,0
M,295.6,306.3,45.5,1426,53,0
L,295.6,306.3,32.7,1636,56,0
L,295.6,306.2,42.5,1424,58,0
H,295.6,306.3,35.8,1509,60,0
L,295.5,306.2,48.9,1448,65,0
L,295.5,306.1,32.8,1650,67,0
H,295.6,306.2,42.5,1414,69,0
L,295.6,306.3,20.9,1911,74,0
H,295.6,306.2,32.2,1632,76,0
M,295.7,306.4,40.1,1387,81,0
L,295.8,306.4,47.6,1399,84,0
L,295.8,306.5,35.2,1505,86,0
L,295.8,306.5,37.9,1534,88,0
L,295.8,306.5,40.5,1493,90,0
M,295.8,306.6,43.2,1480,92,0
L,295.8,306.6,31.6,1621,95,0
L,295.7,306.5,26.2,1737,97,0
L,295.8,306.6,46.5,1508,99,0
M,295.8,306.5,32.2,1641,101,0
M,295.9,306.6,38.6,1532,104,0
L,295.9,306.7,40.9,1547,107,0
L,295.9,306.6,41.0,1412,109,0
L,295.8,306.5,35.1,1568,111,0
L,295.9,306.6,41.1,1557,113,0
L,295.8,306.6,35.2,1644,115,0
L,295.9,306.6,30.4,1679,117,0
L,296.0,306.6,35.2,1511,119,0
M,296.0,306.6,36.8,1628,121,0
M,296.0,306.6,51.3,1392,124,0
L,296.0,306.7,21.0,1917,127,0
M,296.2,306.8,42.3,1526,129,0
L,296.2,306.8,53.3,1389,132,0
L,296.1,306.7,42.8,1409,134,0
L,296.2,306.8,31.1,1655,136,0
L,296.2,306.9,39.1,1516,138,0
L,296.2,306.9,34.9,1526,140,0
L,296.3,307.1,48.6,1419,142,0
L,296.4,307.2,25.3,1748,144,0
H,296.4,307.1,32.5,1638,146,0
M,296.3,307.1,33.8,1534,151,0
H,296.3,307.1,25.9,1774,154,0
M,296.2,307.0,18.3,2119,159,0
L,296.2,307.0,48.3,1414,162,0
M,296.1,307.0,42.0,1523,164,0
L,296.1,307.1,35.7,1651,167,0
M,296.1,307.1,36.0,1485,169,0
M,296.2,307.2,63.4,1168,172,0
L,296.3,307.3,35.8,1566,175,0
M,296.3,307.2,51.1,1286,177,0
M,296.3,307.2,45.9,1446,180,0
M,296.4,307.2,19.4,2071,183,0
L,296.3,307.1,33.2,1560,186,0
L,296.3,307.1,29.6,1654,188,0
L,296.3,307.1,32.9,1662,190,0
L,296.3,307.2,35.0,1646,192,0
L,296.2,307.1,46.7,1444,194,0
H,296.3,307.2,42.0,1424,196,0
L,296.2,307.2,52.0,1382,201,0
L,296.2,307.1,53.4,1413,203,0
M,296.2,307.2,31.1,1633,0,0
L,296.2,307.1,41.7,1441,3,0
M,296.2,307.2,44.0,1385,5,0
M,296.2,307.2,34.8,1552,8,0
M,296.2,307.3,42.8,1451,11,0
M,296.1,307.1,38.5,1433,14,0
M,296.1,307.2,29.7,1619,17,0
L,296.2,307.2,41.8,1445,20,0
L,296.2,307.2,43.6,1356,22,0
M,296.3,307.2,68.3,1319,24,1
L,296.3,307.2,31.6,1637,27,0
L,296.3,307.2,58.6,1291,29,0
L,296.3,307.3,52.7,1398,31,0
L,296.3,307.3,57.7,1372,33,0
M,296.3,307.2,42.5,1454,35,0
L,296.2,307.2,36.5,1515,38,0
L,296.2,307.3,24.3,1881,40,0
L,296.2,307.3,29.9,1711,42,0
L,296.2,307.3,37.0,1475,44,0
L,296.4,307.4,36.8,1512,46,0
M,296.3,307.4,50.5,1335,48,0
L,296.3,307.4,39.9,1472,51,0
M,296.2,307.3,35.2,1477,53,0
L,296.3,307.4,28.4,1760,56,0
L,296.4,307.5,36.1,1549,58,0
L,296.3,307.4,34.0,1648,60,0
H,296.4,307.5,38.0,1556,62,0
M,296.3,307.4,19.1,1958,67,0
L,296.4,307.4,48.4,1403,70,0
M,296.4,307.5,31.4,1684,72,0
H,296.4,307.5,35.1,1596,75,0
L,296.6,307.6,41.1,1498,80,0
L,296.7,307.7,36.8,1524,82,0
L,296.7,307.7,43.9,1502,84,0
L,296.6,307.6,25.1,1809,86,0
L,296.6,307.6,37.4,1542,88,0
L,296.5,307.6,45.2,1431,90,0
L,296.5,307.6,43.6,1512,92,0
H,296.4,307.5,52.8,1403,94,0
L,296.4,307.5,47.8,1331,99,0
M,296.6,307.7,52.6,1474,101,0
L,296.5,307.6,33.5,1607,104,0
L,296.5,307.6,44.2,1415,106,0
L,296.6,307.6,28.8,1671,108,0
L,296.6,307.7,37.7,1556,110,0
L,296.7,307.7,23.9,1927,112,0
M,296.7,307.7,32.1,1597,114,0
H,296.8,307.8,30.5,1627,117,0
L,296.8,307.8,39.4,1480,122,0
L,296.8,307.8,39.5,1565,124,0
L,296.8,307.8,36.4,1573,126,0
L,296.7,307.8,31.3,1605,128,0
M,296.7,307.9,21.3,1874,130,0
H,296.7,307.9,53.8,1424,133,0
L,296.7,307.9,50.1,1420,138,0
L,296.8,307.9,49.0,1372,140,0
M,296.8,307.8,32.8,1664,142,0
M,296.8,307.9,44.3,1409,145,0
L,296.8,307.9,25.2,1718,148,0
M,296.9,307.8,40.3,1544,150,0
L,296.9,307.8,45.7,1466,153,0
L,296.8,307.8,47.7,1394,155,0
M,296.9,307.8,24.6,1840,157,0
M,296.9,307.8,37.2,1477,160,0
L,296.9,307.8,49.1,1425,163,0
M,297.0,307.9,46.2,1414,165,0
L,297.0,307.8,47.5,1414,168,0
L,297.0,307.9,31.7,1595,170,0
H,296.9,307.8,54.5,1345,172,0
L,296.9,307.7,35.9,1653,177,0
L,296.8,307.6,36.5,1547,179,0
H,296.9,307.7,30.8,1656,181,0
L,297.0,307.7,28.5,1731,186,0
L,297.0,307.8,28.0,1774,188,0
L,297.0,307.8,40.2,1521,190,0
H,297.1,307.9,39.8,1420,192,0
L,297.0,307.8,32.3,1683,197,0
M,297.0,307.7,47.1,1498,199,0
L,297.0,307.8,56.4,1385,202,1
L,297.0,307.9,49.0,1455,204,0
H,296.9,307.8,35.8,1549,206,1
M,296.9,307.8,43.9,1392,0,0
M,296.9,307.7,17.5,2008,3,0
L,296.9,307.7,41.4,1464,6,0
L,297.0,307.7,46.4,1447,8,0
M,296.9,307.6,32.0,1685,10,0
M,296.8,307.5,39.2,1443,13,0
L,296.9,307.5,44.4,1354,16,0
L,296.9,307.5,9.3,2721,18,1
L,297.0,307.6,35.8,1680,20,0
H,296.9,307.5,48.3,1397,22,0
M,296.9,307.4,37.9,1521,27,0
M,296.8,307.4,43.9,1472,30,0
H,296.8,307.5,30.0,1695,33,0
H,296.7,307.5,33.6,1607,38,0
L,296.8,307.5,54.8,1347,43,0
M,296.7,307.4,38.7,1540,45,0
L,296.6,307.4,42.7,1389,48,0
M,296.6,307.5,27.0,1734,50,0
L,296.7,307.6,38.6,1540,53,0
M,296.7,307.5,42.1,1515,55,0
L,296.6,307.4,45.8,1504,58,0
L,296.6,307.5,35.1,1557,60,0
L,296.5,307.4,52.5,1292,62,0
H,296.5,307.4,49.2,1432,64,0
M,296.5,307.4,55.6,1350,69,0
M,296.6,307.4,25.8,1790,72,0
H,296.4,307.3,37.4,1540,75,0
M,296.4,307.3,19.1,2077,80,0
L,296.4,307.3,37.5,1487,83,0
L,296.5,307.4,40.7,1523,85,0
L,296.5,307.5,41.8,1443,87,0
L,296.5,307.5,59.1,1340,89,0
H,296.6,307.7,31.0,1654,91,0
L,296.6,307.6,40.2,1459,96,0
L,296.5,307.6,38.5,1541,98,0
H,296.6,307.7,62.3,1386,100,1
M,296.7,307.8,69.0,1258,105,1
M,296.7,307.8,51.4,1375,108,0
L,296.8,307.9,30.8,1706,111,0
M,296.7,307.8,32.4,1672,113,0
M,296.8,307.9,25.2,1843,116,0
L,296.7,307.9,29.6,1690,119,0
L,296.8,307.9,46.5,1413,121,0
L,296.8,307.9,33.4,1489,123,0
L,296.8,307.9,61.4,1271,125,0
M,296.8,307.9,47.9,1418,127,0
M,296.9,307.8,50.7,1426,130,0
L,296.9,307.9,39.2,1535,133,0
L,296.9,307.8,38.1,1557,135,0
L,296.9,307.8,29.7,1653,137,0
L,296.9,307.9,41.6,1435,139,0
M,297.0,307.9,33.3,1569,141,0
M,296.9,307.9,44.8,1385,144,0
L,297.0,307.9,31.6,1635,147,0
L,296.9,307.9,43.9,1423,149,0
L,297.0,307.9,39.2,1479,151,0
L,297.0,307.9,69.1,1296,153,1
L,297.0,307.8,33.3,1553,155,0
L,297.0,307.9,42.2,1529,157,0
M,297.1,308.0,25.6,1690,159,0
L,297.1,308.0,58.0,1348,162,0
L,297.2,308.1,38.5,1446,164,0
L,297.1,307.9,50.0,1456,166,0
L,297.0,307.9,47.7,1350,168,0
L,297.1,307.9,38.3,1507,170,0
H,297.0,307.9,45.6,1448,172,0
L,296.9,307.9,29.9,1626,177,0
H,297.0,307.9,27.3,1846,179,0
H,297.0,307.8,40.7,1404,184,0
L,297.0,307.8,37.2,1583,189,0
L,297.0,307.9,47.7,1436,191,0
L,297.0,307.8,35.6,1609,193,0
H,297.0,307.7,23.8,1834,195,0
L,297.0,307.8,61.2,1316,200,1
L,296.9,307.8,57.1,1400,202,1
L,296.9,307.9,47.1,1367,204,0
L,297.1,308.1,30.3,1754,206,0
L,297.1,308.1,34.6,1487,208,0
M,297.1,308.1,37.7,1506,210,0
L,297.0,308.1,52.5,1362,213,1
L,297.1,308.1,36.8,1584,215,0
L,297.0,308.1,43.7,1355,217,0
M,297.1,308.1,24.3,1823,219,0
H,297.0,308.1,41.4,1517,222,0
L,297.1,308.1,36.6,1446,227,0
H,297.1,308.0,38.8,1559,229,0
M,297.1,308.1,44.4,1352,0,0
M,297.2,308.3,37.8,1578,3,0
M,297.2,308.3,42.0,1429,6,0
M,297.2,308.3,39.4,1604,9,0
L,297.3,308.5,60.4,1398,12,0
L,297.3,308.4,43.4,1441,14,0
H,297.3,308.4,35.6,1531,16,0
L,297.2,308.3,52.1,1379,21,0
L,297.3,308.3,48.1,1410,23,0
L,297.3,308.4,40.5,1513,25,0
L,297.3,308.5,47.5,1497,27,0
L,297.3,308.4,46.5,1491,29,0
L,297.3,308.4,47.8,1417,31,0
M,297.4,308.6,38.0,1522,33,0
L,297.3,308.4,52.1,1339,36,0
M,297.2,308.3,27.5,1794,38,0
L,297.2,308.4,42.1,1460,41,0
M,297.2,308.3,28.0,1776,43,0
M,297.2,308.3,43.7,1431,46,0
L,297.1,308.2,50.8,1347,49,0
M,297.0,308.1,43.1,1507,51,0
M,297.0,308.0,47.9,1408,54,0
M,297.0,307.9,34.7,1493,57,0
M,296.9,307.9,47.6,1441,60,0
H,296.9,307.9,36.5,1557,63,0
M,296.9,307.9,20.4,1979,68,0
M,296.9,308.0,55.9,1430,71,0
L,296.9,308.0,41.0,1658,74,0
M,297.0,308.1,51.4,1355,76,0
H,297.0,308.1,47.6,1410,79,0
L,296.9,308.0,34.5,1521,84,0
L,296.8,308.0,54.5,1371,86,0
H,296.9,308.0,53.5,1318,88,0
M,297.0,308.1,34.9,1573,93,0
L,297.0,308.1,44.1,1489,96,0
H,297.0,308.1,13.3,2540,98,0
L,297.0,308.1,39.0,1537,103,0
H,296.9,308.0,46.9,1416,105,0
L,296.9,307.9,56.5,1359,110,0
M,296.8,307.8,38.9,1551,112,0
M,296.8,307.8,33.0,1694,115,0
L,296.8,307.9,28.4,1709,118,0
L,296.9,308.0,41.0,1514,120,0
L,297.0,308.1,43.5,1455,122,0
M,297.0,308.2,30.7,1702,124,0
M,296.9,308.1,41.8,1357,127,0
L,297.0,308.2,29.4,1577,130,0
M,297.0,308.3,46.4,1399,132,0
L,297.0,308.3,59.0,1399,135,0
L,297.0,308.3,48.1,1492,137,0
L,297.1,308.3,25.7,1763,139,0
H,297.1,308.3,41.5,1492,141,0
L,297.1,308.4,42.5,1488,146,0
L,297.1,308.4,42.1,1422,148,0
M,297.1,308.4,38.2,1583,150,0
L,297.1,308.4,53.5,1304,153,0
M,297.1,308.4,23.5,1880,155,0
M,297.2,308.5,40.7,1604,158,0
L,297.2,308.6,37.1,1500,161,0
M,297.2,308.5,55.6,1364,163,0
H,297.2,308.5,14.0,2440,166,0
H,297.1,308.4,31.4,1654,171,0
H,297.1,308.4,46.6,1359,176,0
M,297.1,308.4,37.3,1502,181,0
M,297.1,308.4,32.6,1615,184,0
H,297.2,308.5,39.3,1482,187,0
L,297.2,308.6,31.3,1636,192,0
M,297.1,308.5,32.4,1621,194,0
L,297.1,308.4,44.4,1468,197,0
M,297.1,308.4,53.4,1432,199,0
L,297.1,308.4,28.4,1726,202,0
M,297.1,308.4,33.4,1588,204,0
H,297.2,308.5,33.3,1653,207,0
L,297.2,308.5,42.9,1513,212,0
L,297.2,308.6,40.2,1489,214,0
L,297.3,308.7,36.8,1467,216,0
L,297.3,308.7,36.1,1549,218,0
M,297.4,308.8,48.7,1359,220,0
L,297.5,308.8,41.5,1533,223,0
L,297.5,308.8,57.3,1309,0,0
H,297.5,308.8,49.4,1430,2,0
H,297.5,308.9,50.7,1419,7,0
M,297.5,308.9,37.7,1535,12,0
L,297.5,308.9,43.0,1466,15,0
L,297.5,308.9,50.4,1427,17,0
M,297.5,308.9,48.5,1280,19,0
L,297.6,309.0,33.8,1528,22,0
H,297.6,309.0,25.2,1885,24,0
H,297.8,309.2,33.0,1648,29,0
L,297.8,309.2,56.9,1400,34,0
M,297.8,309.3,15.7,2243,36,0
L,297.9,309.4,35.7,1558,39,0
L,298.0,309.6,34.8,1633,41,0
M,298.1,309.6,38.7,1549,43,0
L,298.0,309.5,45.8,1496,46,0
L,298.1,309.5,41.8,1467,48,0
M,298.0,309.4,65.9,1276,50,0
H,298.0,309.4,40.5,1490,53,0
H,298.0,309.4,38.1,1562,58,0
L,298.1,309.4,48.2,1397,63,0
H,298.1,309.5,40.2,1530,65,0
M,298.1,309.4,47.6,1362,70,0
M,298.2,309.4,34.4,1693,73,0
M,298.2,309.4,46.5,1408,76,0
L,298.2,309.4,52.9,1398,79,0
M,298.3,309.6,40.1,1531,81,0
H,298.3,309.5,37.1,1521,84,0
H,298.3,309.5,54.3,1427,89,0
L,298.3,309.4,36.1,1546,94,0
L,298.3,309.4,45.4,1356,96,0
L,298.4,309.5,15.3,2153,98,1
M,298.5,309.6,41.7,1492,100,0
L,298.5,309.6,40.3,1582,103,0
L,298.5,309.6,41.5,1419,105,0
M,298.5,309.6,48.2,1441,107,0
M,298.6,309.7,32.2,1635,110,0
L,298.6,309.7,45.8,1429,113,0
M,298.6,309.7,28.4,1675,115,0
M,298.7,309.7,23.8,1868,118,0
H,298.7,309.8,33.4,1582,121,0
L,298.8,309.9,40.3,1486,126,0
L,298.7,309.8,54.3,1402,128,0
L,298.7,309.9,34.1,1621,130,0
L,298.8,309.9,42.4,1428,132,0
M,298.7,309.8,53.6,1343,134,0
M,298.7,309.9,40.2,1458,137,0
L,298.7,309.8,57.0,1322,140,0
L,298.7,309.9,32.8,1483,142,0
L,298.6,309.8,45.7,1505,144,0
L,298.7,309.9,42.5,1593,146,0
L,298.8,310.0,19.6,2098,148,0
L,298.8,310.0,30.4,1672,150,0
L,298.8,310.0,41.4,1487,152,0
L,298.8,310.0,42.1,1423,154,0
L,298.9,310.1,25.0,1750,156,0
L,298.9,310.2,31.1,1654,158,0
L,298.9,310.2,50.2,1498,160,0
L,298.9,310.1,30.2,1587,162,0
L,298.9,310.1,42.6,1473,164,0
L,298.9,310.2,56.9,1359,166,0
M,299.0,310.3,34.5,1635,168,0
L,299.0,310.3,45.0,1520,171,0
L,299.0,310.3,36.7,1507,173,0
L,299.0,310.3,46.3,1428,175,0
M,299.0,310.3,33.3,1582,177,0
L,299.0,310.3,24.4,1929,180,0
M,299.0,310.3,38.1,1540,182,0
L,298.9,310.2,53.0,1362,185,0
H,298.9,310.1,49.9,1452,187,0
L,298.9,310.1,51.7,1361,192,0
M,298.8,310.1,74.5,1243,194,1
H,298.8,310.1,36.8,1567,197,0
L,298.9,310.2,46.5,1411,202,0
L,298.8,310.2,26.8,1814,204,0
M,298.8,310.1,28.8,1719,206,0
H,298.8,310.2,30.4,1663,209,0
L,298.9,310.2,30.2,1696,214,0
H,298.9,310.2,26.8,1771,216,0
L,299.0,310.3,24.0,1868,221,0
M,299.0,310.3,35.4,1558,223,0
L,299.0,310.4,49.1,1365,226,1
L,299.0,310.4,53.8,1371,228,1
L,298.9,310.3,32.6,1583,230,0
H,298.7,310.2,36.0,1613,0,0
L,298.6,310.1,27.2,1721,5,0
M,298.6,310.2,31.5,1668,7,0
L,298.6,310.2,36.3,1569,10,0
M,298.6,310.2,50.5,1328,12,0
M,298.6,310.1,33.0,1596,15,0
L,298.5,310.2,32.7,1676,18,0
L,298.5,310.1,28.9,1809,20,0
L,298.5,310.0,26.1,1804,22,0
L,298.6,310.1,33.9,1533,24,0
L,298.7,310.2,27.3,1717,26,0
L,298.7,310.2,45.5,1363,28,0
L,298.7,310.2,45.9,1402,30,0
L,298.7,310.2,47.5,1436,32,0
L,298.7,310.2,43.7,1525,34,0
M,298.7,310.2,33.3,1598,36,0
M,298.6,310.1,48.1,1444,39,0
L,298.6,310.0,48.0,1334,42,0
M,298.6,310.0,35.5,1681,44,0
L,298.6,309.9,37.4,1593,47,0
L,298.6,309.9,45.7,1461,49,0
M,298.7,310.1,31.9,1693,51,0
L,298.7,310.2,50.3,1404,54,0
H,298.8,310.2,27.6,1707,56,0
M,298.6,310.1,41.9,1458,61,0
L,298.6,310.0,41.2,1517,64,0
L,298.7,310.1,54.6,1433,66,0
L,298.7,310.2,33.1,1566,68,0
L,298.7,310.1,33.5,1676,70,0
M,298.7,310.1,56.8,1368,72,0
M,298.8,310.2,37.5,1581,75,0
H,298.8,310.3,27.1,1708,78,0
M,298.7,310.3,41.5,1481,83,0
L,298.7,310.3,40.0,1451,86,0
M,298.7,310.3,38.7,1495,88,0
M,298.8,310.3,41.8,1573,91,0
M,298.8,310.3,59.0,1366,94,0
L,298.8,310.3,36.8,1553,97,0
M,298.8,310.3,37.1,1528,99,0
M,298.8,310.2,31.2,1527,102,0
L,298.8,310.2,46.7,1461,105,0
H,298.8,310.2,44.9,1455,107,0
L,298.7,310.1,34.8,1620,112,0
L,298.7,310.1,27.7,1786,114,0
M,298.8,310.2,35.7,1583,116,0
L,298.8,310.1,30.3,1653,119,0
M,298.9,310.2,49.0,1331,121,0
L,298.9,310.3,43.8,1484,124,0
M,298.9,310.2,36.1,1603,126,0
L,298.9,310.2,40.0,1445,129,0
L,298.9,310.1,26.1,1823,131,0
H,298.9,310.1,45.3,1491,133,0
L,298.9,310.2,42.8,1533,138,0
L,298.9,310.2,54.8,1409,140,0
L,298.9,310.2,8.8,2737,142,1
M,299.0,310.3,46.6,1494,144,0
L,299.1,310.4,33.3,1594,147,0
L,299.1,310.4,44.0,1527,149,0
L,299.1,310.4,39.7,1452,151,0
L,299.0,310.3,39.2,1483,153,0
L,299.1,310.2,38.2,1569,155,0
L,299.1,310.3,46.6,1472,157,0
L,299.0,310.2,43.5,1533,159,0
H,298.9,310.1,62.7,1366,161,0
H,298.9,310.2,37.7,1532,166,0
M,298.9,310.1,56.8,1313,171,0
L,299.0,310.2,48.0,1372,174,0
M,298.9,310.1,40.6,1555,176,0
L,298.9,310.1,42.7,1394,179,0
L,298.9,310.1,48.0,1442,181,0
L,298.9,310.0,33.8,1564,183,0
L,298.9,310.0,48.9,1452,185,0
L,298.9,310.1,42.5,1466,187,0
M,298.9,310.1,53.2,1469,189,0
L,298.9,310.1,23.4,1944,192,0
M,298.8,309.9,53.2,1415,194,0
M,298.7,309.8,36.7,1528,197,0
M,298.7,309.8,42.1,1570,200,0
L,298.7,309.9,33.0,1617,203,0
M,298.7,309.9,18.2,2083,205,0
L,298.7,309.9,38.5,1541,208,0
L,298.8,309.9,47.4,1320,210,0
L,298.7,309.8,53.3,1354,212,1
M,298.8,309.9,35.2,1495,214,0
L,298.7,309.8,31.8,1589,217,0
L,298.7,309.8,35.5,1530,0,0
L,298.7,309.8,33.4,1539,2,0
L,298.7,309.7,46.8,1462,4,0
L,298.6,309.7,54.0,1356,6,0
M,298.7,309.7,34.6,1622,8,0
L,298.7,309.8,40.3,1394,11,0
L,298.8,309.9,33.7,1568,13,0
M,298.9,310.0,43.8,1456,15,0
L,298.9,310.0,49.3,1378,18,0
M,298.9,309.9,41.4,1404,20,0
L,298.8,309.8,42.8,1437,23,0
L,298.8,309.8,44.0,1363,25,0
M,298.8,309.8,49.6,1377,27,0
H,298.8,309.9,42.1,1526,30,0
H,298.8,309.8,44.2,1510,35,0
H,298.8,309.9,45.2,1439,40,1
L,298.8,309.9,39.1,1482,45,0
M,298.8,309.8,37.0,1534,47,0
M,298.8,309.9,27.7,1741,50,0
L,298.8,309.9,38.8,1550,53,0
M,298.8,310.0,38.5,1486,55,0
L,298.9,310.1,38.2,1602,58,0
L,299.0,310.2,37.9,1477,60,0
L,299.0,310.1,29.2,1618,62,0
M,299.0,310.2,35.8,1628,64,0
M,299.0,310.3,33.6,1662,67,0
M,299.0,310.3,31.0,1657,70,0
H,299.0,310.4,30.8,1677,73,0
M,299.0,310.3,39.9,1447,78,0
L,298.9,310.4,25.4,1831,81,0
L,299.0,310.3,34.4,1584,83,0
L,299.1,310.4,40.9,1450,85,0
L,299.1,310.4,46.9,1428,87,0
L,299.0,310.4,53.0,1382,89,0
L,299.0,310.3,43.0,1501,91,0
L,299.0,310.3,42.4,1475,93,0
L,298.9,310.3,54.0,1364,95,0
L,299.0,310.3,36.1,1472,97,0
L,299.0,310.3,47.8,1437,99,0
L,298.9,310.2,45.1,1491,101,0
L,298.9,310.2,27.6,1706,103,0
L,298.8,310.1,39.5,1607,105,0
L,298.8,310.0,46.3,1412,107,0
L,298.7,309.8,40.9,1546,109,0
L,298.7,309.8,50.5,1365,111,0
L,298.6,309.8,30.2,1544,113,0
M,298.6,309.8,44.9,1419,115,0
L,298.6,309.8,41.6,1497,118,0
L,298.5,309.7,42.6,1437,120,0
L,298.5,309.6,53.6,1421,122,0
M,298.5,309.6,44.5,1438,124,0
M,298.5,309.5,48.9,1315,127,0
M,298.5,309.5,61.9,1366,130,0
M,298.4,309.5,35.4,1519,133,0
L,298.4,309.5,28.3,1692,136,0
L,298.3,309.4,35.6,1570,138,0
L,298.3,309.4,35.8,1568,140,0
L,298.2,309.3,43.8,1355,142,0
M,298.2,309.3,18.7,2056,144,0
M,298.2,309.2,60.2,1332,147,0
M,298.1,309.1,52.5,1448,150,0
L,298.0,308.9,35.6,1578,153,0
M,298.0,309.0,39.2,1562,155,0
M,298.1,309.0,19.3,1976,158,0
M,298.2,309.2,34.6,1524,161,0
L,298.2,309.1,48.5,1429,164,0
L,298.2,309.1,36.3,1568,166,0
M,298.2,309.0,26.6,1723,168,0
L,298.2,309.0,43.8,1341,171,0
M,298.1,308.9,46.2,1353,173,0
M,298.0,308.7,58.5,1479,176,1
L,298.0,308.8,44.9,1496,179,0
M,298.0,308.7,48.5,1377,181,0
H,297.9,308.5,44.6,1383,184,0
L,298.0,308.7,69.4,1268,189,1
L,298.0,308.7,34.3,1629,191,0
L,298.0,308.8,27.2,1790,193,0
M,298.1,308.8,16.3,2206,195,0
M,298.0,308.7,17.4,2101,198,0
M,298.0,308.7,48.2,1436,201,0
L,298.0,308.7,48.2,1462,204,0
L,298.0,308.7,26.2,1771,206,0
L,298.0,308.7,47.0,1506,208,0
L,298.0,308.7,36.7,1626,210,0
L,298.0,308.8,33.7,1610,212,0
M,298.0,308.6,55.7,1376,214,0
M,298.0,308.6,37.3,1507,217,0
L,298.0,308.5,37.7,1429,220,1
M,298.1,308.7,38.9,1547,0,0
L,298.1,308.7,30.3,1642,3,0
H,298.0,308.7,36.3,1503,5,0
L,298.1,308.7,32.9,1568,10,0
M,298.1,308.8,37.6,1628,12,0
M,298.2,308.9,35.5,1614,15,0
L,298.2,308.9,54.0,1278,18,0
M,298.2,308.9,38.8,1408,20,0
H,298.2,309.0,55.7,1371,23,0
M,298.2,308.9,38.5,1512,28,0
L,298.3,309.1,40.1,1472,31,0
M,298.2,308.9,34.3,1585,33,0
H,298.2,309.0,37.7,1562,36,0
L,298.3,309.0,36.9,1519,41,0
L,298.2,309.0,35.8,1601,43,0
L,298.2,309.0,13.8,2449,45,0
L,298.1,309.0,27.6,1787,47,0
H,298.1,309.1,44.5,1425,49,0
L,298.1,309.0,34.0,1559,54,0
L,298.1,309.0,36.0,1557,56,0
L,298.1,309.0,40.5,1497,58,0
H,298.1,309.0,41.4,1438,60,0
M,298.1,308.9,39.2,1417,65,0
M,298.0,308.9,51.4,1339,68,0
L,298.0,308.8,29.1,1757,71,0
L,298.0,308.8,36.1,1581,73,0
M,298.2,308.9,54.4,1326,75,0
M,298.4,309.1,39.6,1467,78,0
L,298.4,309.1,29.6,1798,81,0
M,298.5,309.2,46.4,1449,83,0
M,298.4,309.1,39.3,1525,86,0
L,298.4,309.0,15.1,2304,89,0
L,298.3,308.9,54.7,1379,91,0
L,298.4,308.9,34.9,1628,93,0
L,298.4,309.0,52.7,1474,95,0
M,298.4,309.0,38.8,1544,97,0
L,298.4,308.9,48.4,1391,100,0
L,298.3,308.9,55.5,1348,102,0
M,298.3,308.8,52.1,1349,104,0
L,298.4,308.9,29.5,1706,107,0
L,298.4,308.9,32.4,1638,109,0
L,298.4,308.8,40.1,1458,111,0
L,298.5,308.9,27.8,1781,113,0
L,298.5,308.8,59.1,1332,115,0
M,298.4,308.7,31.7,1584,117,0
L,298.4,308.6,42.0,1491,120,0
H,298.4,308.5,47.1,1398,122,0
L,298.3,308.4,30.6,1585,127,0
M,298.2,308.3,43.5,1476,129,0
L,298.2,308.3,41.8,1458,132,0
M,298.2,308.4,39.9,1510,134,0
L,298.2,308.4,53.8,1388,137,0
L,298.2,308.3,16.8,2216,139,0
L,298.2,308.3,51.0,1402,141,0
M,298.0,308.2,19.0,2090,143,0
L,298.0,308.2,42.1,1459,146,0
M,298.0,308.1,44.8,1403,148,0
L,298.1,308.2,39.3,1521,151,0
L,298.2,308.2,47.1,1407,153,0
M,298.1,308.2,35.3,1654,155,0
L,298.2,308.4,43.5,1452,158,0
L,298.3,308.4,37.3,1528,160,0
L,298.2,308.3,59.6,1230,162,0
L,298.2,308.2,42.4,1466,164,0
L,298.2,308.2,50.1,1478,166,0
L,298.2,308.3,18.0,2057,168,0
L,298.3,308.4,41.7,1490,170,0
L,298.3,308.4,43.4,1484,172,0
L,298.3,308.4,37.0,1593,174,0
L,298.3,308.3,43.8,1444,176,0
M,298.3,308.4,47.5,1444,178,0
M,298.2,308.3,33.0,1560,181,0
H,298.1,308.3,42.0,1530,184,0
L,298.2,308.4,61.0,1310,189,1
M,298.2,308.3,33.3,1639,191,0
L,298.2,308.3,48.7,1400,194,0
M,298.3,308.4,44.2,1486,196,0
M,298.2,308.3,43.3,1448,199,0
L,298.2,308.3,32.0,1688,202,0
M,298.1,308.3,41.5,1453,204,0
L,298.2,308.4,37.7,1497,207,0
L,298.2,308.4,49.4,1355,209,0
L,298.1,308.4,38.2,1592,211,0
L,298.0,308.3,34.7,1544,213,0
M,298.0,308.2,51.2,1373,215,0
L,298.0,308.2,52.9,1365,218,1
L,298.0,308.1,24.3,1877,0,0
L,297.9,308.1,40.8,1531,2,0
L,297.9,308.0,36.7,1501,4,0
L,297.9,308.0,46.2,1490,6,0
M,297.8,307.8,43.7,1543,8,0
L,297.8,307.8,38.2,1597,11,0
H,297.8,307.9,33.5,1600,13,0
M,297.8,307.8,32.1,1622,18,0
L,297.8,307.8,39.8,1452,21,0
L,297.8,307.8,42.5,1396,23,0
L,297.8,307.7,39.7,1505,25,0
L,297.8,307.8,48.3,1412,27,0
L,297.8,307.7,38.0,1393,29,0
L,297.7,307.7,34.9,1581,31,0
L,297.8,307.8,37.9,1573,33,0
M,297.8,307.9,27.3,1726,35,0
M,297.9,307.9,39.8,1540,38,0
L,297.9,308.0,62.9,1296,41,0
M,297.8,307.9,25.8,1802,43,0
L,297.8,307.9,48.6,1447,46,0
H,297.8,307.8,30.7,1662,48,0
L,297.8,307.8,34.3,1563,53,0
L,297.9,307.8,59.5,1286,55,0
L,297.9,307.7,34.6,1590,57,0
L,297.9,307.7,43.7,1492,59,0
L,297.7,307.6,21.9,1844,61,0
H,297.7,307.6,38.3,1538,63,0
L,297.7,307.6,22.9,1921,68,0
M,297.8,307.8,57.9,1310,70,0
L,297.9,307.8,46.9,1365,73,0
M,297.9,307.8,59.3,1303,75,0
L,297.9,307.8,37.5,1499,78,0
L,297.9,307.8,38.2,1451,80,0
M,297.9,307.9,54.4,1336,82,0
L,297.9,307.9,44.5,1412,85,0
L,298.0,308.0,39.2,1433,87,0
L,297.9,307.9,43.6,1426,89,0
L,297.9,307.9,45.2,1476,91,0
H,297.9,307.9,58.5,1406,93,0
L,297.8,307.8,56.5,1383,98,0
L,297.9,307.8,37.3,1505,100,0
L,297.9,307.8,33.9,1665,102,0
L,297.9,307.8,45.0,1397,104,0
M,297.9,307.8,43.5,1450,106,0
L,298.0,307.8,36.4,1567,109,0
M,298.0,308.0,37.0,1555,111,0
H,298.0,307.8,35.4,1588,114,0
L,298.0,307.8,37.7,1453,119,0
L,298.0,307.8,33.3,1622,121,0
L,297.9,307.8,38.5,1538,123,0
M,297.9,307.7,42.8,1527,125,0
L,297.8,307.8,28.9,1761,128,0
L,297.9,307.8,50.2,1373,130,0
H,298.0,307.9,37.8,1482,132,0
M,298.0,307.9,51.0,1417,137,0
L,298.0,307.8,51.7,1414,140,0
H,297.9,307.8,34.0,1635,142,0
L,298.0,307.8,57.3,1386,147,0
L,298.2,308.1,62.3,1379,149,0
M,298.2,308.0,35.9,1577,151,0
L,298.2,308.1,42.5,1532,154,0
M,298.1,308.0,48.8,1374,156,0
H,298.1,308.0,35.3,1570,159,0
L,298.1,308.0,31.0,1697,164,0
L,298.2,308.0,44.1,1499,166,0
M,298.2,308.0,47.2,1411,168,0
H,298.2,307.9,45.5,1462,171,0
M,298.1,307.9,28.6,1759,176,0
L,298.2,308.0,38.0,1535,179,0
H,298.2,307.9,39.7,1491,181,0
L,298.2,307.9,36.0,1551,186,0
L,298.2,307.9,27.2,1769,188,0
L,298.2,307.9,34.1,1551,190,0
L,298.2,307.9,31.4,1544,192,0
L,298.2,307.8,31.1,1528,194,0
L,298.1,307.9,35.8,1614,196,0
L,298.1,307.8,49.8,1432,198,0
M,298.1,307.8,43.7,1384,200,0
L,298.1,307.8,37.8,1540,203,0
L,298.0,307.7,43.9,1407,205,0
H,297.9,307.6,43.0,1418,207,0
M,297.9,307.5,30.8,1647,212,0
L,298.0,307.5,32.8,1644,215,0
L,298.0,307.5,27.9,1792,217,0
M,297.9,307.4,34.6,1610,219,0
M,297.8,307.3,26.0,1804,222,0
H,297.9,307.4,36.1,1604,225,1
M,297.9,307.4,52.8,1403,0,0
L,297.8,307.3,44.5,1438,3,0
L,297.9,307.3,26.3,1824,5,0
H,297.9,307.3,28.7,1663,7,0
L,297.9,307.3,36.7,1502,12,0
L,297.9,307.4,35.5,1606,14,0
L,297.9,307.5,37.7,1561,16,0
M,297.9,307.4,42.9,1435,18,0
L,297.9,307.5,38.3,1602,21,0
M,298.1,307.6,27.7,1764,23,0
H,298.0,307.5,27.8,1683,26,0
L,298.0,307.5,35.2,1618,31,0
L,298.0,307.6,41.6,1509,33,0
L,297.9,307.6,39.0,1550,35,0
M,297.9,307.6,44.0,1519,37,0
L,297.9,307.6,38.0,1481,40,0
L,298.1,307.7,48.3,1289,42,0
M,298.0,307.6,23.8,1844,44,0
L,298.0,307.7,42.5,1479,47,0
L,298.0,307.7,47.3,1430,49,0
M,298.1,307.8,36.7,1636,51,0
M,298.1,307.8,44.7,1503,54,0
M,298.1,307.8,32.6,1608,57,0
L,298.2,307.8,42.9,1521,60,0
L,298.2,307.8,41.6,1439,62,0
L,298.2,307.8,31.5,1627,64,0
L,298.2,307.8,26.1,1749,66,0
L,298.2,307.8,35.9,1530,68,0
L,298.2,307.8,51.3,1355,70,0
L,298.3,307.9,33.8,1551,72,0
L,298.2,307.8,46.7,1515,74,0
L,298.2,307.8,48.6,1388,76,0
L,298.2,307.8,34.6,1585,78,0
L,298.1,307.7,37.7,1523,80,0
L,298.2,307.6,54.5,1369,82,0
M,298.2,307.7,31.0,1681,84,0
L,298.2,307.7,38.3,1503,87,0
L,298.2,307.7,44.5,1459,89,0
L,298.2,307.7,32.4,1688,91,0
M,298.2,307.7,21.6,1952,93,0
L,298.2,307.8,19.9,2029,96,0
M,298.3,307.8,52.5,1457,98,0
M,298.3,307.8,50.4,1392,101,0
L,298.3,307.8,22.1,1906,104,0
M,298.3,307.7,33.4,1602,106,0
L,298.3,307.7,49.4,1465,109,0
M,298.3,307.7,43.8,1439,111,0
M,298.3,307.8,55.4,1330,114,0
M,298.3,307.9,42.0,1485,117,0
H,298.4,307.9,28.2,1700,120,0
L,298.4,308.0,42.8,1515,125,0
M,298.5,308.1,39.2,1501,127,0
L,298.4,308.0,47.6,1380,130,0
L,298.4,307.9,35.9,1544,132,0
L,298.4,307.9,27.3,1743,134,0
H,298.4,307.9,21.4,1948,136,0
H,298.5,307.9,54.2,1260,141,0
M,298.5,307.9,33.1,1640,146,0
M,298.5,308.0,49.2,1363,149,0
L,298.5,308.0,49.6,1379,152,0
M,298.5,308.0,25.8,1713,154,0
M,298.5,308.0,51.9,1461,157,0
L,298.5,308.0,29.8,1624,160,0
L,298.4,308.0,41.1,1526,162,0
L,298.4,307.9,14.2,2381,164,0
H,298.4,307.7,31.1,1626,166,0
L,298.3,307.7,33.8,1576,171,0
M,298.4,307.8,31.6,1617,173,0
L,298.3,307.6,20.6,1942,176,0
L,298.2,307.6,37.2,1492,178,0
L,298.2,307.5,51.3,1470,180,0
M,298.0,307.4,46.5,1463,182,0
L,298.0,307.3,46.5,1424,185,0
M,298.1,307.4,60.1,1363,187,0
M,298.1,307.4,56.2,1335,190,0
L,298.1,307.4,33.9,1608,193,0
H,298.0,307.4,35.2,1606,195,0
L,298.1,307.5,33.1,1684,200,0
L,298.1,307.6,20.3,1950,202,0
H,298.2,307.6,48.6,1460,204,0
L,298.2,307.6,31.0,1511,209,1
H,298.2,307.6,55.7,1318,0,0
L,298.2,307.6,51.8,1368,5,0
M,298.3,307.7,27.1,1717,7,0
M,298.3,307.7,41.4,1520,10,0
M,298.3,307.8,42.0,1485,13,0
L,298.4,307.9,23.2,1981,16,0
H,298.4,307.9,31.0,1605,18,0
L,298.4,307.9,45.3,1446,23,0
L,298.4,308.0,47.9,1508,25,0
L,298.5,308.0,59.5,1384,27,0
M,298.5,308.0,37.3,1519,29,0
L,298.5,308.0,48.1,1404,32,0
L,298.5,308.1,31.1,1564,34,0
H,298.6,308.2,36.8,1555,36,0
L,298.6,308.2,54.0,1325,41,0
M,298.6,308.2,44.0,1488,43,0
L,298.5,308.2,32.3,1595,46,0
L,298.5,308.1,28.6,1662,48,0
L,298.4,308.0,37.4,1571,50,0
H,298.3,308.0,41.0,1553,52,0
L,298.3,308.0,3.8,2886,57,1
L,298.2,308.0,38.2,1538,59,0
L,298.4,308.2,33.0,1618,61,0
L,298.4,308.2,45.9,1364,63,0
L,298.3,308.0,47.3,1442,65,0
L,298.2,307.9,67.3,1313,67,1
L,298.2,307.9,23.6,1847,69,0
L,298.1,307.8,40.8,1524,71,0
M,298.1,307.7,48.0,1445,73,0
L,298.1,307.8,28.2,1761,76,0
M,298.1,307.8,43.5,1514,78,0
M,298.1,307.7,38.3,1498,81,0
H,298.1,307.6,37.1,1542,84,0
M,298.0,307.6,41.8,1508,89,0
M,298.0,307.5,52.9,1431,92,0
M,298.0,307.5,45.1,1427,95,0
M,298.0,307.5,36.3,1524,98,0
M,298.0,307.5,43.6,1427,101,0
H,298.1,307.6,44.1,1496,104,0
L,298.1,307.7,40.3,1388,109,0
L,298.1,307.7,48.1,1495,111,0
H,298.1,307.7,56.2,1376,113,0
H,298.0,307.6,32.2,1593,118,0
L,298.0,307.6,28.9,1654,123,0
L,298.1,307.7,12.8,2567,125,1
L,298.1,307.7,27.0,1767,127,0
L,298.1,307.6,53.8,1364,129,0
M,298.1,307.8,31.2,1569,131,0
L,298.2,307.8,36.8,1476,134,0
L,298.1,307.7,45.0,1479,136,0
L,298.1,307.7,34.1,1650,138,0
M,298.1,307.6,36.3,1565,140,0
L,298.1,307.6,46.5,1460,143,0
L,298.1,307.7,27.6,1664,145,0
M,298.1,307.7,40.9,1435,147,0
M,298.1,307.6,19.2,2066,150,0
L,298.1,307.5,43.7,1493,153,0
L,298.1,307.6,43.3,1354,155,0
L,298.1,307.6,39.4,1488,157,0
L,298.1,307.7,48.7,1414,159,0
L,298.1,307.5,57.4,1391,161,0
M,298.0,307.5,27.8,1784,163,0
H,297.8,307.3,40.1,1516,166,0
M,297.9,307.3,47.8,1420,171,0
L,297.8,307.2,56.3,1351,174,0
L,297.8,307.2,23.0,1880,176,0
L,297.8,307.3,24.0,1859,178,0
M,297.8,307.3,54.0,1315,180,0
M,297.8,307.4,51.7,1330,183,0
L,297.8,307.3,61.0,1327,186,1
L,297.8,307.2,38.1,1498,188,0
H,297.8,307.3,35.8,1555,190,0
L,297.7,307.2,35.8,1518,195,0
L,297.7,307.2,43.0,1392,197,0
M,297.8,307.2,39.6,1456,199,0
L,297.7,307.1,30.2,1715,0,0
M,297.7,307.2,43.7,1405,2,0
L,297.7,307.2,37.8,1668,5,0
H,297.7,307.1,22.5,1855,7,0
L,297.6,307.1,39.2,1496,12,0
M,297.6,307.1,44.9,1471,14,0
L,297.7,307.2,40.0,1444,17,0
H,297.7,307.3,38.6,1514,19,0
L,297.8,307.3,50.7,1412,24,0
H,297.7,307.2,44.1,1429,26,0
L,297.7,307.2,32.7,1668,31,0
M,297.7,307.2,52.8,1372,33,0
M,297.7,307.3,49.2,1365,36,0
M,297.6,307.1,39.1,1526,39,0
L,297.6,307.2,40.6,1486,42,0
M,297.6,307.2,42.6,1470,44,0
H,297.7,307.3,62.8,1249,47,0
M,297.8,307.4,26.1,1752,52,0
L,297.7,307.4,36.5,1643,55,0
M,297.8,307.4,36.1,1488,57,0
L,297.8,307.4,45.8,1355,60,0
L,297.8,307.6,30.3,1607,62,0
M,297.9,307.6,30.3,1609,64,0
L,297.9,307.7,44.4,1517,67,0
M,297.9,307.7,39.5,1517,69,0
L,297.9,307.7,37.6,1546,72,0
L,297.9,307.7,34.7,1567,74,0
M,298.1,307.9,28.9,1662,76,0
L,298.1,307.9,41.8,1502,79,0
L,298.3,308.0,56.9,1361,81,0
M,298.3,308.1,32.7,1630,83,0
L,298.3,308.0,42.3,1486,86,0
L,298.3,308.1,21.5,1840,88,0
L,298.3,308.1,58.4,1326,90,0
L,298.4,308.1,57.8,1367,92,0
L,298.4,308.1,32.7,1598,94,0
L,298.3,308.0,50.1,1363,96,0
L,298.3,308.0,62.0,1242,98,0
M,298.2,307.8,33.8,1566,100,0
M,298.1,307.7,47.7,1424,103,0
M,298.2,307.7,33.8,1608,106,0
L,298.1,307.7,29.1,1705,109,0
L,298.0,307.6,45.8,1548,111,0
M,298.0,307.6,43.4,1581,113,0
M,298.0,307.6,46.7,1472,116,0
M,298.0,307.6,26.0,1792,119,0
L,298.0,307.6,32.8,1683,122,0
L,297.9,307.6,40.7,1503,124,0
M,297.9,307.5,32.4,1642,126,0
M,297.8,307.4,24.3,1902,129,0
H,297.7,307.4,40.2,1432,132,0
L,297.8,307.4,40.8,1512,137,0
L,297.7,307.4,29.0,1764,139,0
M,297.8,307.4,43.6,1438,141,0
L,297.8,307.5,29.9,1631,144,0
H,297.9,307.5,23.3,1880,146,0
L,297.9,307.6,54.3,1344,151,0
L,297.9,307.5,35.8,1574,153,0
L,297.8,307.4,41.2,1418,155,0
L,297.8,307.5,54.1,1372,157,0
L,297.8,307.5,40.0,1388,159,0
H,297.9,307.6,36.0,1493,161,0
M,297.9,307.6,40.1,1505,166,0
L,298.0,307.6,29.1,1694,169,0
L,297.9,307.6,20.4,1968,171,0
M,298.0,307.6,35.6,1569,173,0
L,297.9,307.6,29.1,1687,176,0
L,297.9,307.6,52.4,1430,178,0
L,297.9,307.6,42.4,1504,180,0
L,297.9,307.6,20.2,1977,182,0
L,298.0,307.7,45.6,1435,184,0
H,298.0,307.7,36.8,1547,186,0
M,298.1,307.8,57.2,1316,191,0
M,298.0,307.7,34.9,1621,194,0
M,298.0,307.8,40.2,1492,197,0
L,298.0,307.7,32.3,1643,200,0
L,298.0,307.7,38.7,1492,202,0
L,298.0,307.7,50.8,1387,204,0
M,298.1,307.9,47.3,1463,206,0
M,298.1,307.9,40.0,1496,0,0
L,298.2,308.0,30.0,1658,3,0
L,298.1,307.9,17.5,2161,5,0
L,298.1,307.9,32.0,1665,7,0
L,298.0,307.8,26.6,1716,9,0
L,298.0,307.7,34.1,1529,11,0
L,297.9,307.7,50.7,1353,13,0
L,297.9,307.7,37.7,1537,15,0
L,298.0,307.7,30.8,1606,17,0
H,298.0,307.8,47.8,1314,19,0
L,298.0,307.8,29.9,1623,24,0
M,298.0,307.8,50.9,1483,26,0
M,298.1,307.9,37.0,1569,29,0
M,298.2,308.0,21.7,1969,32,0
M,298.1,308.0,29.3,1686,35,0
L,298.1,308.0,35.1,1638,38,0
L,298.1,307.9,33.3,1698,40,0
M,298.1,307.9,55.1,1377,42,0
M,298.1,308.0,18.4,2129,45,0
L,298.2,308.0,42.4,1411,48,0
L,298.1,307.9,40.8,1517,50,0
M,298.1,307.9,53.9,1303,52,0
L,298.1,307.9,35.6,1578,55,0
L,298.1,307.9,58.2,1425,57,0
L,298.1,308.0,42.4,1456,59,0
L,298.1,308.0,30.9,1704,61,0
L,298.1,308.1,27.3,1791,63,0
L,298.1,308.1,32.8,1616,65,0
L,298.2,308.1,34.9,1622,67,0
L,298.2,308.1,49.9,1462,69,0
L,298.1,308.1,45.8,1410,71,0
M,298.1,308.0,41.9,1543,73,0
M,298.0,307.9,47.6,1479,76,0
L,298.0,307.8,22.7,1839,79,0
L,298.0,307.8,60.5,1266,81,0
L,297.9,307.7,34.9,1593,83,0
L,297.9,307.8,46.9,1459,85,0
L,297.9,307.7,55.2,1308,87,0
M,297.9,307.7,46.8,1364,89,0
H,297.9,307.7,35.9,1618,92,0
H,297.9,307.7,43.2,1464,97,0
M,297.8,307.6,49.4,1352,102,0
L,297.8,307.6,51.4,1446,105,0
L,297.8,307.5,51.2,1448,107,0
L,297.8,307.5,48.6,1391,109,0
L,297.7,307.5,43.3,1379,111,0
M,297.8,307.5,46.9,1405,113,0
L,297.8,307.5,33.1,1581,116,0
L,297.9,307.6,40.5,1515,118,0
L,297.9,307.6,37.8,1589,120,0
L,298.0,307.6,50.8,1281,122,0
H,297.8,307.5,31.3,1631,124,0
M,297.9,307.6,67.0,1202,129,0
L,297.9,307.6,52.7,1298,132,0
L,297.9,307.6,30.7,1612,134,0
L,297.9,307.6,25.3,1747,136,0
L,298.0,307.6,48.7,1450,138,0
L,298.0,307.7,45.6,1422,140,0
M,298.1,307.7,47.4,1419,142,0
M,298.1,307.7,30.7,1633,145,0
L,298.0,307.7,43.6,1442,148,0
H,298.0,307.6,45.8,1420,150,0
M,298.0,307.6,58.5,1301,155,0
L,298.0,307.6,45.0,1385,158,0
M,298.0,307.7,41.3,1487,160,0
M,298.0,307.6,44.4,1459,163,0
M,298.0,307.5,45.5,1387,166,0
L,298.1,307.7,40.8,1537,169,0
L,298.1,307.6,42.9,1498,171,0
M,298.2,307.8,31.2,1599,173,0
H,298.3,307.9,39.2,1420,176,0
L,298.2,307.9,23.4,1785,181,0
L,298.2,307.8,48.1,1423,183,0
M,298.2,307.8,36.6,1583,185,0
L,298.2,307.8,46.6,1375,188,0
M,298.3,308.0,42.5,1463,190,0
M,298.2,307.9,45.1,1403,193,0
L,298.3,308.0,47.1,1451,196,0
M,298.4,308.0,38.2,1416,198,1
L,298.3,308.1,41.3,1672,0,0
H,298.3,308.0,30.8,1637,2,0
L,298.4,308.0,37.8,1540,7,0
L,298.4,308.1,53.1,1279,9,0
L,298.4,308.2,34.9,1604,11,0
L,298.5,308.2,27.1,1654,13,0
M,298.5,308.2,37.5,1564,15,0
L,298.5,308.2,47.5,1451,18,0
L,298.5,308.3,38.0,1504,20,0
M,298.5,308.3,50.5,1381,22,0
L,298.6,308.4,34.4,1562,25,0
L,298.5,308.3,24.7,1811,27,0
M,298.6,308.3,28.7,1717,29,0
L,298.6,308.3,60.5,1278,32,0
L,298.7,308.5,30.2,1616,34,0
L,298.6,308.4,46.4,1397,36,0
L,298.6,308.4,42.9,1485,38,0
L,298.6,308.4,59.7,1310,40,0
L,298.5,308.2,66.3,1301,42,1
L,298.5,308.3,44.0,1458,44,0
L,298.7,308.5,42.5,1483,46,0
L,298.7,308.5,46.4,1375,48,0
M,298.7,308.5,27.0,1660,50,0
H,298.7,308.4,33.3,1560,53,0
L,298.7,308.5,42.2,1480,58,0
L,298.7,308.4,46.9,1373,60,0
L,298.7,308.5,54.2,1444,62,0
M,298.7,308.6,24.7,1722,64,0
L,298.7,308.5,39.9,1469,67,0
M,298.7,308.5,52.9,1360,69,0
L,298.7,308.4,25.8,1750,72,0
M,298.7,308.3,46.6,1349,74,0
L,298.7,308.5,35.2,1668,77,0
L,298.9,308.6,49.5,1400,79,0
L,298.8,308.6,62.8,1331,81,0
L,298.8,308.5,42.2,1444,83,0
H,298.8,308.5,47.6,1359,85,0
M,298.8,308.5,47.4,1425,90,0
M,298.9,308.6,34.2,1469,93,0
L,299.0,308.7,22.8,1892,96,0
H,299.0,308.7,19.9,1940,98,0
L,299.0,308.8,55.2,1405,103,0
M,299.0,308.9,39.6,1449,105,0
L,299.1,308.9,29.6,1686,108,0
L,299.1,308.9,27.2,1680,110,0
M,299.1,308.9,52.4,1397,112,0
M,299.2,309.0,30.3,1597,115,0
L,299.3,309.1,41.1,1470,118,0
M,299.3,309.1,31.3,1703,120,0
L,299.3,309.1,45.5,1388,123,0
L,299.3,309.2,24.2,1775,125,0
L,299.3,309.2,41.5,1465,127,0
M,299.3,309.2,37.9,1586,129,0
M,299.5,309.3,29.2,1675,132,0
M,299.4,309.2,44.4,1470,135,0
L,299.5,309.3,40.4,1477,138,0
L,299.5,309.3,61.0,1382,140,0
M,299.6,309.4,29.8,1605,142,0
L,299.6,309.4,32.9,1643,145,0
L,299.5,309.3,54.1,1333,147,0
L,299.5,309.3,42.3,1520,149,0
M,299.5,309.3,24.0,1902,151,0
H,299.5,309.4,44.4,1386,154,0
L,299.6,309.5,27.7,1803,159,0
L,299.7,309.6,50.7,1359,161,0
M,299.7,309.6,42.7,1477,163,0
L,299.7,309.6,53.4,1321,166,0
L,299.6,309.5,41.4,1453,168,0
L,299.7,309.6,45.1,1419,170,0
L,299.7,309.6,36.2,1512,172,0
L,299.7,309.6,36.8,1553,174,0
M,299.7,309.6,39.1,1534,176,0
H,299.7,309.6,41.0,1553,179,0
L,299.7,309.5,49.7,1352,184,0
M,299.7,309.6,60.0,1313,186,0
L,299.6,309.5,35.5,1570,189,0
L,299.6,309.4,31.1,1677,191,0
L,299.5,309.4,31.5,1602,193,0
L,299.5,309.4,58.8,1390,195,1
L,299.4,309.3,36.0,1544,197,0
L,299.4,309.4,31.2,1701,199,0
M,299.4,309.3,28.4,1692,201,0
M,299.3,309.3,37.9,1523,204,0
L,299.3,309.2,15.4,2280,207,0
M,299.4,309.3,47.1,1485,209,0
H,299.4,309.2,36.1,1513,212,0
H,299.4,309.3,28.2,1743,0,0
L,299.5,309.3,46.2,1442,5,0
L,299.5,309.3,46.7,1462,7,0
H,299.4,309.3,49.7,1439,9,0
L,299.5,309.3,36.6,1577,14,0
L,299.6,309.4,46.4,1331,16,0
L,299.5,309.3,22.5,1941,18,0
L,299.5,309.2,47.3,1393,20,0
L,299.4,309.2,42.1,1433,22,0
L,299.4,309.2,48.2,1444,24,0
L,299.4,309.2,39.0,1564,26,0
L,299.4,309.3,43.6,1377,28,0
L,299.4,309.3,41.5,1525,30,0
M,299.5,309.4,56.2,1387,32,0
M,299.4,309.4,47.5,1326,35,0
L,299.4,309.3,59.0,1401,38,0
L,299.4,309.3,31.8,1596,40,0
M,299.3,309.3,46.0,1471,42,0
L,299.3,309.3,37.8,1528,45,0
L,299.3,309.3,62.0,1325,47,0
M,299.3,309.1,46.7,1376,49,0
M,299.3,309.1,35.3,1600,52,0
L,299.3,309.1,44.0,1495,55,0
L,299.4,309.1,28.6,1645,57,0
M,299.4,309.1,47.3,1417,59,0
H,299.4,309.0,51.7,1415,62,0
M,299.3,309.0,43.4,1496,67,0
H,299.3,309.0,35.0,1508,70,0
L,299.4,309.0,47.9,1436,75,0
L,299.5,309.1,22.6,1852,77,0
L,299.5,309.1,22.5,1863,79,0
H,299.4,309.1,44.1,1373,81,0
L,299.4,309.0,47.3,1404,86,0
M,299.4,309.0,44.9,1381,88,0
H,299.4,308.9,29.3,1762,91,0
H,299.3,308.9,43.0,1429,96,0
M,299.3,308.9,24.7,1858,101,0
H,299.2,308.8,21.3,1908,104,0
M,299.2,308.8,37.4,1503,109,0
M,299.2,308.8,38.9,1523,112,0
L,299.3,309.0,38.4,1491,115,0
L,299.2,308.9,39.1,1430,117,0
L,299.3,308.9,69.4,1258,119,1
L,299.3,309.0,46.5,1449,121,0
H,299.3,309.0,40.6,1425,123,0
L,299.4,309.0,24.3,1800,128,0
H,299.4,309.0,33.7,1607,130,0
L,299.4,309.0,58.2,1391,135,0
L,299.4,309.1,45.4,1432,137,0
L,299.4,309.0,28.4,1660,139,0
H,299.3,309.0,29.7,1732,141,0
L,299.3,309.0,46.3,1473,146,0
L,299.3,309.0,47.8,1511,148,0
L,299.2,308.9,41.5,1588,150,0
L,299.3,308.9,31.1,1623,152,0
L,299.3,309.0,30.6,1734,154,0
L,299.3,309.0,47.6,1415,156,0
L,299.3,309.0,46.6,1419,158,0
M,299.3,308.9,34.9,1577,160,0
L,299.3,308.9,60.3,1376,163,0
M,299.3,308.8,49.0,1442,165,0
L,299.4,308.9,40.5,1451,168,0
L,299.3,308.8,45.8,1550,170,0
L,299.3,308.8,32.9,1647,172,0
L,299.4,308.9,33.7,1550,174,0
L,299.4,308.9,34.1,1583,176,0
L,299.4,309.0,32.2,1613,178,0
H,299.3,308.8,35.5,1636,180,0
M,299.3,308.7,51.5,1289,185,0
M,299.3,308.8,28.4,1648,188,0
H,299.3,308.8,45.4,1397,191,0
M,299.3,308.9,24.8,1767,196,0
L,299.3,308.8,47.7,1341,199,0
M,299.4,308.9,41.5,1457,201,0
M,299.4,309.0,19.8,1939,204,0
M,299.5,309.0,49.7,1399,207,0
M,299.5,309.0,31.3,1602,210,0
L,299.4,309.0,41.0,1507,213,0
L,299.4,309.1,40.5,1464,215,0
L,299.5,309.1,42.1,1336,217,0
L,299.6,309.2,39.8,1422,219,0
L,299.6,309.2,36.7,1540,221,0
L,299.5,309.1,47.8,1476,223,0
M,299.6,309.2,23.4,1867,225,1
H,299.6,309.1,41.3,1588,0,0
M,299.5,309.1,49.5,1420,5,0
L,299.5,309.1,49.2,1415,8,0
M,299.4,309.1,43.3,1500,10,0
L,299.5,309.1,44.6,1502,13,0
L,299.5,309.2,23.0,1816,15,0
M,299.5,309.2,41.6,1495,17,0
L,299.6,309.2,33.4,1572,20,0
M,299.5,309.2,35.9,1590,22,0
M,299.6,309.3,48.3,1387,25,0
M,299.6,309.2,47.7,1393,28,0
L,299.6,309.2,37.3,1602,31,0
L,299.6,309.2,33.3,1601,33,0
H,299.6,309.2,36.3,1597,35,0
H,299.5,309.1,44.3,1548,40,0
M,299.5,309.2,61.8,1314,45,0
M,299.6,309.3,39.8,1577,48,0
L,299.8,309.4,43.4,1475,51,0
L,299.8,309.4,32.4,1630,53,0
L,299.7,309.4,42.9,1445,55,0
M,299.8,309.4,47.4,1439,57,0
L,299.7,309.3,44.1,1420,60,0
H,299.7,309.2,41.6,1554,62,0
M,299.6,309.1,44.3,1471,67,0
L,299.6,309.0,33.6,1648,70,0
L,299.6,309.0,48.8,1472,72,0
M,299.5,308.9,42.9,1448,74,0
M,299.6,308.9,35.3,1568,77,0
L,299.6,308.9,30.8,1613,80,0
M,299.7,308.9,35.4,1551,82,0
L,299.7,309.0,49.2,1412,85,0
M,299.7,308.9,41.0,1478,87,0
M,299.8,309.1,58.0,1268,90,0
L,299.8,309.1,35.6,1546,93,0
L,299.8,309.0,36.1,1567,95,0
M,299.9,309.2,35.7,1548,97,0
L,299.8,309.0,30.8,1614,100,0
M,299.7,309.1,46.1,1352,102,0
L,299.9,309.2,34.6,1624,105,0
L,299.9,309.2,52.0,1436,107,0
L,299.8,309.2,37.5,1591,109,0
H,299.8,309.2,42.6,1435,111,0
L,299.8,309.3,49.4,1386,116,0
L,299.7,309.2,54.1,1401,118,0
M,299.6,309.0,64.0,1245,120,0
L,299.7,309.1,40.0,1475,123,0
L,299.7,309.1,39.4,1473,125,0
H,299.7,309.2,44.8,1355,127,0
H,299.7,309.2,49.6,1468,132,0
L,299.7,309.2,30.8,1645,137,0
L,299.7,309.1,55.3,1347,139,0
L,299.7,309.1,33.5,1713,141,0
M,299.6,309.1,48.4,1435,143,0
M,299.6,309.0,26.1,1736,146,0
L,299.6,309.0,60.4,1372,149,0
L,299.7,309.0,33.0,1605,151,0
L,299.6,309.0,48.5,1413,153,0
M,299.7,309.0,31.9,1645,155,0
M,299.7,309.0,49.0,1465,158,0
M,299.6,308.9,27.8,1685,161,0
L,299.5,308.8,20.4,1965,164,0
H,299.4,308.6,41.8,1542,166,0
L,299.4,308.7,30.8,1681,171,0
L,299.5,308.7,45.7,1446,173,0
L,299.4,308.6,56.4,1415,175,0
L,299.5,308.6,30.5,1672,177,0
L,299.5,308.7,13.0,2549,179,1
L,299.4,308.6,40.5,1492,181,0
M,299.4,308.6,42.7,1455,183,0
M,299.3,308.5,43.1,1422,186,0
L,299.3,308.6,50.6,1403,189,0
L,299.3,308.6,49.6,1474,191,0
L,299.2,308.6,50.0,1381,193,0
L,299.2,308.5,44.7,1457,195,0
L,299.2,308.4,28.9,1711,197,0
L,299.2,308.4,29.0,1667,199,0
L,299.2,308.4,35.0,1465,201,0
M,299.3,308.4,37.5,1542,203,1
M,299.3,308.4,42.3,1438,0,0
L,299.3,308.4,47.4,1406,3,0
M,299.2,308.4,48.5,1396,5,0
M,299.3,308.5,60.6,1304,8,0
L,299.2,308.5,46.5,1442,11,0
M,299.2,308.4,48.7,1396,13,0
H,299.1,308.3,43.4,1424,16,0
H,299.1,308.3,42.8,1451,21,0
L,299.2,308.4,54.1,1386,26,0
L,299.1,308.3,46.9,1325,28,0
L,299.1,308.3,33.7,1559,30,0
L,299.1,308.3,38.1,1489,32,0
L,299.1,308.3,25.2,1892,34,0
L,299.1,308.2,60.3,1319,36,0
L,299.1,308.3,52.3,1431,38,0
H,299.1,308.3,36.5,1521,40,0
M,299.1,308.2,45.2,1435,45,0
L,299.1,308.3,42.4,1533,48,0
M,299.2,308.4,43.0,1529,50,0
M,299.2,308.4,43.5,1415,53,0
M,299.2,308.4,51.2,1330,56,0
L,299.2,308.5,60.6,1381,59,0
L,299.2,308.5,52.4,1370,61,0
L,299.2,308.5,46.6,1438,63,0
L,299.3,308.6,48.2,1314,65,0
L,299.3,308.6,48.1,1437,67,0
L,299.2,308.5,26.1,1821,69,0
M,299.3,308.6,52.1,1448,71,0
L,299.3,308.5,32.7,1589,74,0
L,299.3,308.6,33.7,1520,76,0
L,299.3,308.6,37.0,1605,78,0
L,299.3,308.7,54.2,1393,80,0
H,299.3,308.7,44.4,1408,82,0
M,299.3,308.7,35.6,1459,87,0
L,299.4,308.7,39.0,1525,90,0
L,299.4,308.8,57.0,1390,92,0
L,299.3,308.7,38.9,1536,94,0
L,299.4,308.7,47.6,1459,96,0
L,299.2,308.5,51.1,1387,98,0
L,299.2,308.5,53.4,1378,100,0
L,299.4,308.7,56.7,1381,102,0
M,299.4,308.7,60.5,1289,104,0
L,299.4,308.6,26.8,1746,107,0
M,299.4,308.6,39.1,1541,109,0
L,299.4,308.7,37.8,1504,112,0
M,299.5,308.7,51.9,1321,114,0
M,299.5,308.8,20.9,1886,117,0
L,299.6,308.9,53.2,1422,120,0
L,299.5,308.9,38.3,1520,122,0
L,299.4,308.8,32.6,1627,124,0
L,299.4,308.7,37.2,1512,126,0
L,299.4,308.7,42.7,1553,128,0
L,299.3,308.7,26.0,1802,130,0
L,299.3,308.6,37.6,1482,132,0
L,299.4,308.7,62.9,1446,134,1
L,299.3,308.6,50.5,1371,136,0
M,299.2,308.6,35.7,1586,138,0
L,299.2,308.5,39.8,1515,141,0
L,299.2,308.5,53.6,1374,143,0
L,299.1,308.5,39.8,1455,145,0
H,299.2,308.5,47.5,1342,147,0
L,299.1,308.6,57.8,1260,152,0
H,299.0,308.5,33.5,1623,154,0
L,299.1,308.5,55.5,1371,159,0
L,299.1,308.6,31.4,1611,161,0
M,299.0,308.4,47.5,1535,163,0
M,299.1,308.6,38.5,1491,166,0
M,299.1,308.6,36.2,1441,169,0
M,299.1,308.8,26.6,1725,172,0
L,299.2,308.9,47.2,1368,175,0
L,299.2,308.9,37.9,1526,177,0
L,299.2,308.8,39.2,1542,179,0
L,299.2,308.8,31.1,1605,181,0
L,299.2,308.8,51.4,1405,183,0
M,299.2,308.8,33.5,1700,185,0
H,299.2,308.8,39.1,1440,188,0
M,299.2,308.8,52.5,1314,193,0
L,299.2,308.7,41.9,1514,196,0
M,299.2,308.7,47.0,1401,198,0
L,299.3,308.8,29.9,1636,201,0
L,299.3,308.8,33.9,1603,203,0
M,299.4,308.7,52.6,1487,205,0
M,299.3,308.7,50.3,1420,208,0
L,299.3,308.7,36.3,1579,211,0
L,299.3,308.7,40.5,1484,213,0
M,299.3,308.7,49.3,1390,215,0
L,299.3,308.6,53.6,1384,218,1
L,299.2,308.5,50.4,1378,220,1
L,299.2,308.5,45.2,1445,222,0
L,299.2,308.4,43.5,1445,224,0
L,299.2,308.4,39.4,1509,0,0
L,299.2,308.4,46.8,1434,2,0
L,299.2,308.4,23.9,1877,4,0
L,299.3,308.3,28.0,1651,6,0
L,299.2,308.2,41.3,1466,8,0
L,299.1,308.1,40.7,1479,10,0
L,299.1,308.2,46.4,1409,12,0
M,299.2,308.2,28.2,1674,14,0
L,299.1,308.3,61.4,1305,17,0
M,299.2,308.3,26.4,1755,19,0
L,299.2,308.4,38.7,1475,22,0
L,299.2,308.4,47.7,1402,24,0
L,299.2,308.3,43.0,1410,26,0
L,299.2,308.4,41.8,1436,28,0
M,299.3,308.5,42.2,1386,30,0
L,299.3,308.6,26.4,1744,33,0
L,299.2,308.4,48.4,1393,35,0
M,299.3,308.5,45.4,1422,37,0
L,299.2,308.4,22.8,1841,40,0
L,299.3,308.6,37.7,1433,42,0
M,299.3,308.5,60.6,1305,44,0
H,299.3,308.6,39.5,1498,47,0
L,299.3,308.5,26.1,1772,52,0
M,299.2,308.4,42.5,1381,54,0
L,299.3,308.5,38.5,1413,57,0
H,299.2,308.4,53.2,1388,59,0
M,299.2,308.6,35.4,1631,64,0
H,299.3,308.6,41.4,1520,67,0
L,299.3,308.5,45.4,1510,72,0
L,299.2,308.5,49.7,1366,74,0
L,299.4,308.5,22.9,1845,76,0
L,299.3,308.5,44.7,1485,78,0
M,299.3,308.5,39.4,1496,80,0
M,299.3,308.4,42.2,1468,83,0
M,299.2,308.4,22.7,1856,86,0
L,299.2,308.4,34.1,1620,89,0
L,299.3,308.5,44.8,1409,91,0
M,299.3,308.5,49.4,1404,93,0
L,299.2,308.4,51.3,1350,96,0
M,299.2,308.4,38.0,1538,98,0
M,299.2,308.4,32.7,1476,101,0
M,299.2,308.3,51.8,1364,104,0
M,299.2,308.3,45.5,1582,107,0
L,299.1,308.2,56.1,1348,110,0
H,299.1,308.2,46.1,1450,112,0
L,299.0,308.1,60.9,1242,117,0
L,299.1,308.2,34.9,1493,119,0
L,299.1,308.3,31.4,1601,121,0
L,299.1,308.2,33.3,1568,123,0
M,299.1,308.3,38.0,1506,125,0
L,299.1,308.3,34.1,1524,128,0
L,299.1,308.4,37.9,1543,130,0
M,299.2,308.5,47.2,1474,132,0
M,299.2,308.5,37.3,1526,135,0
L,299.2,308.5,27.0,1867,138,0
L,299.2,308.5,41.2,1487,140,0
L,299.2,308.4,32.6,1580,142,0
L,299.2,308.5,50.0,1340,144,0
L,299.2,308.5,41.6,1544,146,0
L,299.2,308.5,40.3,1488,148,0
M,299.2,308.5,28.9,1742,150,0
M,299.1,308.5,34.2,1592,153,0
L,299.2,308.6,38.8,1582,156,0
L,299.2,308.5,43.2,1490,158,0
M,299.2,308.5,35.8,1594,160,0
H,299.2,308.6,55.0,1462,163,0
M,299.2,308.6,47.6,1367,168,0
L,299.2,308.7,51.0,1325,171,0
H,299.2,308.7,51.4,1448,173,0
M,299.1,308.7,20.3,2008,178,0
L,299.1,308.7,38.9,1498,181,0
L,299.1,308.6,41.6,1437,183,0
M,299.1,308.6,45.1,1499,185,0
L,299.0,308.4,52.6,1356,188,0
L,299.1,308.5,46.8,1539,190,0
L,299.1,308.5,32.1,1689,192,0
L,299.0,308.5,38.1,1559,194,0
L,299.1,308.6,46.7,1408,196,0
L,299.0,308.5,23.0,1886,198,0
L,299.1,308.5,43.4,1415,0,0
M,299.1,308.5,35.6,1587,2,0
L,299.0,308.4,38.6,1571,5,0
L,298.9,308.3,36.6,1576,7,0
L,298.9,308.3,34.4,1660,9,0
M,298.9,308.2,49.2,1328,11,0
H,298.8,308.2,44.7,1450,14,0
L,298.9,308.2,15.0,2384,19,0
L,298.8,308.2,53.4,1443,21,0
M,298.9,308.2,20.0,2022,23,0
L,298.9,308.2,23.8,1828,26,0
L,298.8,308.1,53.5,1472,28,0
M,298.9,308.2,63.6,1372,30,1
L,298.9,308.3,23.8,1855,33,0
M,299.0,308.3,47.2,1377,35,0
L,298.9,308.3,48.9,1432,38,0
M,298.9,308.2,47.8,1335,40,0
M,298.9,308.2,51.3,1411,43,0
L,298.9,308.2,43.5,1510,46,0
L,299.0,308.3,44.0,1441,48,0
M,299.0,308.2,42.7,1358,50,0
L,298.9,308.2,30.4,1686,53,0
H,299.0,308.2,30.4,1662,55,0
L,299.1,308.3,40.1,1426,60,0
M,299.1,308.4,53.6,1330,62,0
L,299.1,308.4,31.6,1693,65,0
L,299.1,308.4,47.9,1426,67,0
L,299.1,308.5,31.0,1676,69,0
M,299.1,308.4,51.7,1332,71,0
L,299.1,308.5,35.0,1647,74,0
L,299.2,308.6,68.2,1267,76,1
H,299.2,308.7,55.1,1375,78,0
L,299.3,308.6,48.9,1422,83,0
L,299.3,308.7,48.7,1408,85,0
L,299.4,308.9,42.5,1440,87,0
L,299.3,308.8,25.2,1772,89,0
L,299.2,308.7,37.8,1492,91,0
L,299.2,308.7,30.5,1650,93,0
M,299.1,308.6,14.6,2329,95,0
L,299.0,308.6,30.8,1648,98,0
L,299.0,308.6,31.7,1653,100,0
L,299.0,308.6,22.3,1946,102,0
L,299.1,308.6,36.6,1555,104,0
L,299.0,308.6,32.2,1661,106,0
L,299.0,308.6,45.9,1434,108,0
L,299.0,308.6,54.2,1297,110,0
L,299.0,308.6,46.4,1466,112,0
M,298.9,308.6,39.8,1517,114,0
L,298.9,308.5,34.5,1742,117,0
L,298.9,308.5,39.1,1580,119,0
M,298.9,308.5,42.9,1534,121,0
L,298.9,308.6,40.7,1481,124,0
L,299.0,308.6,37.7,1429,126,0
M,298.9,308.6,33.5,1574,128,0
M,298.9,308.6,40.4,1524,131,0
L,299.0,308.7,37.5,1507,134,0
L,298.9,308.5,44.7,1467,136,0
L,298.9,308.4,51.1,1301,138,0
L,298.9,308.5,55.1,1429,140,0
M,298.9,308.5,37.6,1555,142,0
L,298.9,308.5,40.6,1503,145,0
L,298.9,308.5,43.1,1459,147,0
H,298.9,308.4,42.4,1449,149,0
L,298.9,308.5,57.3,1387,154,0
M,298.9,308.5,50.0,1456,156,0
L,299.0,308.5,34.7,1604,159,0
L,299.0,308.6,32.4,1734,161,0
L,299.0,308.6,47.8,1378,163,0
L,298.9,308.7,41.8,1504,165,0
M,298.9,308.7,49.8,1402,167,0
H,298.8,308.6,37.7,1524,170,0
L,298.8,308.6,35.5,1593,175,0
M,298.9,308.7,28.4,1772,177,0
H,298.9,308.6,31.0,1623,180,0
L,298.9,308.7,50.7,1356,185,0
H,298.9,308.7,41.6,1500,187,0
H,299.1,308.8,46.6,1566,192,0
L,299.1,308.9,43.4,1445,197,0
H,299.0,308.8,58.5,1382,199,0
M,299.0,308.8,45.7,1418,204,0
L,299.1,308.8,53.6,1329,207,1
M,299.1,308.8,41.0,1491,209,0
M,299.2,308.9,37.4,1573,212,0
M,299.2,308.9,42.3,1521,215,0
L,299.1,308.9,47.2,1467,218,0
M,299.1,308.9,48.4,1325,220,0
L,299.1,308.9,32.3,1617,223,0
M,299.1,308.9,42.7,1476,225,0
L,299.2,309.0,48.9,1515,228,1
L,299.2,309.0,47.2,1408,0,0
L,299.2,309.1,45.6,1468,2,0
L,299.2,309.1,48.7,1387,4,0
M,299.2,309.1,34.7,1503,6,0
H,299.2,309.1,47.1,1410,9,0
L,299.0,308.9,30.6,1615,14,0
L,299.0,308.9,35.9,1511,16,0
L,299.1,309.0,53.8,1405,18,0
M,299.0,308.9,41.1,1526,20,0
L,298.9,308.8,38.3,1530,23,0
L,299.0,308.7,32.5,1583,25,0
L,298.9,308.6,18.7,2069,27,0
L,298.8,308.5,35.0,1490,29,0
L,298.8,308.5,29.0,1736,31,0
L,298.8,308.5,44.4,1395,33,0
M,298.9,308.6,49.6,1425,35,0
L,298.8,308.6,32.4,1631,38,0
L,298.8,308.6,41.2,1535,40,0
L,298.8,308.6,34.4,1584,42,0
M,298.8,308.7,38.2,1543,44,0
L,298.8,308.7,35.2,1635,47,0
M,298.8,308.7,45.5,1446,49,0
M,298.8,308.6,35.1,1598,52,0
L,298.8,308.6,35.0,1501,55,0
L,298.8,308.5,50.8,1450,57,0
L,298.8,308.6,25.9,1730,59,0
M,298.8,308.6,33.7,1571,61,0
L,298.9,308.7,51.7,1438,64,0
M,298.8,308.5,38.7,1510,66,0
L,298.9,308.7,44.9,1389,69,0
L,298.8,308.7,33.6,1490,71,0
L,298.9,308.7,26.6,1729,73,0
L,299.0,308.8,38.4,1495,75,0
L,298.9,308.8,53.9,1281,77,0
H,298.9,308.7,48.1,1353,79,0
L,299.1,308.8,50.1,1429,84,0
L,299.1,308.8,42.1,1413,86,0
L,299.1,308.8,38.3,1502,88,0
H,299.1,308.8,32.6,1553,90,0
H,299.2,308.9,26.4,1712,95,0
L,299.3,309.0,23.5,1786,100,0
L,299.2,309.0,21.4,1951,102,0
M,299.2,309.0,36.3,1541,104,0
L,299.2,309.1,34.3,1605,107,0
L,299.2,309.1,38.1,1578,109,0
M,299.3,309.2,37.5,1440,111,0
L,299.4,309.2,42.3,1489,114,0
L,299.4,309.3,48.4,1366,116,0
L,299.3,309.2,37.2,1541,118,0
H,299.3,309.1,40.7,1552,120,0
L,299.3,309.1,40.3,1473,125,0
L,299.3,309.1,37.9,1531,127,0
L,299.3,309.2,37.2,1511,129,0
M,299.3,309.1,47.9,1449,131,0
M,299.4,309.1,50.0,1440,134,0
M,299.2,309.0,23.9,1881,137,0
L,299.3,309.0,50.4,1447,140,0
M,299.4,309.1,62.0,1326,142,0
L,299.4,309.2,31.7,1607,145,0
L,299.3,309.1,39.1,1551,147,0
L,299.3,309.1,37.2,1496,149,0
L,299.3,309.1,38.0,1493,151,0
L,299.4,309.1,50.5,1304,153,0
M,299.3,309.0,41.6,1420,155,0
L,299.4,309.1,24.6,1766,158,0
L,299.6,309.2,43.1,1450,160,0
H,299.5,309.2,22.6,1872,162,0
L,299.6,309.2,26.5,1713,167,0
M,299.5,309.2,40.9,1497,169,0
M,299.4,309.1,44.7,1352,172,0
L,299.5,309.2,41.5,1499,175,0
L,299.5,309.3,19.3,1972,177,0
L,299.5,309.3,49.2,1422,179,0
L,299.5,309.3,41.5,1523,181,0
L,299.5,309.4,41.5,1563,183,0
L,299.4,309.3,46.6,1391,185,0
L,299.3,309.1,24.7,1795,187,0
L,299.3,309.1,53.7,1293,189,0
L,299.2,309.1,60.7,1345,191,1
L,299.2,309.0,33.7,1615,193,0
L,299.2,308.9,50.8,1342,195,0
L,299.1,308.8,46.7,1502,197,0
M,299.0,308.7,35.4,1620,199,0
L,299.0,308.7,42.8,1537,202,0
L,299.0,308.7,16.8,2248,204,0
L,299.0,308.7,28.6,1706,206,0
L,299.0,308.7,16.6,2250,208,0
L,299.0,308.7,48.6,1396,0,0
L,298.9,308.6,46.4,1522,2,0
L,298.9,308.6,45.4,1539,4,0
H,298.9,308.5,54.0,1415,6,0
L,298.8,308.5,37.0,1446,11,0
M,298.8,308.6,41.1,1486,13,0
L,299.0,308.7,38.6,1426,16,0
L,299.0,308.7,38.9,1449,18,0
L,299.1,308.8,67.5,1320,20,1
M,299.2,308.9,39.6,1447,22,0
L,299.3,309.0,47.3,1422,25,0
L,299.3,309.1,52.1,1399,27,0
L,299.4,309.2,41.5,1427,29,0
M,299.3,309.2,46.3,1334,31,0
M,299.3,309.1,45.6,1385,34,0
L,299.4,309.2,37.4,1552,37,0
H,299.4,309.3,37.5,1534,39,0
L,299.4,309.3,48.6,1448,44,0
L,299.5,309.3,44.7,1409,46,0
L,299.4,309.2,34.5,1621,48,0
H,299.4,309.1,40.9,1547,50,0
L,299.4,309.1,22.1,1957,55,0
L,299.4,309.1,14.2,2421,57,0
M,299.3,309.1,38.3,1571,59,0
L,299.3,309.1,36.8,1634,62,0
L,299.3,309.0,38.7,1516,64,0
L,299.4,309.1,66.5,1207,66,0
L,299.4,309.1,35.9,1670,68,0
M,299.4,309.1,48.6,1461,70,0
L,299.4,309.2,40.8,1569,73,0
L,299.4,309.2,35.7,1556,75,0
M,299.5,309.3,41.5,1506,77,0
M,299.6,309.4,30.3,1642,80,0
M,299.6,309.4,62.1,1283,83,0
H,299.7,309.5,46.8,1375,86,0
L,299.7,309.4,39.9,1399,91,0
L,299.7,309.4,29.8,1650,93,0
M,299.8,309.6,53.2,1346,95,0
H,299.9,309.6,51.2,1410,98,0
L,300.0,309.7,37.8,1586,103,0
L,300.0,309.8,39.6,1372,105,0
H,300.0,309.7,42.4,1529,107,0
M,300.0,309.7,28.6,1652,112,0
L,300.1,309.8,39.8,1532,115,0
L,300.0,309.7,32.0,1554,117,0
H,299.9,309.6,51.0,1462,119,0
L,299.9,309.6,61.3,1254,124,0
L,299.9,309.6,49.7,1294,126,0
L,299.8,309.5,27.5,1739,128,0
M,299.8,309.4,47.8,1412,130,0
M,299.9,309.5,56.2,1372,133,0
H,299.8,309.5,46.7,1420,136,0
L,299.8,309.5,40.3,1542,141,0
M,299.8,309.4,48.1,1401,143,0
L,299.8,309.4,42.5,1510,146,0
H,299.9,309.5,38.5,1547,148,0
M,299.8,309.5,43.2,1453,153,0
L,299.8,309.4,45.6,1408,156,0
L,299.8,309.4,51.6,1436,158,0
M,299.9,309.5,38.2,1582,160,0
L,299.9,309.6,59.3,1280,163,0
L,299.9,309.5,20.4,2008,165,0
L,299.9,309.5,23.5,1772,167,0
L,299.9,309.5,26.1,1779,169,0
L,299.9,309.5,35.5,1567,171,0
M,299.8,309.4,27.0,1751,173,0
L,299.9,309.5,51.3,1349,176,0
M,300.0,309.5,40.8,1425,178,0
L,300.0,309.4,44.5,1395,181,0
H,299.8,309.3,32.1,1595,183,0
L,299.8,309.3,56.4,1291,188,0
M,299.9,309.4,42.8,1509,190,0
M,299.9,309.4,38.1,1483,193,0
L,299.9,309.3,31.1,1620,196,0
M,299.9,309.4,42.2,1487,198,0
L,299.8,309.4,15.9,2256,201,0
H,299.7,309.2,27.7,1691,203,0
M,299.8,309.3,35.2,1663,208,0
M,299.8,309.3,31.1,1640,211,0
H,299.7,309.3,37.8,1494,214,0
L,299.8,309.4,46.2,1467,219,0
M,299.7,309.3,41.9,1399,221,1
L,299.7,309.3,42.6,1445,0,0
L,299.8,309.4,40.9,1480,2,0
L,299.7,309.3,37.2,1546,4,0
L,299.7,309.3,35.8,1574,6,0
L,299.7,309.3,34.2,1592,8,0
L,299.8,309.5,39.6,1495,10,0
L,299.8,309.6,43.1,1447,12,0
L,299.8,309.5,44.4,1476,14,0
L,299.8,309.5,27.1,1641,16,0
L,299.8,309.5,32.2,1545,18,0
M,299.9,309.6,44.4,1364,20,0
L,299.8,309.5,28.5,1590,23,0
L,299.8,309.4,37.4,1460,25,0
L,299.8,309.4,32.5,1609,27,0
L,299.8,309.4,27.5,1633,29,0
L,299.9,309.4,52.8,1348,31,0
L,299.9,309.4,53.9,1322,33,0
L,300.0,309.5,30.1,1641,35,0
L,300.0,309.5,26.0,1728,37,0
L,300.0,309.6,47.7,1431,39,0
L,300.1,309.7,30.4,1641,41,0
M,300.1,309.6,36.1,1622,43,0
M,300.1,309.6,38.0,1625,46,0
L,300.0,309.5,22.7,1869,49,0
L,300.0,309.6,46.0,1452,51,0
L,300.0,309.6,28.7,1618,53,0
L,300.0,309.4,20.0,2010,55,0
L,299.9,309.4,60.9,1363,57,0
L,299.9,309.3,40.4,1473,59,0
L,299.9,309.2,50.8,1333,61,0
L,299.8,309.2,25.9,1760,63,0
M,299.8,309.2,58.2,1372,65,0
M,299.7,309.2,34.4,1608,68,0
L,299.7,309.2,64.8,1326,71,0
M,299.6,309.1,37.1,1560,73,0
M,299.6,309.0,36.1,1539,76,0
L,299.6,309.1,15.3,2266,79,0
L,299.6,309.1,35.8,1641,81,0
L,299.6,309.1,39.2,1574,83,0
L,299.6,309.1,50.6,1407,85,0
H,299.7,309.2,55.5,1302,87,0
M,299.6,309.2,30.8,1651,92,0
M,299.6,309.1,55.2,1366,95,0
M,299.5,309.0,28.6,1701,98,0
L,299.5,309.0,44.6,1498,101,0
M,299.5,309.1,45.3,1422,103,0
L,299.5,309.1,47.3,1357,106,0
L,299.5,309.2,29.2,1690,108,0
L,299.6,309.2,39.1,1559,110,0
M,299.6,309.3,32.4,1553,112,0
L,299.6,309.3,34.8,1558,115,0
L,299.7,309.4,51.9,1362,117,0
M,299.8,309.3,42.7,1470,119,0
L,299.8,309.4,34.8,1555,122,0
M,299.8,309.4,42.9,1423,124,0
L,299.7,309.3,38.5,1434,127,0
L,299.7,309.3,25.5,1779,129,0
L,299.7,309.3,54.6,1417,131,0
L,299.6,309.2,45.9,1425,133,0
M,299.7,309.2,32.9,1597,135,0
L,299.7,309.2,57.4,1346,138,0
L,299.7,309.2,40.4,1422,140,0
H,299.7,309.2,32.8,1572,142,0
L,299.7,309.2,45.4,1412,147,0
M,299.7,309.1,36.4,1576,149,0
M,299.7,309.1,41.2,1508,152,0
M,299.8,309.1,44.4,1496,155,0
L,299.8,309.2,35.4,1572,158,0
L,299.6,309.0,42.8,1525,160,0
L,299.6,309.0,51.9,1378,162,0
L,299.6,309.1,51.4,1369,164,0
L,299.6,309.1,45.3,1476,166,0
L,299.7,309.2,30.0,1620,168,0
M,299.7,309.1,38.5,1603,170,0
L,299.7,309.2,46.1,1411,173,0
L,299.7,309.2,31.6,1616,175,0
L,299.7,309.2,35.1,1631,177,0
M,299.7,309.2,28.9,1685,179,1
H,299.7,309.2,40.6,1456,182,0
L,299.7,309.1,50.1,1417,187,0
M,299.7,309.1,24.7,1851,189,0
L,299.7,309.1,27.8,1715,192,0
H,299.6,309.1,32.3,1630,194,0
L,299.7,309.2,38.8,1478,199,0
L,299.7,309.2,29.6,1781,201,0
L,299.8,309.2,36.1,1439,203,0
M,299.7,309.2,45.3,1412,205,0
L,299.7,309.1,41.1,1483,208,0
L,299.8,309.2,42.6,1400,210,0
L,299.8,309.3,65.1,1299,212,1
L,299.8,309.2,44.4,1479,214,0
L,299.8,309.2,47.5,1491,216,0
M,299.9,309.3,52.8,1389,0,0
M,299.9,309.4,54.8,1399,3,0
M,299.9,309.4,26.0,1889,6,0
L,300.0,309.5,21.9,1925,9,0
L,300.0,309.5,30.2,1675,11,0
M,300.0,309.6,38.1,1477,13,0
L,300.0,309.6,45.9,1364,16,0
L,299.9,309.5,39.4,1451,18,0
L,299.9,309.4,41.2,1467,20,0
L,299.9,309.4,22.5,1858,22,0
L,300.1,309.4,39.7,1559,24,0
L,300.1,309.4,47.7,1560,26,0
L,300.1,309.4,47.6,1453,28,0
L,300.1,309.4,41.7,1464,30,0
L,300.0,309.4,50.2,1308,32,0
L,300.1,309.5,50.9,1353,34,0
M,300.2,309.6,35.8,1556,36,0
L,300.2,309.5,17.8,2183,39,0
M,300.2,309.6,41.8,1491,41,0
M,300.2,309.6,35.1,1528,44,0
L,300.2,309.6,52.7,1430,47,0
L,300.2,309.5,32.6,1495,49,0
M,300.2,309.5,28.3,1630,51,0
M,300.3,309.6,38.4,1524,54,0
L,300.3,309.6,52.4,1326,57,0
H,300.3,309.5,44.0,1438,59,0
L,300.4,309.6,45.9,1356,64,0
H,300.4,309.6,43.3,1416,66,0
L,300.4,309.7,32.6,1584,71,0
L,300.3,309.6,31.8,1597,73,0
L,300.4,309.6,43.9,1553,75,0
M,300.3,309.5,49.4,1405,77,0
L,300.2,309.5,35.3,1539,80,0
M,300.3,309.6,53.7,1398,82,0
L,300.3,309.6,39.6,1568,85,0
L,300.3,309.6,44.6,1404,87,0
M,300.2,309.5,45.7,1500,89,0
M,300.2,309.5,28.8,1642,92,0
M,300.3,309.6,46.6,1509,95,0
L,300.2,309.5,50.2,1343,98,0
L,300.1,309.5,40.1,1450,100,0
L,300.0,309.4,43.5,1460,102,0
L,300.0,309.3,41.2,1364,104,0
M,299.9,309.3,41.9,1452,106,0
L,299.9,309.3,41.8,1471,109,0
L,299.9,309.2,34.6,1598,111,0
L,299.8,309.1,24.8,1772,113,0
L,299.9,309.2,25.6,1761,115,0
M,300.0,309.3,40.7,1413,117,0
L,300.0,309.3,22.6,1887,120,0
L,300.0,309.3,56.5,1395,122,0
M,300.1,309.4,31.6,1569,124,0
L,300.1,309.4,47.3,1434,127,0
L,300.2,309.5,41.1,1417,129,0
L,300.2,309.5,28.4,1729,131,0
L,300.2,309.5,51.1,1356,133,0
L,300.2,309.5,48.8,1436,135,0
M,300.3,309.6,42.5,1419,137,0
L,300.3,309.6,38.1,1593,140,0
M,300.3,309.5,62.2,1320,142,0
M,300.3,309.5,42.4,1448,145,0
L,300.3,309.4,33.5,1470,148,0
M,300.3,309.4,33.1,1612,150,0
L,300.4,309.4,51.6,1412,153,0
M,300.4,309.4,23.9,1875,155,0
L,300.3,309.3,36.0,1612,158,0
M,300.4,309.3,41.6,1411,160,0
M,300.3,309.2,47.9,1490,163,0
M,300.4,309.3,40.3,1467,166,0
L,300.3,309.2,26.4,1807,169,0
L,300.3,309.1,46.0,1368,171,0
L,300.3,309.2,32.0,1572,173,0
M,300.3,309.1,44.3,1458,175,0
L,300.3,309.1,30.3,1699,178,0
L,300.3,309.3,39.5,1478,180,0
M,300.4,309.4,42.1,1362,182,0
H,300.4,309.4,38.9,1487,185,0
L,300.3,309.4,29.4,1705,190,0
L,300.3,309.3,53.5,1345,192,0
L,300.3,309.2,40.2,1532,194,0
L,300.3,309.2,35.2,1650,196,0
L,300.3,309.2,54.4,1398,198,0
L,300.3,309.2,44.8,1412,200,0
L,300.4,309.3,39.6,1525,202,0
M,300.3,309.3,57.9,1391,204,0
L,300.4,309.3,28.2,1766,207,0
L,300.4,309.3,35.0,1671,209,0
L,300.5,309.3,48.8,1373,211,0
M,300.5,309.4,50.1,1347,213,0
M,300.5,309.3,39.1,1539,216,0
L,300.5,309.3,40.8,1470,219,0
L,300.5,309.3,37.0,1528,221,0
H,300.5,309.3,45.2,1471,223,0
M,300.4,309.2,37.2,1528,228,0
L,300.5,309.3,51.5,1417,231,1
L,300.6,309.4,43.4,1549,233,0
H,300.6,309.4,49.2,1463,235,0
L,300.7,309.5,43.6,1479,240,0
L,300.6,309.5,23.0,1867,242,0
L,300.6,309.4,44.1,1471,244,0
H,300.6,309.4,47.6,1380,246,1
H,300.7,309.7,32.7,1623,0,0
L,300.8,309.7,20.7,1997,5,0
H,300.7,309.6,48.5,1390,7,0
L,300.8,309.7,46.6,1418,12,0
L,300.8,309.7,35.8,1519,14,0
M,300.8,309.7,39.7,1519,16,0
M,300.7,309.6,37.2,1536,19,0
L,300.8,309.6,28.7,1680,22,0
H,300.6,309.4,37.9,1555,24,0
L,300.6,309.5,49.6,1471,29,0
M,300.5,309.4,23.8,1877,31,0
M,300.5,309.3,30.5,1578,34,0
M,300.5,309.4,32.1,1655,37,0
H,300.5,309.4,34.3,1502,40,0
M,300.6,309.4,63.2,1367,45,1
L,300.7,309.5,37.2,1541,48,0
M,300.6,309.6,37.0,1588,50,0
L,300.6,309.6,32.8,1684,53,0
L,300.6,309.5,40.0,1437,55,0
L,300.6,309.6,42.4,1409,57,0
M,300.5,309.5,49.9,1320,59,0
H,300.5,309.5,34.2,1635,62,0
M,300.5,309.5,27.6,1691,67,0
M,300.6,309.6,50.0,1365,70,0
M,300.7,309.7,38.2,1523,73,0
L,300.6,309.7,32.4,1593,76,0
L,300.6,309.6,30.7,1682,78,0
L,300.7,309.6,54.3,1329,80,0
M,300.7,309.6,35.2,1568,82,0
L,300.7,309.6,24.8,1733,85,0
M,300.7,309.6,48.1,1473,87,0
M,300.7,309.5,31.3,1633,90,0
M,300.6,309.5,40.2,1530,93,0
M,300.6,309.5,40.2,1550,96,0
L,300.6,309.4,40.6,1410,99,0
L,300.5,309.3,33.5,1574,101,0
L,300.6,309.4,40.3,1425,103,0
M,300.6,309.4,35.2,1541,105,0
M,300.7,309.5,26.7,1733,108,0
L,300.6,309.4,13.5,2496,111,0
L,300.6,309.4,36.4,1552,113,0
L,300.6,309.3,38.7,1409,115,0
M,300.6,309.4,35.7,1581,117,0
L,300.7,309.5,59.9,1251,120,0
L,300.7,309.6,44.1,1500,122,0
L,300.6,309.5,38.8,1576,124,0
M,300.7,309.5,44.0,1352,126,0
L,300.7,309.6,30.3,1661,129,0
L,300.7,309.6,34.6,1541,131,0
H,300.6,309.6,20.5,1888,133,0
L,300.5,309.5,62.1,1255,138,0
L,300.6,309.6,41.6,1411,140,0
L,300.6,309.5,39.0,1516,142,0
M,300.6,309.5,34.0,1492,144,0
L,300.6,309.6,30.0,1726,147,0
L,300.7,309.7,33.7,1598,149,0
L,300.8,309.8,31.1,1657,151,0
L,300.8,309.7,38.1,1481,153,0
M,300.7,309.7,51.3,1397,155,0
L,300.8,309.7,44.3,1461,158,0
M,300.7,309.6,51.1,1388,160,0
L,300.7,309.7,52.4,1507,163,0
M,300.7,309.6,49.8,1421,165,0
M,300.8,309.7,54.9,1258,168,0
M,300.8,309.7,39.0,1482,171,0
H,300.7,309.6,51.3,1403,174,0
L,300.8,309.7,45.4,1373,179,0
L,300.9,309.7,42.1,1460,181,0
M,300.8,309.7,27.9,1751,183,0
M,300.8,309.6,42.3,1546,186,0
M,300.8,309.7,28.2,1680,189,0
M,300.9,309.7,48.8,1394,192,0
L,300.7,309.6,26.0,1810,195,0
L,300.7,309.5,34.5,1479,197,0
L,300.9,309.7,41.4,1431,199,0
L,300.9,309.7,14.4,2355,201,0
M,300.7,309.6,19.8,1996,203,1
L,300.7,309.5,49.9,1461,0,0
H,300.7,309.5,19.7,2007,2,0
L,300.7,309.6,34.9,1505,7,0
H,300.7,309.6,20.5,1925,9,0
M,300.7,309.5,30.5,1622,14,0
L,300.7,309.5,29.0,1592,17,0
L,300.7,309.5,24.5,1850,19,0
M,300.7,309.5,48.7,1470,21,0
M,300.7,309.5,46.4,1445,24,0
L,300.7,309.5,31.1,1685,27,0
H,300.7,309.5,30.5,1667,29,0
L,300.7,309.5,35.4,1578,34,0
H,300.6,309.4,28.0,1691,36,0
M,300.7,309.5,43.8,1439,41,0
M,300.8,309.6,38.7,1404,44,0
L,300.8,309.6,45.8,1498,47,0
M,300.8,309.5,44.5,1481,49,0
M,300.7,309.4,35.0,1589,52,0
L,300.7,309.5,44.3,1467,55,0
L,300.6,309.4,32.8,1654,57,0
L,300.7,309.5,39.9,1508,59,0
M,300.7,309.6,43.0,1439,61,0
L,300.7,309.5,30.3,1692,64,0
M,300.7,309.5,24.9,1838,66,0
L,300.6,309.3,40.2,1601,69,0
L,300.6,309.4,51.6,1369,71,0
M,300.6,309.4,45.2,1312,73,0
L,300.6,309.4,44.1,1468,76,0
M,300.6,309.4,39.4,1452,78,0
M,300.7,309.5,43.9,1393,81,0
M,300.6,309.4,44.2,1432,84,0
M,300.6,309.3,46.0,1510,87,0
M,300.6,309.4,37.2,1521,90,0
H,300.5,309.4,46.2,1360,93,0
M,300.5,309.3,25.5,1881,98,0
L,300.4,309.3,50.3,1413,101,0
H,300.5,309.4,36.2,1642,103,0
L,300.5,309.5,38.5,1542,108,0
L,300.4,309.5,39.3,1447,110,0
H,300.4,309.4,40.4,1530,112,0
L,300.5,309.5,27.7,1795,117,0
L,300.6,309.6,57.4,1290,119,0
L,300.6,309.7,30.4,1639,121,0
L,300.7,309.8,31.5,1596,123,0
L,300.6,309.8,48.0,1455,125,0
M,300.6,309.8,28.9,1659,127,0
M,300.6,309.8,42.5,1532,130,0
L,300.6,309.8,42.4,1502,133,0
L,300.6,309.8,28.6,1688,135,0
M,300.5,309.7,50.9,1341,137,0
M,300.5,309.7,29.4,1685,140,0
M,300.5,309.8,55.9,1370,143,0
L,300.5,309.8,52.5,1461,146,0
L,300.5,309.8,37.4,1550,148,0
M,300.5,309.8,37.8,1508,150,0
L,300.5,309.8,62.7,1345,153,0
L,300.5,309.7,34.5,1616,155,0
L,300.5,309.7,61.0,1395,157,0
H,300.5,309.8,72.8,1324,159,1
L,300.5,309.8,43.9,1445,164,0
M,300.5,309.8,38.9,1555,166,0
M,300.6,309.9,42.4,1449,169,0
M,300.5,309.9,53.2,1466,172,0
L,300.5,309.9,37.4,1503,175,0
L,300.4,309.7,35.7,1488,177,0
L,300.4,309.7,50.2,1314,179,0
M,300.4,309.7,38.0,1547,181,0
M,300.4,309.7,39.8,1466,184,0
L,300.3,309.6,37.1,1537,187,0
M,300.2,309.5,51.5,1434,189,0
L,300.4,309.6,44.7,1432,192,0
L,300.5,309.6,48.4,1390,194,0
L,300.5,309.7,42.8,1580,196,0
L,300.5,309.7,30.5,1589,198,0
L,300.5,309.8,48.8,1441,200,0
L,300.5,309.8,51.7,1305,202,0
M,300.5,309.8,35.9,1566,204,0
L,300.5,309.8,54.2,1379,207,1
L,300.4,309.6,38.1,1543,209,0
L,300.5,309.8,49.6,1421,211,0
L,300.5,309.6,30.6,1760,213,0
L,300.4,309.5,29.2,1711,215,0
L,300.5,309.6,41.6,1465,217,0
L,300.5,309.6,50.2,1366,219,0
M,300.4,309.5,21.9,1888,221,0
L,300.5,309.5,23.6,1777,0,0
L,300.5,309.5,55.6,1379,2,0
L,300.4,309.5,51.3,1525,4,0
M,300.4,309.6,34.0,1563,6,0
M,300.5,309.7,43.3,1389,9,0
M,300.6,309.8,42.9,1447,12,0
M,300.6,309.7,22.8,1934,15,0
H,300.6,309.7,43.8,1470,18,0
M,300.6,309.7,42.6,1428,23,0
L,300.4,309.6,48.1,1319,26,0
L,300.5,309.7,24.3,1887,28,0
L,300.4,309.5,50.4,1349,30,0
M,300.3,309.5,31.4,1665,32,0
L,300.3,309.5,38.7,1474,35,0
L,300.4,309.5,38.9,1543,37,0
M,300.2,309.4,43.9,1459,39,0
L,300.3,309.5,37.9,1551,42,0
L,300.2,309.4,21.4,1981,44,0
L,300.2,309.4,35.3,1526,46,0
M,300.2,309.4,40.0,1501,48,0
L,300.2,309.4,38.3,1558,51,0
L,300.2,309.3,43.2,1532,53,0
L,300.1,309.2,55.9,1326,55,0
L,300.2,309.2,51.3,1431,57,0
L,300.2,309.3,49.3,1366,59,0
L,300.1,309.2,42.5,1421,61,0
H,300.2,309.3,35.6,1506,63,0
H,300.2,309.3,48.7,1342,68,0
L,300.1,309.2,37.6,1427,73,0
L,300.2,309.2,29.9,1667,75,0
L,300.1,309.1,46.7,1400,77,0
L,300.0,309.0,32.1,1709,79,0
M,300.0,309.0,45.8,1368,81,0
L,300.0,309.1,23.8,1882,84,0
L,300.1,309.1,58.7,1353,86,0
L,299.9,309.0,40.0,1553,88,0
L,300.0,309.1,45.4,1431,90,0
M,300.1,309.1,30.4,1731,92,0
M,300.1,309.2,27.7,1687,95,0
M,300.1,309.2,44.3,1457,98,0
L,300.1,309.2,37.0,1533,101,0
H,300.0,309.0,31.8,1622,103,0
L,300.0,309.1,28.2,1791,108,0
L,300.0,309.1,28.3,1631,110,0
L,300.0,309.0,16.9,2174,112,0
L,300.1,309.0,58.2,1314,114,0
L,300.1,309.1,46.9,1478,116,0
L,300.1,309.2,27.3,1783,118,0
M,300.1,309.2,46.1,1385,120,0
L,300.0,309.2,43.6,1444,123,0
L,300.1,309.3,23.0,1841,125,0
M,300.1,309.4,56.2,1349,127,0
L,300.1,309.3,56.0,1340,130,0
M,299.9,309.2,43.2,1539,132,0
M,300.0,309.3,21.8,1932,135,0
M,300.0,309.3,43.9,1407,138,0
L,300.1,309.3,28.5,1712,141,0
H,300.1,309.4,55.2,1329,143,0
L,300.1,309.2,42.9,1441,148,0
L,300.0,309.2,32.1,1610,150,0
M,300.0,309.1,45.2,1474,152,0
M,300.0,309.1,30.8,1624,155,0
H,300.1,309.3,38.2,1520,158,0
H,300.1,309.3,45.8,1448,163,0
L,300.0,309.3,29.7,1558,168,0
M,300.0,309.3,16.3,2293,170,0
L,300.0,309.3,51.2,1397,173,0
L,300.0,309.3,22.0,1972,175,0
M,299.9,309.2,36.5,1574,177,0
L,299.9,309.2,38.9,1560,180,0
M,299.9,309.2,49.8,1353,182,0
M,299.9,309.2,51.2,1389,185,0
M,299.9,309.1,43.8,1513,188,0
L,299.8,309.1,42.1,1578,191,0
H,299.8,309.0,37.3,1467,193,0
L,299.9,309.1,48.3,1412,198,0
L,299.8,309.1,30.3,1668,200,0
M,299.8,309.2,29.8,1678,202,0
L,299.8,309.1,35.4,1612,205,0
L,299.8,309.1,39.9,1485,207,0
M,299.8,309.1,39.4,1456,209,0
L,299.8,309.2,38.7,1504,212,0
L,299.9,309.2,44.3,1491,214,0
H,299.9,309.2,33.2,1525,0,0
L,300.0,309.2,27.9,1759,5,0
M,299.8,309.1,56.7,1355,7,0
M,299.9,309.1,56.8,1345,10,0
M,299.9,309.2,30.5,1683,13,0
L,299.9,309.2,34.8,1658,16,0
L,300.0,309.2,34.4,1566,18,0
M,300.1,309.3,43.9,1469,20,0
M,300.2,309.5,46.9,1458,23,0
L,300.1,309.4,23.6,1858,26,0
H,300.1,309.4,40.8,1563,28,0
L,300.1,309.4,17.9,2141,33,0
L,300.0,309.3,46.0,1473,35,0
H,300.0,309.4,38.5,1498,37,0
L,300.1,309.4,39.7,1568,42,0
L,300.1,309.4,27.4,1694,44,0
L,300.0,309.4,35.7,1499,46,0
L,300.0,309.5,28.3,1717,48,0
M,300.1,309.5,42.8,1462,50,0
L,300.1,309.6,34.5,1642,53,0
L,300.1,309.6,25.4,1760,55,0
L,300.1,309.5,32.7,1660,57,0
L,300.1,309.5,40.6,1557,59,0
H,300.2,309.6,49.2,1442,61,0
L,300.2,309.6,51.5,1359,66,0
L,300.4,309.8,52.5,1342,68,0
L,300.4,309.9,54.8,1435,70,0
L,300.4,309.9,36.5,1567,72,0
L,300.4,309.9,43.5,1376,74,0
H,300.4,309.9,38.7,1513,76,0
H,300.4,309.9,12.8,2563,81,1
L,300.5,310.0,45.1,1521,86,0
L,300.6,310.0,34.7,1658,88,0
H,300.6,310.0,42.4,1419,90,0
M,300.6,310.0,36.3,1478,95,0
M,300.5,310.0,43.5,1415,98,0
M,300.5,309.9,26.5,1780,101,0
M,300.4,309.7,42.8,1440,104,0
H,300.4,309.8,39.7,1448,107,0
H,300.4,309.7,35.2,1500,112,0
L,300.4,309.8,32.9,1513,117,0
L,300.5,309.8,43.8,1428,119,0
M,300.5,309.8,42.3,1473,121,0
M,300.5,309.9,49.3,1483,124,0
L,300.4,309.7,42.5,1534,127,0
L,300.5,309.8,54.0,1367,129,0
L,300.4,309.7,36.9,1467,131,0
M,300.4,309.7,42.2,1488,133,0
L,300.4,309.7,30.1,1679,136,0
H,300.4,309.8,47.5,1409,138,0
M,300.4,309.7,51.2,1367,143,0
L,300.4,309.8,63.1,1314,146,0
L,300.5,309.9,40.0,1480,148,0
L,300.4,309.8,38.9,1549,150,0
L,300.4,309.7,31.3,1685,152,0
L,300.4,309.6,34.5,1536,154,0
M,300.4,309.7,37.7,1539,156,0
L,300.4,309.7,45.1,1384,159,0
M,300.4,309.6,30.3,1614,161,0
M,300.4,309.6,35.5,1675,164,0
M,300.4,309.7,32.3,1685,167,0
L,300.4,309.6,56.9,1386,170,0
M,300.3,309.6,41.3,1488,172,0
L,300.3,309.6,32.6,1624,175,0
L,300.3,309.6,34.6,1600,177,0
L,300.3,309.6,44.7,1468,179,0
L,300.3,309.6,45.4,1435,181,0
M,300.2,309.5,33.4,1564,183,0
M,300.2,309.4,53.6,1329,186,0
L,300.1,309.3,36.8,1570,189,0
M,300.2,309.4,48.8,1433,191,0
L,300.2,309.4,37.0,1527,194,0
M,300.1,309.3,50.3,1443,196,0
L,300.1,309.3,32.0,1616,199,0
L,300.1,309.3,31.0,1654,201,0
L,300.1,309.3,27.1,1685,203,0
M,300.2,309.4,48.8,1456,205,0
M,300.2,309.4,27.8,1752,208,0
M,300.1,309.2,51.0,1438,211,0
L,300.1,309.1,33.7,1551,214,0
L,300.1,309.2,30.1,1599,216,0
M,300.1,309.2,33.7,1732,218,0
M,300.1,309.2,39.8,1418,221,0
L,300.0,309.1,44.5,1401,0,0
L,300.0,309.0,51.7,1454,2,0
M,300.0,309.2,32.4,1635,4,0
L,300.0,309.1,40.3,1489,7,0
L,300.0,309.1,40.6,1465,9,0
M,300.0,309.1,45.7,1463,11,0
H,300.1,309.1,35.4,1560,14,0
M,300.1,309.2,44.4,1454,19,0
L,300.2,309.1,47.0,1479,22,0
L,300.2,309.2,43.4,1430,24,0
M,300.1,309.1,38.0,1533,26,0
L,300.1,309.0,54.8,1404,29,0
M,300.1,308.9,38.4,1548,31,0
M,300.1,309.0,33.0,1612,34,0
M,300.2,309.0,31.2,1642,37,0
M,300.2,309.1,42.2,1406,40,0
L,300.3,309.2,31.4,1587,43,0
M,300.3,309.2,47.6,1364,45,0
L,300.3,309.2,51.4,1462,48,0
L,300.3,309.2,32.4,1649,50,0
L,300.4,309.2,29.0,1752,52,0
H,300.4,309.3,51.2,1396,54,0
M,300.5,309.4,16.3,2179,59,0
L,300.5,309.5,27.6,1653,62,0
L,300.6,309.5,21.4,2025,64,0
L,300.6,309.6,53.6,1426,66,0
M,300.6,309.6,38.4,1503,68,0
M,300.7,309.6,36.5,1525,71,0
L,300.6,309.6,49.1,1423,74,0
M,300.7,309.7,44.7,1435,76,0
H,300.6,309.5,36.5,1495,79,0
M,300.6,309.5,33.8,1557,84,0
L,300.6,309.4,40.7,1474,87,0
L,300.5,309.3,46.0,1465,89,0
M,300.5,309.3,34.9,1589,91,0
L,300.5,309.3,46.8,1475,94,0
L,300.6,309.4,43.2,1442,96,0
L,300.6,309.4,36.0,1556,98,0
L,300.7,309.3,45.3,1425,100,0
L,300.7,309.3,38.3,1580,102,0
H,300.8,309.4,40.7,1474,104,0
L,300.8,309.4,38.4,1489,109,0
L,300.8,309.4,20.5,1946,111,0
M,300.8,309.4,62.4,1342,113,1
M,300.9,309.5,26.8,1758,116,0
M,300.9,309.4,25.6,1724,119,0
L,301.0,309.5,48.5,1430,122,0
L,300.9,309.5,35.2,1612,124,0
H,300.9,309.5,43.4,1469,126,0
L,300.9,309.6,42.4,1384,131,0
L,301.0,309.6,28.1,1724,133,0
M,301.0,309.6,48.0,1397,135,0
M,301.0,309.6,32.7,1588,138,0
L,301.0,309.7,42.0,1468,141,0
M,301.0,309.8,31.1,1594,143,0
M,301.0,309.7,39.3,1511,146,0
L,301.1,309.8,38.9,1493,149,0
H,301.2,309.8,27.0,1709,151,0
L,301.1,309.6,36.1,1501,156,0
L,301.1,309.7,30.8,1668,158,0
L,301.1,309.6,48.9,1502,160,0
M,301.0,309.7,58.4,1288,162,0
L,301.0,309.7,42.9,1491,165,0
L,301.1,309.8,39.6,1519,167,0
L,301.2,309.9,19.7,1984,169,0
L,301.2,309.9,32.9,1643,171,0
M,301.2,310.0,31.6,1625,173,0
M,301.3,310.0,17.8,2068,176,0
H,301.3,310.1,39.7,1469,179,0
L,301.3,310.1,36.3,1558,184,0
L,301.3,310.0,54.8,1344,186,0
H,301.3,310.1,44.1,1455,188,0
L,301.3,310.1,53.6,1355,193,0
L,301.3,310.1,56.8,1269,195,1
L,301.3,310.0,41.5,1550,197,0
M,301.3,310.1,37.8,1525,199,0
M,301.3,310.0,32.4,1696,202,0
L,301.4,310.1,21.8,1937,205,0
M,301.4,310.0,32.1,1689,207,0
M,301.3,310.0,30.8,1593,210,0
M,301.3,309.9,36.0,1565,213,0
L,301.3,310.0,31.4,1665,0,0
H,301.3,310.0,36.3,1532,2,0
L,301.3,310.0,40.9,1438,7,0
L,301.3,310.1,41.6,1531,9,0
L,301.3,310.0,40.8,1506,11,0
L,301.2,309.9,52.4,1382,13,0
M,301.2,309.9,50.8,1456,15,0
M,301.2,310.0,45.6,1445,18,0
L,301.2,309.9,40.9,1515,21,0
L,301.2,309.9,45.5,1449,23,0
H,301.2,309.9,50.7,1362,25,0
L,301.2,309.9,29.7,1687,30,0
L,301.2,310.0,37.6,1618,32,0
M,301.2,310.1,32.6,1558,34,0
L,301.3,310.1,31.0,1662,37,0
M,301.2,310.1,56.6,1295,39,0
L,301.2,310.2,42.3,1385,42,0
M,301.2,310.1,45.5,1479,44,0
L,301.3,310.3,44.3,1400,47,0
M,301.2,310.3,54.5,1357,49,0
L,301.1,310.2,34.1,1657,52,0
L,301.1,310.2,43.4,1496,54,0
M,301.2,310.3,43.2,1379,56,0
L,301.2,310.3,38.6,1548,59,0
L,301.2,310.3,38.1,1499,61,0
L,301.3,310.5,45.8,1390,63,0
H,301.3,310.4,38.4,1538,65,0
L,301.3,310.5,47.7,1365,70,0
L,301.3,310.5,48.6,1503,72,0
L,301.2,310.4,49.9,1390,74,0
L,301.2,310.3,45.7,1497,76,0
M,301.3,310.4,48.3,1577,78,0
L,301.4,310.5,54.3,1432,81,0
M,301.4,310.5,39.9,1563,83,0
L,301.4,310.4,43.4,1433,86,0
L,301.3,310.4,50.1,1384,88,0
L,301.3,310.4,46.7,1346,90,0
L,301.3,310.4,44.7,1459,92,0
L,301.4,310.4,28.9,1639,94,0
L,301.4,310.4,31.9,1737,96,0
L,301.4,310.5,43.5,1489,98,0
M,301.5,310.6,43.0,1492,100,0
M,301.4,310.5,60.6,1217,103,0
L,301.5,310.5,28.7,1636,106,0
L,301.4,310.4,49.7,1436,108,0
L,301.4,310.4,30.6,1689,110,0
L,301.5,310.5,16.4,2289,112,0
L,301.5,310.6,41.0,1522,114,0
L,301.5,310.5,52.9,1351,116,0
L,301.5,310.5,36.7,1589,118,0
L,301.5,310.6,34.1,1578,120,0
L,301.5,310.6,33.7,1587,122,0
L,301.5,310.6,20.2,1962,124,0
M,301.5,310.6,14.2,2432,126,0
L,301.6,310.6,43.9,1418,129,0
L,301.6,310.7,29.7,1683,131,0
L,301.7,310.8,50.7,1385,133,0
L,301.7,310.8,44.5,1559,135,0
M,301.7,310.8,31.6,1671,137,0
M,301.6,310.8,49.5,1343,140,0
M,301.6,310.8,34.2,1548,143,0
L,301.7,310.9,31.2,1705,146,0
L,301.6,310.8,35.4,1535,148,0
L,301.6,310.8,34.1,1564,150,0
M,301.6,310.9,40.9,1510,152,0
L,301.6,310.9,45.2,1492,155,0
M,301.5,310.8,44.1,1452,157,0
H,301.4,310.7,52.0,1329,160,0
L,301.5,310.8,52.4,1382,165,0
M,301.5,310.8,36.4,1628,167,0
L,301.4,310.7,27.9,1706,170,0
L,301.3,310.7,34.1,1594,172,0
L,301.3,310.7,24.3,1761,174,0
L,301.3,310.6,41.8,1529,176,0
M,301.3,310.7,40.7,1532,178,0
L,301.4,310.7,27.8,1673,181,0
L,301.4,310.8,62.6,1285,183,1
L,301.4,310.8,31.4,1680,185,0
L,301.4,310.8,34.6,1610,187,0
L,301.6,310.9,31.6,1632,189,0
L,301.6,310.9,40.2,1559,191,0
L,301.5,310.8,49.0,1367,193,0
L,301.6,310.8,57.8,1355,195,1
H,301.6,310.7,51.7,1414,197,0
L,301.5,310.6,36.6,1522,202,0
L,301.5,310.6,41.9,1525,204,0
L,301.5,310.6,46.5,1394,206,0
L,301.5,310.6,40.7,1519,208,0
L,301.4,310.6,43.9,1445,210,0
L,301.4,310.6,43.3,1555,212,0
L,301.4,310.5,39.5,1633,0,0
M,301.4,310.6,30.3,1630,2,0
M,301.4,310.7,32.3,1692,5,0
H,301.5,310.7,26.2,1790,8,0
L,301.5,310.8,58.5,1350,13,0
L,301.5,310.9,8.0,2760,15,1
L,301.4,310.7,32.2,1584,17,0
L,301.4,310.7,21.8,1989,19,0
L,301.4,310.8,44.3,1431,21,0
L,301.4,310.7,35.2,1568,23,0
L,301.4,310.7,50.6,1376,25,0
M,301.4,310.6,46.9,1459,27,0
M,301.5,310.8,47.5,1385,30,0
H,301.5,310.8,29.6,1591,33,0
L,301.5,310.7,33.1,1568,38,0
M,301.4,310.7,37.7,1459,40,0
L,301.4,310.7,36.3,1590,43,0
L,301.3,310.6,47.6,1376,45,0
L,301.3,310.6,38.5,1510,47,0
H,301.4,310.6,33.6,1674,49,0
L,301.3,310.6,40.7,1426,54,0
L,301.5,310.7,43.6,1466,56,0
H,301.5,310.8,38.7,1474,58,0
M,301.6,310.8,65.3,1290,63,0
M,301.7,310.9,48.0,1435,66,0
M,301.5,310.7,53.2,1416,69,0
H,301.5,310.7,40.4,1599,72,0
L,301.5,310.7,47.3,1466,77,0
L,301.5,310.7,47.3,1408,79,0
L,301.5,310.6,48.1,1490,81,0
L,301.5,310.6,42.3,1405,83,0
L,301.4,310.5,33.3,1647,85,0
M,301.4,310.6,35.0,1459,87,0
L,301.4,310.6,30.7,1648,90,0
L,301.4,310.7,30.7,1675,92,0
L,301.4,310.7,34.2,1605,94,0
H,301.4,310.7,44.4,1536,96,0
M,301.4,310.7,34.3,1617,101,0
L,301.4,310.6,53.3,1347,104,0
L,301.3,310.5,52.7,1337,106,0
L,301.3,310.4,30.9,1695,108,0
M,301.3,310.4,32.5,1635,110,0
L,301.2,310.4,44.0,1470,113,0
L,301.2,310.4,49.8,1381,115,0
M,301.2,310.4,41.6,1382,117,0
M,301.2,310.4,30.0,1697,120,0
L,301.2,310.3,39.7,1451,123,0
L,301.3,310.3,55.7,1419,125,0
L,301.3,310.3,55.6,1313,127,0
L,301.3,310.3,36.3,1560,129,0
L,301.3,310.3,41.2,1555,131,0
L,301.4,310.4,36.9,1579,133,0
L,301.5,310.5,44.6,1435,135,0
L,301.6,310.6,33.7,1621,137,0
H,301.6,310.6,40.4,1555,139,0
L,301.5,310.5,33.8,1611,144,0
L,301.6,310.6,23.5,1834,146,0
M,301.5,310.5,29.8,1612,148,0
L,301.5,310.4,34.1,1629,151,0
L,301.4,310.4,35.2,1496,153,0
L,301.5,310.5,32.9,1593,155,0
M,301.5,310.5,33.5,1623,157,0
L,301.5,310.5,48.7,1380,160,0
L,301.6,310.6,34.4,1562,162,0
L,301.6,310.6,49.4,1391,164,0
H,301.5,310.5,34.3,1551,166,0
H,301.6,310.6,26.2,1821,171,0
L,301.6,310.7,43.6,1429,176,0
M,301.6,310.7,20.7,2012,178,0
M,301.6,310.6,23.6,1924,181,0
M,301.5,310.5,44.1,1412,184,0
L,301.5,310.5,54.9,1389,187,0
L,301.5,310.5,48.1,1466,189,0
L,301.5,310.5,15.8,2297,191,0
L,301.4,310.4,37.5,1471,193,0
L,301.4,310.3,41.4,1492,195,0
L,301.3,310.3,41.5,1460,197,0
L,301.4,310.4,39.4,1559,199,0
M,301.4,310.5,52.5,1495,201,0
L,301.5,310.5,39.0,1535,204,0
L,301.5,310.6,50.7,1381,206,0
M,301.6,310.6,36.1,1599,208,0
H,301.6,310.6,49.5,1400,211,0
L,301.7,310.6,34.5,1624,216,0
L,301.6,310.6,36.6,1478,218,0
L,301.7,310.7,33.3,1605,220,0
L,301.6,310.6,43.4,1506,222,0
L,301.6,310.6,43.9,1455,0,0
H,301.6,310.5,32.3,1602,2,0
L,301.5,310.4,54.4,1425,7,0
L,301.5,310.4,21.8,1918,9,0
H,301.4,310.3,41.5,1611,11,0
H,301.4,310.4,38.6,1610,16,0
M,301.5,310.4,12.0,2639,21,1
L,301.5,310.4,46.6,1329,24,0
L,301.5,310.4,54.2,1270,26,0
L,301.5,310.3,41.6,1415,28,0
H,301.6,310.4,49.5,1330,30,0
H,301.6,310.5,27.1,1786,35,0
L,301.6,310.5,25.5,1809,40,0
L,301.7,310.6,59.7,1303,42,0
M,301.8,310.7,45.7,1383,44,0
L,301.7,310.6,56.9,1447,47,0
L,301.8,310.7,44.2,1461,49,0
L,301.8,310.7,18.6,2092,51,0
M,301.8,310.7,47.9,1429,53,0
L,301.8,310.8,26.5,1736,56,0
L,301.8,310.7,49.3,1441,58,0
L,301.8,310.7,43.3,1523,60,0
M,301.8,310.8,33.4,1691,62,0
M,301.9,310.8,35.3,1557,65,0
L,301.8,310.7,33.4,1644,68,0
L,301.8,310.6,43.8,1522,70,0
L,301.8,310.7,41.7,1547,72,0
L,301.8,310.7,30.8,1597,74,0
M,301.8,310.8,31.0,1619,76,0
L,301.9,310.8,58.2,1400,79,0
L,302.0,310.9,31.5,1663,81,0
L,301.9,310.8,37.6,1540,83,0
H,301.9,310.8,42.7,1455,85,0
L,301.9,310.8,39.0,1519,90,0
L,301.9,310.8,47.7,1427,92,0
L,301.9,310.8,29.8,1650,94,0
M,301.8,310.8,38.8,1508,96,0
L,301.9,310.9,54.8,1379,99,0
L,301.9,310.9,36.7,1542,101,0
M,301.9,310.9,28.4,1763,103,0
H,301.9,310.9,34.3,1590,106,0
H,301.9,311.0,63.6,1336,111,0
M,301.9,311.0,35.4,1638,116,0
L,301.9,311.0,45.7,1356,119,0
M,301.9,311.0,47.4,1384,121,0
L,301.9,310.9,48.0,1309,124,0
L,301.9,311.0,33.1,1642,126,0
L,301.9,311.0,54.9,1289,128,0
L,301.9,311.0,43.8,1353,130,0
H,301.9,311.0,26.0,1871,132,0
H,301.9,311.0,63.6,1291,137,0
M,301.8,310.9,44.6,1346,142,0
L,301.7,310.8,47.6,1493,145,0
M,301.7,310.8,41.3,1524,147,0
L,301.6,310.8,26.7,1726,150,0
H,301.6,310.8,47.2,1435,152,0
M,301.7,310.8,34.4,1502,157,0
L,301.7,310.9,33.0,1608,160,0
L,301.8,311.0,27.2,1771,162,0
L,301.7,311.0,42.6,1474,164,0
L,301.8,311.0,53.0,1322,166,0
M,301.8,311.0,49.5,1393,168,0
M,301.9,311.1,52.5,1417,171,0
H,301.9,311.0,49.8,1430,174,0
M,301.9,311.1,40.0,1605,179,0
L,302.0,311.1,47.8,1402,182,0
L,302.0,311.0,35.2,1550,184,0
L,301.9,311.0,44.9,1376,186,0
M,301.9,310.9,32.5,1569,188,0
L,301.9,311.0,32.2,1669,191,0
L,301.9,311.0,38.9,1541,193,0
L,301.8,311.0,32.5,1651,195,0
L,301.8,310.9,39.3,1521,197,0
M,301.8,310.8,48.2,1365,199,0
L,301.8,310.9,31.7,1609,202,0
H,301.8,310.8,37.6,1470,204,0
M,301.9,310.9,38.9,1573,209,0
L,302.0,310.9,53.1,1378,212,1
L,301.9,310.9,39.0,1567,214,1
M,301.9,310.9,43.7,1441,0,0
M,301.9,310.9,33.2,1641,3,0
L,301.9,310.9,40.3,1486,6,0
L,302.0,311.0,36.2,1563,8,0
M,302.0,311.1,26.0,1769,10,0
H,301.9,311.0,29.9,1672,13,0
L,302.0,311.0,34.2,1632,18,0
M,302.0,311.0,21.5,1980,20,0
L,302.0,311.1,36.0,1635,23,0
L,302.0,311.0,32.5,1686,25,0
L,301.9,310.9,31.4,1574,27,0
L,301.8,310.8,43.4,1546,29,0
L,301.8,310.9,24.7,1899,31,0
L,301.8,310.9,36.5,1449,33,0
M,301.9,310.9,37.0,1483,35,0
L,301.8,310.8,38.6,1576,38,0
M,301.9,310.9,51.9,1317,40,0
M,301.9,311.0,48.1,1467,43,0
L,301.9,310.9,34.5,1616,46,0
M,301.8,310.9,60.4,1299,48,0
M,301.9,311.0,41.5,1432,51,0
L,301.9,310.9,24.2,1799,54,0
M,301.8,310.9,52.3,1358,56,0
M,301.8,310.8,37.8,1618,59,0
L,301.9,310.8,43.2,1525,62,0
L,301.8,310.7,37.7,1551,64,0
L,301.9,310.8,31.5,1735,66,0
M,301.8,310.7,43.3,1309,68,0
L,301.7,310.6,26.2,1743,71,0
M,301.7,310.7,29.9,1659,73,0
L,301.8,310.7,32.4,1680,76,0
L,301.7,310.6,38.5,1486,78,0
L,301.7,310.6,43.8,1471,80,0
M,301.8,310.7,35.8,1465,82,0
M,301.7,310.6,42.2,1492,85,0
M,301.8,310.7,52.0,1420,88,0
L,301.8,310.6,62.3,1295,91,0
L,301.8,310.5,34.1,1548,93,0
L,301.8,310.6,54.7,1372,95,0
M,301.8,310.6,35.9,1552,97,0
H,301.8,310.6,46.3,1441,100,0
M,301.7,310.6,27.7,1691,105,0
L,301.8,310.6,50.7,1451,108,0
L,301.8,310.6,48.4,1452,110,0
L,301.7,310.6,46.0,1406,112,0
L,301.7,310.5,39.1,1567,114,0
L,301.6,310.4,41.7,1599,116,0
M,301.6,310.4,39.0,1455,118,0
M,301.7,310.5,35.9,1625,121,0
L,301.8,310.6,11.8,2672,124,1
L,301.8,310.6,31.9,1650,126,0
M,301.8,310.6,40.2,1459,128,0
L,301.8,310.6,50.5,1395,131,0
L,301.8,310.7,29.3,1751,133,0
L,301.8,310.6,68.9,1192,135,0
L,301.9,310.7,25.0,1947,137,0
L,301.8,310.5,34.9,1593,139,0
H,301.8,310.5,38.6,1478,141,0
M,301.7,310.6,44.5,1505,146,0
L,301.7,310.5,13.7,2465,149,0
L,301.8,310.6,46.8,1403,151,0
M,301.7,310.5,41.4,1458,153,0
H,301.6,310.4,45.4,1369,156,0
M,301.6,310.4,44.9,1377,161,0
M,301.6,310.4,45.7,1452,164,0
L,301.6,310.4,41.1,1517,167,0
L,301.7,310.5,50.0,1354,169,0
M,301.7,310.5,33.0,1724,171,0
L,301.7,310.5,53.2,1399,174,0
H,301.7,310.5,50.5,1388,176,0
L,301.7,310.5,34.7,1523,181,0
L,301.7,310.5,43.1,1377,183,0
M,301.7,310.6,45.2,1417,185,0
L,301.7,310.7,40.0,1542,188,0
L,301.8,310.8,33.3,1557,190,0
L,301.7,310.7,31.9,1641,192,0
L,301.7,310.7,55.0,1318,194,0
L,301.6,310.7,33.8,1638,196,0
M,301.7,310.8,21.6,1954,198,0
M,301.7,310.9,32.5,1644,201,0
M,301.7,310.8,32.4,1594,204,0
L,301.7,310.9,46.4,1405,207,1
L,301.7,310.8,37.8,1622,0,0
L,301.7,310.9,39.4,1557,2,0
L,301.8,311.0,33.3,1606,4,0
M,301.8,311.1,31.6,1647,6,0
M,301.8,311.1,42.2,1413,9,0
L,301.8,311.0,41.6,1529,12,0
L,301.9,311.1,46.3,1448,14,0
L,301.9,311.2,44.2,1435,16,0
H,301.9,311.2,41.8,1474,18,0
L,301.9,311.2,29.1,1657,23,0
L,302.0,311.3,39.9,1509,25,0
M,302.0,311.3,36.4,1530,27,0
M,302.0,311.4,35.9,1587,30,0
M,302.1,311.4,43.4,1467,33,0
M,302.2,311.5,53.0,1360,36,0
L,302.2,311.5,30.6,1588,39,0
L,302.2,311.4,32.1,1609,41,0
L,302.1,311.3,44.1,1415,43,0
L,302.0,311.2,27.3,1845,45,0
M,302.1,311.4,36.2,1419,47,0
L,302.1,311.3,30.6,1634,50,0
M,302.2,311.3,40.6,1521,52,0
L,302.2,311.4,37.7,1499,55,0
M,302.1,311.2,35.1,1616,57,0
L,302.2,311.4,46.5,1449,60,0
M,302.2,311.4,31.6,1626,62,0
M,302.3,311.5,44.8,1445,65,0
L,302.4,311.6,35.0,1622,68,0
H,302.4,311.6,39.1,1544,70,0
L,302.3,311.6,41.8,1488,75,0
L,302.3,311.6,57.6,1309,77,0
L,302.3,311.6,26.4,1784,79,0
L,302.2,311.5,32.4,1548,81,0
L,302.2,311.5,43.5,1413,83,0
M,302.2,311.5,25.7,1863,85,0
L,302.2,311.5,43.8,1427,88,0
M,302.2,311.5,47.0,1443,90,0
L,302.2,311.5,40.4,1481,93,0
L,302.1,311.4,39.7,1446,95,0
L,302.1,311.5,44.9,1444,97,0
M,302.1,311.5,50.8,1341,99,0
L,302.1,311.4,37.4,1518,102,0
L,302.1,311.4,35.9,1603,104,0
L,302.1,311.4,30.9,1686,106,0
M,302.1,311.5,53.6,1383,108,0
L,302.1,311.5,45.4,1477,111,0
M,302.2,311.5,44.5,1449,113,0
M,302.2,311.5,25.0,1734,116,0
L,302.3,311.6,49.1,1398,119,0
M,302.3,311.7,36.6,1639,121,0
M,302.3,311.7,37.6,1517,124,0
M,302.3,311.7,41.7,1442,127,0
M,302.3,311.7,30.8,1685,130,0
M,302.4,311.8,50.6,1358,133,0
M,302.3,311.6,39.9,1608,136,0
L,302.3,311.6,34.3,1665,139,0
L,302.3,311.7,38.7,1510,141,0
L,302.4,311.8,40.2,1465,143,0
L,302.3,311.7,27.5,1701,145,0
M,302.3,311.7,39.6,1486,147,0
L,302.3,311.6,32.3,1658,150,0
H,302.3,311.7,44.5,1449,152,0
L,302.2,311.5,52.4,1346,157,0
M,302.1,311.5,23.1,1866,159,0
M,302.2,311.5,38.0,1562,162,0
M,302.3,311.7,53.6,1368,165,0
L,302.2,311.5,33.1,1567,168,0
L,302.2,311.5,34.0,1725,170,0
L,302.2,311.5,31.2,1744,172,0
M,302.1,311.3,45.1,1453,174,0
L,302.1,311.2,34.8,1550,177,0
M,302.0,311.2,39.1,1558,179,0
L,302.0,311.2,65.3,1270,182,1
M,301.9,311.1,51.6,1380,184,0
L,302.0,311.1,50.5,1406,187,0
M,302.0,311.2,30.7,1625,189,0
L,302.0,311.2,45.8,1420,192,0
L,302.1,311.4,22.7,1889,194,0
L,302.1,311.3,43.6,1477,196,0
L,302.1,311.2,46.9,1460,198,0
L,302.1,311.3,24.4,1758,200,0
L,302.1,311.3,31.5,1521,202,0
M,302.1,311.3,45.0,1511,204,0
L,302.2,311.3,37.3,1530,207,1
L,302.1,311.2,46.8,1454,0,0
L,302.2,311.2,23.1,1928,2,0
H,302.2,311.3,26.4,1758,4,0
L,302.2,311.2,33.2,1649,9,0
L,302.1,311.2,50.3,1447,11,0
L,302.1,311.2,48.0,1417,13,0
L,302.0,311.2,44.9,1434,15,0
M,302.0,311.2,49.5,1418,17,0
M,302.0,311.2,49.5,1400,20,0
M,302.0,311.3,27.7,1725,23,0
L,302.0,311.3,41.1,1567,26,0
M,302.1,311.3,38.4,1497,28,0
L,302.1,311.4,44.6,1549,31,0
L,302.2,311.4,26.9,1754,33,0
L,302.2,311.5,38.3,1489,35,0
L,302.2,311.5,38.5,1543,37,0
L,302.3,311.5,33.1,1543,39,0
L,302.3,311.5,35.6,1565,41,0
M,302.3,311.4,23.9,1855,43,0
M,302.4,311.4,45.2,1475,46,0
L,302.3,311.4,32.3,1609,49,0
H,302.3,311.4,44.1,1443,51,0
L,302.4,311.4,44.1,1450,56,0
L,302.4,311.5,39.9,1590,58,0
M,302.4,311.4,41.2,1508,60,0
M,302.2,311.2,43.6,1544,63,0
L,302.2,311.2,41.8,1451,66,0
L,302.3,311.2,24.4,1758,68,0
M,302.3,311.2,47.7,1507,70,0
H,302.3,311.1,37.5,1543,73,0
M,302.3,311.2,36.7,1505,78,0
L,302.3,311.2,24.3,1786,81,0
L,302.3,311.3,44.5,1457,83,0
M,302.4,311.3,61.5,1312,85,0
M,302.3,311.2,47.7,1405,88,0
M,302.2,311.2,43.0,1377,91,0
M,302.2,311.2,49.8,1347,94,0
L,302.2,311.1,39.6,1470,97,0
M,302.2,311.2,24.0,1873,99,0
M,302.2,311.1,58.6,1434,102,0
H,302.2,311.1,30.6,1628,105,0
L,302.2,311.1,48.6,1351,110,0
M,302.3,311.2,43.8,1454,112,0
M,302.2,311.2,29.6,1663,115,0
L,302.3,311.2,49.7,1401,118,0
L,302.4,311.3,38.2,1503,120,0
L,302.4,311.4,35.0,1564,122,0
L,302.5,311.4,24.6,1759,124,0
L,302.5,311.4,53.1,1409,126,0
L,302.6,311.4,25.8,1738,128,0
H,302.5,311.3,47.5,1393,130,0
L,302.5,311.1,38.8,1499,135,0
L,302.5,311.1,39.0,1493,137,0
L,302.4,311.1,33.9,1652,139,0
L,302.3,311.1,29.9,1589,141,0
L,302.4,311.1,42.2,1520,143,0
H,302.3,311.1,40.3,1455,145,0
L,302.2,311.0,46.8,1463,150,0
L,302.3,311.0,43.7,1442,152,0
L,302.3,311.0,51.5,1329,154,0
L,302.3,311.1,33.1,1546,156,0
M,302.2,311.1,33.7,1516,158,0
M,302.2,311.0,47.4,1476,161,0
L,302.3,311.0,47.0,1412,164,0
L,302.3,310.9,46.8,1377,166,1
M,302.4,311.0,37.1,1490,168,0
M,302.3,311.0,37.7,1526,171,0
L,302.3,311.0,47.9,1428,174,0
L,302.4,311.0,54.6,1329,176,0
M,302.4,311.1,51.8,1443,178,0
L,302.3,311.1,53.0,1373,181,0
L,302.3,311.1,35.6,1630,183,0
L,302.2,311.0,34.2,1555,185,0
M,302.2,311.0,47.0,1436,187,0
L,302.3,311.0,31.0,1609,190,0
M,302.3,311.0,49.7,1384,192,0
L,302.4,311.1,44.8,1448,195,0
M,302.4,311.1,22.4,1887,197,0
M,302.4,311.1,45.7,1480,200,0
H,302.5,311.1,23.3,1850,203,0
L,302.5,311.1,36.8,1538,208,0
M,302.4,311.1,30.1,1721,210,0
M,302.4,311.1,54.4,1366,0,0
L,302.3,311.0,31.1,1657,3,0
L,302.4,311.1,42.9,1446,5,0
L,302.3,310.8,43.8,1465,7,0
L,302.2,310.8,23.8,1827,9,0
H,302.2,310.8,47.6,1397,11,0
L,302.2,310.8,29.7,1744,16,0
L,302.3,310.9,36.7,1545,18,0
L,302.3,310.9,36.6,1587,20,0
L,302.3,310.8,47.3,1377,22,1
L,302.3,310.8,48.1,1511,24,0
L,302.3,310.8,32.4,1650,26,0
L,302.3,310.9,48.9,1412,28,0
L,302.3,311.0,43.1,1528,30,0
L,302.3,310.9,35.0,1459,32,0
L,302.3,310.9,49.3,1379,34,1
M,302.2,310.8,48.3,1356,36,0
M,302.1,310.8,41.3,1409,39,0
M,302.1,310.8,37.5,1504,42,0
L,302.1,310.8,36.8,1622,45,0
L,302.1,310.8,25.7,1786,47,0
L,302.2,310.9,34.0,1506,49,0
M,302.1,310.9,23.1,1916,51,0
M,302.2,310.9,27.6,1771,54,0
M,302.2,310.9,44.2,1488,57,0
L,302.2,310.9,37.5,1531,60,0
L,302.3,310.9,33.4,1529,62,0
M,302.4,311.0,36.5,1580,64,0
M,302.3,310.9,44.0,1360,67,1
M,302.3,311.0,35.5,1546,70,0
M,302.3,310.9,24.5,1762,73,0
L,302.2,310.8,56.6,1350,76,0
M,302.2,310.8,38.1,1562,78,0
M,302.1,310.7,30.3,1608,81,0
L,302.0,310.6,50.0,1392,84,0
L,302.0,310.6,44.9,1467,86,0
M,302.1,310.6,59.1,1326,88,1
L,302.2,310.7,24.9,1769,91,0
L,302.1,310.6,47.6,1459,93,0
M,302.1,310.6,52.0,1421,95,0
L,302.1,310.7,42.8,1491,98,0
L,302.2,310.7,36.4,1567,100,0
L,302.3,310.8,41.4,1421,102,0
L,302.3,310.9,33.5,1596,104,0
M,302.4,311.0,44.2,1464,106,0
M,302.3,310.9,36.1,1581,109,0
L,302.3,310.9,30.3,1620,112,0
H,302.2,310.7,48.9,1413,114,0
H,302.3,310.8,43.8,1438,119,0
M,302.4,310.9,41.6,1469,124,0
M,302.3,310.8,27.8,1762,127,0
H,302.3,310.9,48.4,1366,130,1
L,302.3,310.9,22.7,1891,135,0
M,302.3,310.9,29.7,1742,137,0
M,302.2,310.9,43.5,1465,140,0
M,302.3,311.0,36.6,1541,143,0
M,302.3,311.1,57.1,1295,146,0
M,302.3,311.1,43.1,1435,149,0
L,302.4,311.2,43.9,1466,152,0
L,302.4,311.2,47.9,1450,154,0
L,302.4,311.1,24.5,1880,156,0
M,302.3,311.0,33.5,1578,158,0
L,302.4,311.0,33.1,1610,161,0
L,302.4,311.1,42.8,1565,163,0
L,302.5,311.2,40.1,1545,165,0
L,302.5,311.2,60.1,1227,167,0
L,302.4,311.1,45.9,1484,169,0
L,302.3,311.0,32.7,1591,171,0
L,302.3,310.9,47.2,1403,173,0
M,302.3,311.0,45.7,1450,175,0
L,302.3,310.9,28.1,1720,178,0
L,302.3,311.0,37.2,1561,180,0
M,302.3,311.0,41.3,1421,182,0
H,302.2,310.9,48.4,1415,185,0
L,302.3,310.9,19.7,2034,190,0
L,302.4,311.0,40.4,1486,192,0
L,302.4,311.0,67.6,1338,194,1
H,302.4,311.1,32.3,1578,196,0
M,302.4,311.2,58.6,1330,201,0
H,302.4,311.2,40.8,1506,204,0
L,302.5,311.4,37.6,1559,209,0
L,302.6,311.5,37.0,1599,211,0
L,302.6,311.5,38.9,1427,213,0
M,302.5,311.5,41.1,1481,215,0
H,302.5,311.5,43.8,1496,218,0
L,302.5,311.4,27.0,1674,223,0
M,302.5,311.4,31.7,1629,225,0
H,302.6,311.5,34.4,1629,228,1
L,302.6,311.6,53.2,1311,0,0
M,302.7,311.6,9.7,2709,2,1
M,302.7,311.7,29.9,1759,5,0
L,302.7,311.7,45.2,1480,8,0
L,302.7,311.8,46.1,1461,10,0
M,302.7,311.8,30.0,1728,12,0
L,302.7,311.9,46.5,1389,15,0
L,302.6,311.8,35.1,1638,17,0
L,302.6,311.7,54.1,1254,19,0
L,302.6,311.8,50.1,1427,21,0
L,302.6,311.8,31.8,1627,23,0
H,302.6,311.7,48.3,1471,25,0
L,302.6,311.7,27.1,1773,30,0
M,302.6,311.7,51.7,1430,32,0
L,302.5,311.6,29.5,1595,35,0
L,302.5,311.5,44.1,1521,37,0
L,302.5,311.6,43.7,1419,39,0
M,302.4,311.4,40.1,1534,41,0
H,302.5,311.5,36.0,1626,44,0
L,302.5,311.5,29.2,1677,49,0
L,302.4,311.3,50.5,1392,51,0
L,302.4,311.2,50.5,1448,53,0
L,302.3,311.2,22.9,1903,55,0
L,302.4,311.2,52.0,1404,57,0
L,302.3,311.2,53.5,1386,59,0
L,302.2,311.1,47.0,1418,61,0
M,302.3,311.1,53.3,1338,63,0
L,302.3,311.2,40.6,1549,66,0
M,302.3,311.2,42.7,1432,68,0
M,302.3,311.2,40.0,1546,71,0
M,302.2,311.2,33.2,1627,74,0
M,302.2,311.1,32.8,1640,77,0
M,302.1,311.1,36.8,1423,80,0
M,302.1,311.0,28.7,1711,83,0
M,302.1,311.1,51.6,1450,86,0
H,302.2,311.1,34.1,1553,89,0
L,302.2,311.1,34.6,1630,94,0
H,302.2,311.1,39.6,1476,96,0
H,302.2,311.1,50.6,1426,101,0
M,302.2,311.2,34.9,1561,106,0
L,302.3,311.2,62.5,1297,109,0
M,302.3,311.2,23.9,1842,111,0
L,302.3,311.2,36.4,1633,114,0
H,302.3,311.3,30.3,1744,116,0
L,302.4,311.4,26.9,1831,121,0
M,302.3,311.3,50.8,1339,123,0
L,302.4,311.4,40.4,1475,126,0
M,302.4,311.4,29.6,1675,128,0
L,302.5,311.5,35.1,1493,131,0
L,302.5,311.5,29.5,1700,133,0
L,302.6,311.6,37.0,1453,135,0
L,302.6,311.7,34.1,1542,137,0
M,302.5,311.5,52.7,1358,139,0
H,302.5,311.5,32.3,1655,142,0
L,302.6,311.5,27.5,1885,147,0
L,302.7,311.5,41.4,1494,149,0
M,302.6,311.4,29.5,1757,151,0
M,302.6,311.4,31.2,1718,154,0
M,302.5,311.4,35.0,1636,157,0
L,302.6,311.6,29.6,1638,160,0
L,302.6,311.5,36.0,1609,162,0
H,302.7,311.5,35.0,1556,164,0
L,302.6,311.5,59.8,1442,169,1
M,302.7,311.6,38.8,1501,171,0
M,302.6,311.6,19.2,2041,174,0
M,302.7,311.7,25.1,1784,177,0
L,302.6,311.6,22.4,1953,180,0
L,302.6,311.6,34.7,1576,182,0
M,302.6,311.6,39.0,1518,184,0
M,302.6,311.6,68.2,1227,187,1
L,302.5,311.5,18.8,1985,190,0
L,302.5,311.5,26.4,1802,192,0
L,302.5,311.5,32.4,1603,194,0
L,302.5,311.6,54.0,1400,196,0
L,302.3,311.5,54.2,1395,198,0
L,302.2,311.4,19.9,1987,200,0
M,302.2,311.4,47.2,1398,202,0
L,302.3,311.4,66.7,1333,205,1
L,302.2,311.2,49.4,1381,207,0
L,302.2,311.3,36.1,1570,0,0
M,302.2,311.3,31.0,1658,2,0
H,302.2,311.3,29.2,1749,5,0
M,302.2,311.3,37.1,1510,10,0
L,302.3,311.5,50.8,1384,13,0
L,302.3,311.4,37.2,1570,15,0
M,302.3,311.4,32.7,1571,17,0
L,302.3,311.4,37.3,1476,20,0
M,302.3,311.4,39.5,1484,22,0
M,302.3,311.4,23.2,1909,25,0
L,302.3,311.5,49.6,1448,28,0
M,302.3,311.4,40.2,1500,30,0
L,302.2,311.4,44.9,1510,33,0
L,302.2,311.3,55.5,1378,35,0
M,302.2,311.4,37.4,1538,37,0
L,302.2,311.4,48.1,1390,40,0
M,302.2,311.4,32.1,1642,42,0
L,302.4,311.5,24.8,1785,45,0
H,302.3,311.5,38.2,1526,47,0
M,302.3,311.6,33.2,1668,52,0
L,302.3,311.5,37.5,1507,55,0
L,302.3,311.5,37.8,1530,57,0
M,302.3,311.4,45.6,1479,59,0
M,302.3,311.4,41.3,1418,62,0
L,302.3,311.4,38.7,1504,65,0
M,302.3,311.4,47.6,1345,67,0
H,302.2,311.4,35.4,1625,70,0
L,302.3,311.4,34.7,1511,75,0
L,302.3,311.4,41.8,1535,77,0
L,302.4,311.5,37.9,1505,79,0
H,302.4,311.5,43.7,1540,81,0
H,302.3,311.4,46.0,1372,86,0
M,302.2,311.3,36.6,1510,91,0
L,302.2,311.3,46.4,1382,94,0
L,302.3,311.3,41.8,1439,96,0
M,302.2,311.3,47.0,1375,98,0
M,302.2,311.3,21.9,1931,101,0
L,302.2,311.3,48.6,1475,104,0
L,302.2,311.3,46.9,1389,106,0
L,302.3,311.3,32.8,1652,108,0
L,302.3,311.2,50.3,1386,110,0
M,302.2,311.3,29.8,1577,112,0
M,302.3,311.3,43.1,1444,115,0
L,302.2,311.3,40.2,1554,118,0
L,302.2,311.3,32.8,1602,120,0
H,302.2,311.2,28.2,1692,122,0
L,302.3,311.3,34.4,1682,127,0
L,302.3,311.3,34.1,1614,129,0
L,302.3,311.3,47.8,1324,131,0
L,302.3,311.4,40.3,1434,133,0
L,302.3,311.3,31.6,1621,135,0
M,302.3,311.3,33.1,1625,137,0
L,302.2,311.1,53.7,1394,140,0
L,302.1,311.0,35.1,1586,142,0
L,302.0,311.0,45.9,1420,144,0
L,302.1,311.2,50.3,1422,146,0
H,302.1,311.2,37.9,1598,148,0
L,302.1,311.2,59.2,1454,153,1
L,302.1,311.2,39.3,1519,155,0
L,302.0,311.1,55.7,1373,157,0
M,302.0,311.1,48.8,1406,159,0
L,302.1,311.2,45.0,1492,162,0
L,302.1,311.2,50.8,1369,164,0
M,302.2,311.2,41.9,1471,166,0
L,302.2,311.2,36.0,1630,169,0
M,302.1,311.1,37.6,1605,171,0
L,302.2,311.1,52.1,1447,174,0
M,302.2,311.2,52.8,1360,176,0
M,302.2,311.1,34.0,1728,179,0
L,302.1,311.0,30.8,1740,182,0
L,302.1,310.9,41.4,1477,184,0
L,302.1,310.9,30.3,1658,186,0
L,302.0,310.8,23.4,1902,188,0
M,302.0,310.8,23.1,1783,190,0
M,302.0,310.9,45.3,1558,193,0
L,302.1,311.0,49.5,1351,196,0
H,302.1,310.9,42.5,1452,198,0
L,302.1,310.9,30.7,1666,203,0
L,302.1,311.0,50.0,1364,205,0
M,302.1,311.0,60.3,1351,207,1
H,302.1,311.0,26.1,1729,210,0
M,302.1,311.0,34.1,1574,215,0
L,302.0,311.0,37.8,1566,218,0
L,302.0,310.9,43.2,1455,220,0
H,302.0,310.9,29.0,1679,222,0
L,302.0,310.8,17.3,2143,227,0
L,302.0,310.8,42.7,1447,229,0
L,302.0,310.8,50.3,1383,231,1
L,302.1,310.8,27.1,1772,233,0
L,302.0,310.8,29.0,1615,235,1
L,302.0,310.8,36.6,1454,0,0
L,302.0,310.8,49.1,1445,2,0
M,302.0,310.8,35.2,1609,4,0
L,302.0,310.9,34.4,1546,7,0
L,301.9,310.8,39.3,1567,9,0
L,302.0,310.8,27.4,1767,11,0
L,302.0,310.9,34.2,1539,13,0
L,302.0,310.9,39.0,1564,15,0
M,302.0,310.8,46.3,1445,17,0
M,301.9,310.9,47.7,1419,20,1
M,301.8,310.9,20.9,1881,23,0
M,301.9,310.9,46.2,1421,26,0
L,301.9,311.0,46.0,1455,29,0
L,301.9,311.0,12.1,2691,31,1
L,301.8,310.8,41.2,1505,33,0
L,301.8,310.8,46.6,1456,35,0
L,301.8,310.8,46.4,1383,37,0
M,301.9,310.8,39.2,1563,39,0
M,301.9,310.9,16.1,2305,42,0
M,301.9,310.9,43.6,1456,45,0
L,302.0,311.0,22.7,1865,48,0
L,301.9,310.9,36.9,1597,50,0
L,302.0,310.9,38.6,1495,52,0
M,302.0,310.9,47.2,1456,54,0
L,301.9,310.8,44.3,1465,57,0
M,302.0,310.9,55.5,1352,59,0
L,301.9,310.8,21.7,1906,62,0
L,302.0,310.9,44.0,1446,64,0
L,302.0,310.8,19.7,1948,66,0
L,301.9,310.7,47.1,1480,68,0
M,301.9,310.7,37.6,1511,70,0
M,301.9,310.7,47.0,1472,73,0
L,301.9,310.7,51.0,1429,76,0
L,301.9,310.7,48.8,1405,78,0
M,301.9,310.7,47.9,1405,80,0
L,302.0,310.7,58.1,1348,83,0
L,301.9,310.6,68.6,1331,85,1
L,301.9,310.6,33.4,1610,87,0
M,301.9,310.6,46.5,1412,89,0
L,302.0,310.7,42.7,1453,92,0
L,302.0,310.6,38.9,1583,94,0
M,302.0,310.6,37.4,1539,96,0
L,302.0,310.5,39.8,1635,99,0
H,302.1,310.7,62.4,1294,101,1
L,302.0,310.5,22.0,1978,106,0
L,302.0,310.4,58.0,1357,108,1
L,302.0,310.4,58.2,1336,110,1
L,302.0,310.4,39.2,1568,112,0
M,302.0,310.4,36.4,1567,114,0
L,302.0,310.4,35.6,1611,117,0
H,302.0,310.5,23.6,1841,119,0
L,302.0,310.5,36.1,1567,124,0
L,301.9,310.4,54.9,1376,126,1
L,301.9,310.5,42.4,1477,128,0
M,301.9,310.5,40.3,1590,130,0
L,302.0,310.5,15.8,2197,133,0
M,302.0,310.4,32.9,1595,135,0
H,302.0,310.5,24.4,1812,138,0
M,302.0,310.5,32.1,1573,143,0
L,302.0,310.5,30.9,1651,146,0
H,302.0,310.5,43.2,1459,148,0
L,301.9,310.4,51.7,1370,153,1
L,301.9,310.4,34.1,1518,155,0
L,302.0,310.3,29.6,1648,157,0
L,302.0,310.4,47.2,1464,159,0
L,302.0,310.4,23.2,1895,161,0
L,301.9,310.4,23.4,1884,163,0
L,302.0,310.4,46.6,1450,165,0
L,302.0,310.4,43.4,1448,167,0
L,302.1,310.5,49.6,1389,169,0
L,302.0,310.6,35.2,1583,171,0
L,301.9,310.5,51.1,1425,173,0
L,302.0,310.5,27.1,1809,175,0
L,301.9,310.5,21.8,1892,177,0
M,301.9,310.6,47.8,1475,179,0
L,302.0,310.6,46.7,1361,182,0
M,302.0,310.6,41.0,1563,184,0
H,301.9,310.5,39.7,1472,187,0
L,302.0,310.6,55.3,1325,192,0
L,302.0,310.6,53.1,1358,194,0
H,302.0,310.6,54.7,1346,196,0
M,302.0,310.5,58.4,1381,201,0
L,301.9,310.5,55.7,1340,204,1
L,302.0,310.6,47.7,1366,206,0
L,302.1,310.7,45.1,1325,208,1
M,302.1,310.7,46.3,1376,210,1
M,302.1,310.7,47.8,1364,213,1
L,302.2,310.6,43.6,1462,0,0
M,302.1,310.6,38.9,1517,2,0
L,302.1,310.6,53.6,1385,5,0
L,302.1,310.6,40.0,1439,7,0
M,302.0,310.6,34.3,1623,9,0
H,302.0,310.6,43.2,1438,12,0
L,301.9,310.4,24.8,1708,17,0
M,301.8,310.3,32.7,1666,19,0
L,301.9,310.4,62.8,1286,22,1
L,301.9,310.3,46.3,1485,24,0
M,301.8,310.3,52.5,1409,26,0
L,301.8,310.3,27.3,1765,29,0
L,301.8,310.3,28.8,1688,31,0
M,301.7,310.3,26.7,1787,33,0
L,301.7,310.1,48.0,1487,36,0
L,301.7,310.1,50.5,1384,38,0
L,301.7,310.2,57.4,1311,40,1
H,301.7,310.2,30.8,1620,42,0
L,301.7,310.2,61.2,1331,47,1
H,301.7,310.1,38.3,1462,49,0
L,301.7,310.1,50.2,1424,54,0
L,301.7,310.1,39.6,1500,56,0
L,301.8,310.1,28.0,1738,58,0
M,301.8,310.3,46.5,1465,60,0
L,301.8,310.3,41.4,1482,63,0
L,301.9,310.3,44.0,1398,65,0
L,301.9,310.3,21.3,1972,67,0
L,301.9,310.4,37.6,1603,69,0
L,301.9,310.4,34.8,1610,71,0
M,301.9,310.4,48.0,1373,73,1
M,302.0,310.5,44.7,1425,76,0
M,302.0,310.4,55.6,1212,79,1
M,302.0,310.4,26.3,1828,82,0
L,302.0,310.5,44.4,1370,85,1
M,302.0,310.5,25.1,1823,87,0
L,302.0,310.5,60.6,1263,90,1
L,301.9,310.4,21.5,1889,92,0
M,302.0,310.5,32.9,1639,94,0
M,302.0,310.4,33.1,1608,97,0
H,301.9,310.3,32.4,1653,100,0
L,302.0,310.4,29.8,1591,105,0
L,302.1,310.5,30.9,1696,107,0
L,302.2,310.6,47.5,1346,109,1
M,302.2,310.5,40.4,1507,111,0
H,302.3,310.6,48.7,1525,114,0
M,302.3,310.7,33.9,1559,119,0
L,302.2,310.6,30.5,1632,122,0
L,302.1,310.5,36.0,1559,124,0
M,302.2,310.6,51.5,1355,126,1
M,302.2,310.5,23.7,1832,129,0
L,302.2,310.6,50.0,1386,132,0
M,302.2,310.6,49.2,1346,134,1
L,302.3,310.7,37.8,1499,137,0
L,302.3,310.7,33.4,1612,139,0
M,302.3,310.7,39.7,1544,141,0
L,302.5,310.9,39.2,1477,144,0
L,302.5,310.9,34.4,1624,146,0
L,302.4,310.9,46.1,1349,148,1
L,302.4,310.8,28.8,1686,150,0
M,302.4,310.7,40.4,1521,152,0
L,302.4,310.7,54.8,1362,155,1
L,302.3,310.7,50.9,1402,157,0
L,302.2,310.6,53.2,1334,159,1
L,302.2,310.6,48.4,1348,161,1
M,302.2,310.6,34.6,1570,163,0
M,302.2,310.7,33.0,1601,166,0
M,302.3,310.8,31.8,1611,169,0
L,302.4,310.9,31.8,1560,172,0
H,302.4,310.9,40.7,1444,174,0
L,302.4,311.0,59.4,1317,179,0
M,302.5,311.0,43.1,1463,181,0
L,302.4,311.1,34.2,1634,184,0
L,302.4,311.0,46.2,1423,186,0
L,302.5,311.0,38.4,1548,188,0
M,302.5,311.0,35.6,1563,190,0
L,302.4,311.0,36.5,1573,193,0
M,302.4,311.1,44.5,1432,195,0
M,302.5,311.1,32.0,1638,198,0
L,302.5,311.1,34.2,1571,201,0
L,302.4,311.0,15.4,2211,203,0
L,302.4,311.0,40.6,1555,205,0
M,302.3,310.9,31.9,1558,207,0
M,302.3,310.9,43.2,1523,210,0
L,302.3,310.8,26.3,1723,213,0
M,302.3,310.8,28.4,1721,215,0
M,302.3,310.9,30.4,1710,218,1
M,302.3,310.9,32.3,1627,0,0
M,302.2,310.8,47.0,1422,3,0
L,302.1,310.8,35.3,1565,6,0
L,302.1,310.7,52.8,1314,8,1
M,302.0,310.6,60.5,1392,10,0
L,302.1,310.7,40.7,1465,13,0
L,301.9,310.6,36.6,1573,15,0
M,302.0,310.7,17.8,2157,17,0
L,301.9,310.7,50.3,1370,20,0
L,301.9,310.6,38.8,1462,22,0
M,302.0,310.6,40.5,1479,24,0
L,301.9,310.7,26.8,1717,27,0
M,301.9,310.6,65.9,1260,29,0
L,301.9,310.6,39.3,1467,32,0
M,302.0,310.6,38.6,1535,34,0
L,302.0,310.7,31.9,1657,37,0
L,302.0,310.7,28.1,1698,39,0
L,302.1,310.7,49.3,1359,41,1
L,302.1,310.8,37.1,1596,43,0
L,302.2,310.8,46.9,1383,45,0
L,302.2,310.8,16.6,2203,47,0
M,302.2,310.8,46.8,1408,49,0
L,302.2,310.8,32.9,1673,52,0
L,302.2,310.8,47.8,1340,54,0
L,302.2,310.9,42.3,1452,56,0
M,302.2,310.9,53.4,1302,58,0
H,302.2,310.9,35.9,1522,61,0
L,302.2,310.8,41.4,1438,66,0
L,302.2,310.9,40.5,1604,68,0
L,302.2,311.0,23.2,1832,70,0
M,302.3,311.0,34.8,1521,72,0
L,302.3,311.0,37.6,1446,75,0
L,302.4,311.1,20.9,1905,77,0
L,302.4,311.0,47.9,1475,79,0
L,302.4,311.0,48.5,1462,81,0
M,302.4,310.9,42.3,1435,83,0
L,302.4,310.9,39.6,1469,86,0
M,302.6,311.1,43.0,1520,88,0
L,302.6,311.0,35.5,1537,91,0
L,302.6,311.0,60.0,1369,93,1
L,302.6,311.0,37.2,1506,95,0
L,302.5,310.9,56.9,1330,97,1
L,302.6,311.0,38.0,1660,99,0
H,302.5,310.9,55.5,1356,101,1
H,302.6,311.0,51.0,1438,106,0
M,302.6,311.0,48.6,1329,111,1
L,302.6,311.0,68.0,1284,114,1
M,302.5,311.0,52.1,1387,116,0
M,302.6,311.0,33.9,1591,119,0
M,302.6,311.0,39.0,1589,122,0
M,302.7,311.1,60.7,1297,125,1
L,302.7,311.2,35.1,1545,128,0
H,302.7,311.1,43.4,1418,130,0
L,302.7,311.1,28.1,1730,135,0
L,302.6,311.0,20.7,2001,137,0
L,302.6,311.0,36.2,1620,139,0
M,302.6,311.0,39.7,1542,141,0
L,302.6,311.0,38.0,1424,144,0
L,302.7,311.1,39.5,1440,146,0
L,302.6,311.0,42.8,1520,148,0
L,302.7,311.0,29.8,1694,150,0
L,302.6,311.0,39.2,1610,152,0
L,302.6,310.9,52.0,1331,154,1
L,302.6,310.8,41.2,1470,156,0
L,302.5,310.8,36.9,1577,158,0
L,302.6,310.8,36.4,1486,160,0
L,302.4,310.6,40.3,1445,162,0
M,302.4,310.5,36.7,1500,164,0
M,302.2,310.4,47.5,1456,167,0
L,302.2,310.4,28.1,1743,170,0
L,302.0,310.1,50.4,1409,172,0
L,302.0,310.1,45.4,1361,174,1
L,302.1,310.1,28.9,1753,176,0
L,302.0,310.0,22.9,1832,178,0
L,301.9,309.9,48.5,1374,180,1
M,301.8,309.9,61.0,1334,182,1
L,301.8,310.0,40.3,1493,185,0
L,301.7,309.9,49.0,1317,187,1
M,301.7,309.9,47.9,1434,189,0
M,301.7,309.9,39.2,1457,192,0
M,301.7,310.0,50.6,1391,195,0
M,301.8,310.0,23.9,1781,198,0
L,301.8,310.0,32.6,1642,201,0
L,301.8,310.0,19.0,2032,203,0
M,301.8,310.1,13.9,2372,205,1
L,301.8,310.0,44.9,1393,208,0
M,301.7,310.1,27.3,1743,210,0
L,301.8,310.2,40.4,1457,213,0
L,301.8,310.2,5.8,2825,215,1
M,301.8,310.2,34.2,1609,217,0
M,301.8,310.2,42.3,1437,0,0
L,301.7,310.1,50.1,1402,3,0
M,301.7,310.1,34.6,1644,5,0
L,301.7,310.2,51.1,1471,8,0
L,301.7,310.1,12.6,2695,10,0
L,301.7,310.2,48.1,1435,12,0
L,301.6,310.1,26.3,1694,14,0
L,301.6,310.1,26.6,1687,16,0
L,301.6,310.0,22.9,1869,18,0
L,301.4,309.9,63.9,1259,20,1
H,301.4,309.9,47.2,1460,22,0
M,301.3,309.9,39.5,1501,27,0
L,301.4,310.0,25.6,1776,30,0
M,301.5,310.1,40.8,1468,32,0
L,301.5,310.1,46.5,1430,35,0
L,301.4,310.1,46.6,1502,37,0
H,301.4,310.1,32.3,1623,39,0
M,301.4,310.0,29.8,1651,44,0
L,301.5,310.1,33.4,1639,47,0
M,301.5,310.0,44.6,1417,49,0
L,301.5,310.1,42.2,1541,52,0
M,301.6,310.2,45.1,1411,54,0
L,301.7,310.3,44.6,1397,57,0
L,301.7,310.2,28.9,1686,59,0
M,301.7,310.1,44.0,1431,61,0
L,301.8,310.3,50.5,1341,64,1
L,301.7,310.2,43.0,1486,66,0
L,301.6,310.2,57.1,1384,68,0
L,301.6,310.1,55.8,1362,70,1
H,301.7,310.1,29.3,1660,72,0
L,301.6,310.1,48.2,1326,77,1
L,301.6,310.0,30.3,1566,79,0
L,301.5,309.8,38.5,1549,81,0
M,301.6,309.9,31.1,1746,83,0
M,301.7,309.9,41.5,1452,86,0
L,301.6,309.8,33.9,1588,89,0
L,301.6,309.8,42.5,1472,91,0
L,301.7,309.9,37.7,1607,93,0
H,301.6,309.9,53.6,1423,95,0
L,301.6,309.9,43.4,1440,100,0
L,301.6,309.9,43.7,1397,102,0
L,301.7,309.9,46.6,1524,104,0
M,301.7,309.9,40.9,1533,106,0
L,301.7,309.8,46.0,1398,109,0
M,301.7,309.8,68.2,1284,111,1
L,301.7,309.8,39.3,1491,114,0
H,301.8,309.9,51.3,1418,116,0
M,301.8,309.8,39.8,1546,121,0
L,301.8,309.7,30.4,1598,124,0
H,301.9,309.8,27.5,1724,126,0
L,301.9,309.8,44.7,1507,131,0
L,301.9,309.7,31.4,1595,133,0
M,301.9,309.7,37.5,1568,135,0
L,301.8,309.6,43.7,1432,138,0
L,301.9,309.7,42.8,1424,140,0
M,302.0,309.7,62.7,1386,142,1
L,302.0,309.8,58.1,1456,145,0
H,302.0,309.8,57.3,1280,147,1
L,302.0,309.8,31.0,1649,152,0
L,302.0,309.9,52.8,1407,154,0
H,302.0,309.9,34.5,1606,156,0
M,302.1,310.0,38.0,1531,161,0
L,302.1,310.1,35.8,1543,164,0
M,302.1,310.1,48.2,1379,166,1
L,302.1,310.1,46.6,1447,169,0
H,302.1,310.1,24.6,1844,171,0
H,302.1,310.1,29.9,1615,176,0
L,302.0,310.0,48.8,1449,181,0
L,302.0,309.9,51.4,1388,183,0
H,302.0,309.9,42.8,1447,185,0
L,302.0,310.0,28.6,1664,190,0
H,302.0,309.9,27.2,1735,192,0
L,302.0,309.9,57.6,1308,197,1
L,302.0,309.8,40.0,1480,199,0
M,301.9,309.6,41.7,1439,201,0
M,301.9,309.7,35.9,1533,204,0
L,302.0,309.7,34.8,1551,207,0
L,302.0,309.7,36.3,1414,209,0
M,301.9,309.6,34.6,1551,211,0
M,301.8,309.6,49.0,1436,214,0
M,301.9,309.6,45.8,1385,217,0
M,301.8,309.5,30.1,1732,220,0
L,301.9,309.6,49.0,1410,223,0
L,301.9,309.6,43.2,1446,225,0
L,301.8,309.5,39.6,1525,227,0
L,301.7,309.5,65.5,1298,229,1
L,301.8,309.6,42.7,1443,231,0
L,301.8,309.7,45.3,1442,233,1
L,301.9,309.7,31.9,1719,0,0
L,302.0,309.8,39.4,1532,2,0
L,302.0,309.8,27.2,1701,4,0
M,302.1,310.0,45.1,1355,6,1
M,302.2,310.1,45.4,1421,9,0
M,302.2,310.1,51.6,1368,12,1
L,302.2,310.1,45.1,1458,15,0
M,302.2,310.1,34.6,1572,17,0
L,302.2,310.0,48.7,1483,20,0
L,302.3,310.1,40.4,1513,22,0
H,302.3,310.1,42.9,1383,24,0
L,302.4,310.2,37.7,1539,29,0
M,302.3,310.1,37.8,1563,31,0
L,302.3,310.1,29.7,1653,34,0
L,302.3,310.1,50.9,1353,36,1
H,302.2,310.0,43.6,1468,38,0
H,302.3,310.2,33.8,1506,43,0
L,302.3,310.1,49.9,1388,48,0
M,302.4,310.2,45.9,1485,50,0
L,302.4,310.2,45.5,1331,53,1
L,302.5,310.3,58.5,1326,55,1
L,302.3,310.2,55.4,1394,57,0
L,302.4,310.1,18.9,2009,59,0
M,302.4,310.1,54.6,1358,61,1
L,302.5,310.2,32.2,1586,64,0
L,302.5,310.3,31.6,1688,66,0
L,302.6,310.5,43.2,1450,68,0
M,302.7,310.5,47.3,1398,70,0
L,302.7,310.5,39.3,1520,73,0
L,302.6,310.4,42.7,1514,75,0
M,302.6,310.4,36.1,1532,77,0
L,302.6,310.4,66.8,1365,80,1
L,302.6,310.3,33.2,1642,82,0
M,302.6,310.2,10.8,2676,84,1
H,302.6,310.2,21.3,1873,87,0
L,302.6,310.2,62.4,1325,92,1
M,302.6,310.2,17.2,2157,94,0
M,302.6,310.2,39.0,1563,97,0
M,302.6,310.2,31.0,1631,100,0
L,302.5,310.2,36.9,1547,103,0
L,302.6,310.3,40.4,1479,105,0
M,302.4,310.1,48.9,1379,107,1
L,302.4,310.1,21.2,1906,110,0
M,302.3,310.1,33.4,1731,112,0
H,302.3,310.1,30.4,1688,115,0
H,302.3,310.2,54.6,1443,120,0
L,302.4,310.2,46.4,1445,125,0
H,302.4,310.2,44.9,1435,127,0
L,302.4,310.1,32.9,1556,132,0
L,302.3,310.1,52.7,1321,134,1
M,302.4,310.1,35.8,1577,136,0
L,302.4,310.2,31.2,1578,139,0
L,302.4,310.1,52.3,1418,141,0
M,302.4,310.2,55.8,1392,143,0
L,302.5,310.3,44.0,1446,146,0
L,302.5,310.2,50.6,1329,148,1
L,302.5,310.2,34.8,1563,150,0
L,302.5,310.3,57.4,1405,152,0
L,302.4,310.2,16.0,2224,154,0
L,302.5,310.2,29.9,1716,156,0
L,302.5,310.3,35.5,1584,158,0
M,302.5,310.3,41.8,1488,160,0
L,302.4,310.3,51.2,1374,163,1
M,302.4,310.3,54.3,1378,165,1
L,302.5,310.3,37.3,1551,168,0
L,302.5,310.3,40.9,1549,170,0
M,302.5,310.3,39.2,1447,172,0
L,302.4,310.2,53.7,1400,175,0
L,302.4,310.1,48.8,1401,177,0
H,302.4,310.1,28.9,1597,179,0
L,302.3,310.1,46.0,1487,184,0
M,302.5,310.3,27.3,1710,186,0
L,302.6,310.4,47.7,1478,189,0
L,302.6,310.4,26.3,1743,191,0
L,302.6,310.5,32.8,1596,193,0
L,302.7,310.5,30.8,1642,195,0
L,302.7,310.5,67.8,1263,197,1
L,302.8,310.6,19.9,2016,199,0
L,302.8,310.6,30.5,1671,201,0
L,302.8,310.6,43.2,1404,203,0
L,302.8,310.6,41.1,1470,205,0
L,302.8,310.6,37.9,1617,207,0
L,302.7,310.5,29.0,1725,209,0
L,302.7,310.5,40.9,1446,211,1
L,302.7,310.6,34.3,1564,0,0
L,302.8,310.6,29.1,1670,2,0
L,302.7,310.6,48.7,1501,4,0
L,302.7,310.5,35.9,1551,6,0
L,302.7,310.5,35.0,1563,8,0
L,302.7,310.5,41.8,1351,10,1
L,302.6,310.4,52.1,1415,12,0
L,302.6,310.3,34.2,1647,14,0
L,302.5,310.2,41.6,1477,16,0
L,302.6,310.2,21.5,1923,18,0
H,302.7,310.4,55.2,1305,20,1
M,302.6,310.4,35.1,1544,25,0
H,302.7,310.5,36.9,1568,28,0
L,302.7,310.4,42.7,1489,33,0
M,302.6,310.4,43.1,1451,35,0
L,302.7,310.4,35.7,1542,38,0
M,302.6,310.5,20.2,1965,40,0
L,302.5,310.5,36.5,1436,43,0
M,302.5,310.4,37.6,1509,45,0
L,302.5,310.4,40.2,1487,48,0
L,302.5,310.4,20.3,1967,50,0
H,302.6,310.4,53.3,1409,52,0
M,302.6,310.5,56.4,1420,57,0
L,302.7,310.5,37.7,1511,60,0
H,302.6,310.4,30.1,1649,62,0
L,302.6,310.4,57.2,1359,67,1
M,302.5,310.4,36.0,1605,69,0
L,302.5,310.3,36.0,1523,72,0
H,302.6,310.4,36.0,1614,74,0
H,302.6,310.3,27.4,1721,79,0
L,302.6,310.4,36.2,1638,84,0
L,302.5,310.2,54.0,1307,86,1
L,302.4,310.2,28.3,1642,88,0
M,302.5,310.2,30.5,1751,90,0
L,302.4,310.1,31.6,1645,93,0
L,302.4,310.1,46.8,1426,95,0
M,302.4,310.1,36.6,1520,97,0
L,302.4,310.1,31.8,1709,100,0
L,302.4,310.0,46.6,1426,102,0
L,302.4,310.1,43.7,1429,104,0
L,302.4,310.2,62.4,1346,106,1
L,302.5,310.2,43.0,1454,108,0
M,302.5,310.3,49.5,1411,110,0
L,302.4,310.3,24.4,1900,113,0
L,302.4,310.3,36.2,1479,115,0
L,302.5,310.4,48.2,1415,117,0
L,302.5,310.3,39.0,1539,119,0
L,302.4,310.3,31.6,1520,121,0
L,302.4,310.3,45.8,1480,123,0
L,302.4,310.4,29.7,1666,125,0
L,302.4,310.4,47.6,1456,127,0
L,302.4,310.4,23.9,1865,129,0
M,302.5,310.5,21.6,1918,131,0
L,302.5,310.4,48.4,1488,134,0
M,302.5,310.5,38.8,1527,136,0
M,302.4,310.4,42.2,1463,139,0
L,302.4,310.4,38.5,1521,142,0
M,302.4,310.5,45.7,1372,144,1
L,302.5,310.5,39.5,1507,147,0
M,302.4,310.4,34.3,1586,149,0
L,302.5,310.4,42.0,1487,152,0
L,302.5,310.5,41.2,1520,154,0
H,302.5,310.4,41.9,1422,156,0
M,302.4,310.3,52.5,1375,161,1
L,302.4,310.2,28.0,1633,164,0
L,302.4,310.2,36.2,1503,166,0
L,302.4,310.2,45.1,1351,168,1
L,302.3,310.2,35.3,1548,170,0
L,302.4,310.3,23.3,1923,172,0
L,302.5,310.3,32.6,1592,174,0
M,302.5,310.4,35.6,1580,176,0
L,302.5,310.4,46.8,1427,179,0
M,302.5,310.4,32.7,1581,181,0
M,302.6,310.5,39.9,1542,184,0
L,302.5,310.4,55.1,1349,187,1
L,302.5,310.5,43.0,1463,189,0
M,302.5,310.4,43.2,1429,191,0
M,302.5,310.4,53.6,1451,194,0
L,302.6,310.5,37.2,1511,197,0
L,302.6,310.6,37.5,1549,199,0
M,302.5,310.5,40.2,1507,201,0
M,302.6,310.5,33.7,1524,204,0
M,302.7,310.5,22.7,1880,207,0
L,302.6,310.5,45.4,1461,0,0
L,302.6,310.5,28.2,1748,2,0
L,302.7,310.6,26.7,1690,4,0
M,302.7,310.6,51.2,1349,6,1
L,302.7,310.6,26.3,1686,9,0
L,302.7,310.7,47.5,1369,11,1
L,302.7,310.7,43.7,1433,13,0
L,302.7,310.7,41.9,1597,15,0
L,302.9,310.8,32.2,1610,17,0
L,302.7,310.7,57.7,1398,19,0
L,302.7,310.7,20.0,1977,21,0
L,302.8,310.8,39.5,1516,23,0
H,302.7,310.8,55.0,1275,25,1
L,302.8,310.8,50.5,1402,30,0
M,302.8,310.8,44.7,1451,32,0
M,302.7,310.8,36.1,1555,35,0
L,302.8,310.9,35.0,1636,38,0
L,302.8,310.9,52.2,1312,40,1
L,302.8,310.9,29.8,1708,42,0
M,302.9,311.0,36.5,1556,44,0
H,302.8,311.0,43.5,1436,47,0
M,302.9,311.0,40.7,1402,52,0
M,302.9,311.0,49.9,1437,55,0
M,302.9,311.1,21.8,1926,58,0
L,303.0,311.2,23.7,1800,61,0
L,303.0,311.2,32.6,1641,63,0
L,303.0,311.2,48.2,1374,65,1
L,303.0,311.2,37.0,1494,67,0
L,303.0,311.2,32.9,1601,69,0
L,302.9,311.2,36.9,1634,71,0
M,302.9,311.2,37.7,1467,73,0
L,302.8,311.1,32.3,1550,76,0
L,302.8,311.1,32.2,1563,78,0
L,302.7,310.9,48.3,1395,80,0
M,302.8,311.0,33.4,1507,82,0
L,302.8,311.0,38.5,1564,85,0
L,302.8,311.1,30.0,1721,87,0
L,302.8,311.1,36.1,1456,89,0
H,302.9,311.2,17.8,2102,91,0
L,302.9,311.1,33.9,1555,96,0
L,303.0,311.2,41.9,1409,98,0
M,303.0,311.2,41.4,1387,100,0
M,303.0,311.2,43.9,1460,103,0
L,303.0,311.2,47.6,1361,106,1
M,303.0,311.1,43.0,1490,108,0
L,303.1,311.2,49.2,1399,111,0
L,303.1,311.1,55.8,1420,113,0
L,303.0,311.0,44.2,1359,115,1
M,303.0,311.1,54.3,1372,117,1
M,303.0,311.0,41.7,1409,120,0
H,302.9,311.0,58.3,1452,123,0
L,302.9,311.0,24.6,1820,128,0
H,302.9,311.0,48.7,1469,130,0
L,302.9,311.1,45.3,1556,135,0
L,303.0,311.1,20.2,1980,137,0
M,303.0,311.2,38.0,1519,139,0
L,303.0,311.2,44.0,1456,142,0
L,303.1,311.2,45.3,1394,144,0
L,303.0,311.3,56.2,1365,146,1
L,303.0,311.3,16.5,2194,148,0
L,303.1,311.3,55.6,1403,150,0
H,303.0,311.2,37.0,1503,152,0
L,303.0,311.3,29.3,1793,157,0
L,303.1,311.4,24.5,1829,159,0
M,303.1,311.4,23.3,1831,161,0
M,303.0,311.3,53.6,1335,164,1
H,303.1,311.3,19.7,2056,167,0
L,303.1,311.3,52.6,1336,172,1
L,303.0,311.2,51.0,1341,174,1
M,303.0,311.1,37.3,1526,176,0
L,303.0,311.1,40.7,1525,179,0
M,303.0,311.1,39.8,1428,181,0
L,303.0,311.2,45.7,1511,184,0
L,303.0,311.2,29.8,1664,186,0
M,303.0,311.2,38.9,1592,188,0
M,303.0,311.1,36.7,1597,191,0
L,303.0,311.2,26.1,1735,194,0
L,302.9,311.2,23.8,1751,196,0
L,303.0,311.2,44.6,1383,198,0
M,302.9,311.2,53.7,1330,200,1
L,303.0,311.2,50.5,1382,203,0
L,303.0,311.2,30.4,1755,205,0
M,303.0,311.2,35.7,1614,207,0
L,303.0,311.3,43.0,1466,210,0
M,303.1,311.3,24.7,1847,212,0
L,303.1,311.3,34.8,1474,215,0
L,303.1,311.3,31.8,1657,217,0
L,303.1,311.2,40.1,1435,219,0
H,303.1,311.3,42.7,1494,221,0
L,303.2,311.4,54.6,1238,226,1
L,303.2,311.4,54.2,1324,228,1
L,303.2,311.4,41.2,1514,230,0
L,303.3,311.4,25.6,1732,232,0
L,303.3,311.4,46.0,1497,234,1
L,303.3,311.4,21.5,1958,0,0
L,303.3,311.4,32.5,1630,2,0
M,303.3,311.4,59.1,1395,4,0
L,303.3,311.4,30.5,1658,7,0
L,303.2,311.4,51.1,1349,9,1
L,303.1,311.2,52.9,1452,11,0
M,303.1,311.1,35.5,1594,13,0
M,303.1,311.0,47.6,1510,16,0
L,303.1,311.1,22.6,1854,19,0
L,303.1,311.2,32.3,1626,21,0
L,303.1,311.2,35.2,1628,23,0
L,303.1,311.2,34.8,1679,25,0
M,303.1,311.2,44.5,1489,27,0
L,303.2,311.2,43.9,1439,30,0
L,303.3,311.3,48.1,1350,32,1
H,303.3,311.2,31.7,1607,34,0
L,303.3,311.3,53.9,1389,39,0
M,303.3,311.3,46.1,1566,41,0
M,303.4,311.4,54.0,1307,44,1
M,303.3,311.5,36.6,1569,47,0
H,303.3,311.4,30.6,1651,50,0
H,303.3,311.4,27.9,1692,55,0
M,303.3,311.5,47.3,1373,60,1
L,303.2,311.4,35.5,1610,63,0
L,303.3,311.4,43.4,1511,65,0
L,303.3,311.5,55.6,1412,67,0
L,303.4,311.5,36.2,1501,69,0
L,303.4,311.5,44.8,1414,71,0
H,303.5,311.5,33.5,1629,73,0
L,303.4,311.5,21.3,1879,78,0
H,303.5,311.6,47.0,1466,80,0
H,303.6,311.7,40.1,1476,85,0
L,303.6,311.8,30.7,1695,90,0
L,303.6,311.7,39.8,1491,92,0
M,303.6,311.8,34.7,1659,94,0
L,303.6,311.8,31.7,1567,97,0
L,303.6,311.8,32.9,1736,99,0
M,303.6,311.8,44.8,1421,101,1
M,303.6,311.8,30.8,1627,104,0
M,303.5,311.6,34.2,1562,107,0
L,303.5,311.6,17.0,2183,110,0
L,303.5,311.6,38.1,1577,112,0
M,303.4,311.5,36.4,1560,114,0
M,303.4,311.5,43.0,1483,117,0
L,303.5,311.5,33.3,1535,120,0
M,303.4,311.4,29.6,1606,122,0
M,303.4,311.5,24.7,1817,125,0
L,303.4,311.5,50.8,1424,128,0
L,303.3,311.6,34.7,1514,130,0
L,303.4,311.6,41.7,1449,132,0
M,303.5,311.6,34.0,1573,134,0
L,303.4,311.6,41.9,1564,137,0
L,303.5,311.6,46.2,1428,139,0
L,303.5,311.7,31.0,1620,141,0
H,303.5,311.7,32.7,1584,143,0
L,303.6,311.8,66.8,1222,148,1
M,303.6,311.8,42.5,1432,150,0
L,303.7,311.9,33.3,1561,153,0
L,303.6,311.8,33.2,1614,155,0
L,303.5,311.7,22.3,1959,157,0
L,303.5,311.8,23.5,1944,159,0
L,303.4,311.7,25.8,1793,161,0
M,303.4,311.6,50.0,1446,163,0
L,303.4,311.7,32.2,1673,166,0
M,303.4,311.7,44.2,1515,168,0
L,303.4,311.8,35.9,1564,171,0
L,303.5,311.8,45.2,1451,173,0
H,303.4,311.8,28.3,1693,175,0
L,303.4,311.7,42.3,1476,180,0
L,303.4,311.6,30.1,1712,182,0
M,303.4,311.6,45.4,1425,184,0
L,303.3,311.6,56.8,1337,187,1
M,303.4,311.7,34.9,1690,189,0
M,303.4,311.7,44.1,1353,192,1
L,303.5,311.8,21.9,1927,195,0
M,303.4,311.8,42.7,1391,197,0
L,303.4,311.8,50.9,1366,200,1
L,303.4,311.9,31.6,1771,202,0
M,303.4,311.8,42.6,1515,204,0
M,303.4,311.8,18.3,2133,207,0
M,303.4,311.8,47.0,1341,210,1
L,303.4,311.7,47.1,1406,213,0
L,303.4,311.8,61.0,1306,215,1
L,303.3,311.7,35.5,1508,217,0
L,303.3,311.6,45.1,1301,219,1
L,303.3,311.7,38.5,1539,221,0
L,303.3,311.6,44.6,1484,223,0
L,303.2,311.5,39.2,1507,225,0
L,303.2,311.5,42.5,1544,227,0
L,303.2,311.5,37.9,1513,0,0
M,303.2,311.5,58.2,1336,2,1
M,303.2,311.4,19.0,2102,5,0
L,303.2,311.4,53.8,1351,8,1
L,303.3,311.5,35.2,1601,10,0
L,303.2,311.3,52.9,1393,12,0
L,303.3,311.3,33.7,1592,14,0
L,303.3,311.3,51.8,1409,16,0
L,303.3,311.3,47.4,1393,18,0
H,303.2,311.2,43.1,1475,20,0
L,303.2,311.2,45.6,1427,25,0
L,303.3,311.2,27.3,1763,27,0
L,303.2,311.2,46.7,1363,29,1
L,303.2,311.2,50.9,1404,31,0
M,303.2,311.2,31.9,1688,33,0
L,303.3,311.4,37.3,1510,36,0
H,303.3,311.3,39.5,1502,38,0
H,303.2,311.4,36.6,1607,43,0
M,303.3,311.5,54.8,1384,48,0
L,303.4,311.7,51.3,1295,51,1
H,303.4,311.7,19.0,1991,53,0
L,303.4,311.6,42.8,1497,58,0
L,303.5,311.6,48.7,1465,60,0
L,303.5,311.6,46.5,1361,62,1
L,303.6,311.7,38.5,1546,64,0
H,303.7,311.9,52.7,1332,66,1
M,303.7,312.0,11.4,2663,71,1
L,303.7,312.1,45.9,1443,74,0
M,303.7,312.0,48.6,1402,76,0
L,303.7,312.0,22.5,1892,79,0
M,303.6,312.0,35.7,1645,81,0
L,303.6,311.9,50.1,1473,84,0
L,303.6,312.0,52.9,1309,86,1
H,303.6,311.9,37.1,1544,88,0
L,303.5,311.9,49.3,1344,93,1
M,303.6,311.9,36.0,1617,95,0
M,303.6,312.0,37.9,1435,98,0
L,303.6,312.0,50.3,1391,101,0
L,303.6,312.0,23.3,1827,103,0
L,303.5,312.0,25.8,1761,105,0
L,303.5,312.1,36.4,1522,107,0
M,303.5,312.2,23.6,1818,109,0
H,303.6,312.2,54.6,1371,112,1
L,303.7,312.3,38.9,1511,117,0
L,303.7,312.4,46.6,1404,119,0
L,303.7,312.3,45.9,1384,121,0
L,303.8,312.5,52.6,1368,123,0
L,303.7,312.5,36.0,1641,125,0
L,303.9,312.6,32.3,1642,127,0
H,303.9,312.7,50.0,1401,129,0
L,303.8,312.6,41.3,1577,134,0
L,303.7,312.6,44.1,1396,136,0
H,303.7,312.6,35.5,1514,138,0
L,303.8,312.8,35.8,1646,143,0
L,303.8,312.8,40.7,1443,145,0
M,303.7,312.7,48.5,1469,147,0
H,303.7,312.7,40.2,1564,150,0
H,303.6,312.6,40.2,1498,155,0
L,303.6,312.6,27.9,1699,160,0
L,303.6,312.5,49.0,1431,162,0
L,303.5,312.4,47.3,1390,164,0
L,303.5,312.5,46.1,1380,166,0
L,303.5,312.5,46.4,1457,168,0
L,303.5,312.5,42.2,1418,170,0
M,303.5,312.5,51.0,1353,172,0
L,303.5,312.4,32.7,1574,175,0
M,303.5,312.4,54.2,1318,177,0
L,303.6,312.5,31.4,1710,180,0
L,303.7,312.6,38.8,1621,182,0
L,303.6,312.6,33.6,1606,184,0
H,303.6,312.5,54.0,1375,186,0
L,303.5,312.4,36.5,1503,191,0
L,303.5,312.3,48.6,1404,193,0
L,303.4,312.2,32.7,1656,195,0
M,303.4,312.1,39.4,1499,197,0
M,303.4,312.0,28.4,1748,200,0
L,303.4,311.9,37.9,1531,203,0
M,303.3,311.8,40.6,1536,205,0
L,303.4,311.8,53.0,1401,208,1
H,303.4,311.9,33.2,1534,210,0
L,303.4,312.0,35.9,1521,215,1
L,303.5,312.1,30.8,1674,0,0
M,303.6,312.1,20.9,1967,2,0
L,303.6,312.2,30.7,1696,5,0
M,303.6,312.1,32.5,1627,7,0
L,303.5,311.9,45.6,1405,10,0
L,303.5,311.9,38.9,1565,12,0
L,303.5,311.9,38.7,1493,14,0
L,303.4,311.8,45.0,1499,16,0
L,303.3,311.8,30.6,1692,18,0
L,303.4,311.8,15.8,2268,20,0
L,303.4,311.8,58.9,1438,22,0
L,303.5,311.9,39.2,1515,24,0
L,303.4,311.9,38.2,1491,26,0
L,303.5,312.0,29.7,1756,28,0
L,303.5,312.0,54.5,1366,30,1
L,303.5,312.0,45.1,1436,32,0
L,303.4,311.9,41.6,1377,34,1
M,303.4,311.9,42.2,1510,36,0
M,303.4,311.9,50.9,1419,39,0
L,303.3,311.8,62.0,1315,42,1
H,303.3,311.8,27.7,1806,44,0
H,303.3,311.8,29.4,1649,49,0
H,303.4,311.9,50.0,1402,54,0
L,303.4,311.9,63.9,1298,59,1
M,303.3,311.8,44.9,1441,61,0
M,303.3,311.8,49.4,1489,64,0
L,303.3,311.8,24.5,1842,67,0
M,303.4,311.8,50.9,1316,69,1
M,303.3,311.8,33.3,1583,72,0
M,303.3,311.8,33.5,1548,75,0
L,303.4,311.9,44.6,1434,78,0
H,303.5,312.0,52.9,1397,80,0
M,303.5,312.0,42.9,1475,85,0
L,303.5,312.0,56.8,1441,88,0
L,303.7,312.1,51.8,1363,90,1
L,303.7,312.2,34.9,1619,92,0
L,303.7,312.2,34.0,1487,94,0
L,303.7,312.2,33.8,1568,96,0
L,303.7,312.3,46.2,1375,98,0
M,303.6,312.3,31.3,1698,100,0
L,303.7,312.3,37.4,1606,103,0
L,303.7,312.3,51.0,1349,105,0
L,303.7,312.4,38.6,1535,107,0
M,303.6,312.4,49.5,1504,109,0
L,303.5,312.3,21.1,1946,112,0
L,303.5,312.1,55.7,1326,114,0
M,303.6,312.3,22.3,1915,116,0
L,303.6,312.3,43.4,1451,119,0
M,303.5,312.3,34.8,1624,121,0
L,303.6,312.4,28.7,1781,124,0
L,303.6,312.5,54.1,1345,126,0
L,303.6,312.4,46.0,1418,128,0
L,303.7,312.4,26.5,1718,130,0
M,303.7,312.4,28.5,1631,132,0
L,303.7,312.4,40.1,1513,135,0
L,303.7,312.4,59.3,1316,137,0
M,303.7,312.4,38.8,1474,139,0
L,303.8,312.5,30.9,1619,142,0
L,303.7,312.4,31.2,1702,144,0
M,303.7,312.4,37.4,1540,146,0
M,303.7,312.4,33.7,1546,149,0
L,303.7,312.4,51.0,1348,152,0
H,303.7,312.5,35.6,1520,154,0
M,303.8,312.6,41.9,1527,159,0
M,303.8,312.6,47.1,1406,162,0
L,303.7,312.5,46.2,1462,165,0
M,303.8,312.6,29.3,1684,167,0
H,303.8,312.5,28.0,1655,170,0
H,303.8,312.5,25.1,1748,175,0
L,303.8,312.5,45.7,1372,180,0
L,303.7,312.5,33.3,1481,182,0
L,303.7,312.4,39.2,1512,184,0
L,303.7,312.5,36.6,1632,186,0
L,303.7,312.4,43.9,1525,188,0
M,303.7,312.3,26.4,1756,190,0
L,303.7,312.3,23.1,1922,193,0
M,303.8,312.5,44.3,1448,195,0
H,303.8,312.5,46.6,1447,198,0
M,303.8,312.4,33.4,1597,203,0
M,303.7,312.4,32.3,1642,206,0
H,303.8,312.5,38.0,1525,209,0
H,303.6,312.4,53.7,1460,214,0
L,303.6,312.3,17.7,2168,219,0
L,303.6,312.4,41.9,1388,221,0
M,303.6,312.3,32.4,1630,223,0
L,303.6,312.3,29.3,1616,226,0
L,303.6,312.4,16.8,2232,0,0
H,303.6,312.4,50.7,1480,2,0
L,303.6,312.4,53.1,1363,7,0
H,303.6,312.4,45.6,1436,9,0
M,303.6,312.5,33.7,1607,14,0
M,303.6,312.5,48.2,1459,17,0
L,303.5,312.4,43.7,1481,20,0
M,303.5,312.4,31.7,1606,22,0
L,303.5,312.3,29.8,1681,25,0
L,303.5,312.2,37.1,1511,27,0
M,303.5,312.3,35.2,1593,29,0
M,303.5,312.3,41.7,1532,32,0
H,303.5,312.3,49.0,1386,35,0
H,303.4,312.3,27.9,1769,40,0
M,303.4,312.2,38.2,1561,45,0
L,303.3,312.2,40.7,1457,48,0
L,303.3,312.2,40.0,1506,50,0
L,303.4,312.2,69.4,1337,52,1
L,303.4,312.3,54.8,1287,54,0
M,303.4,312.2,35.7,1615,56,0
M,303.4,312.2,23.5,1972,59,0
H,303.4,312.3,42.1,1522,62,0
L,303.4,312.3,30.6,1680,67,0
L,303.4,312.3,36.0,1502,69,0
M,303.5,312.3,33.3,1543,71,0
L,303.5,312.3,35.2,1584,74,0
L,303.5,312.4,44.5,1340,76,0
L,303.4,312.3,33.9,1663,78,0
M,303.3,312.1,30.0,1693,80,0
L,303.3,312.1,44.7,1418,83,0
H,303.4,312.2,36.8,1554,85,0
L,303.4,312.2,35.8,1580,90,0
L,303.4,312.3,42.8,1479,92,0
L,303.5,312.4,70.6,1284,94,1
L,303.4,312.3,38.7,1540,96,0
M,303.5,312.4,30.1,1606,98,0
L,303.6,312.5,62.4,1286,101,0
L,303.6,312.6,39.5,1502,103,0
M,303.6,312.7,31.5,1699,105,0
L,303.5,312.6,34.2,1602,108,0
H,303.6,312.6,42.0,1436,110,0
M,303.6,312.7,27.5,1765,115,0
L,303.6,312.7,44.1,1418,118,0
M,303.7,312.7,31.7,1669,120,0
L,303.7,312.7,53.9,1395,123,0
M,303.8,312.7,41.7,1500,125,0
M,303.8,312.7,33.4,1555,128,0
M,303.8,312.7,20.2,1919,131,0
L,303.8,312.7,36.6,1596,134,0
M,303.8,312.7,53.6,1374,136,0
L,303.7,312.5,26.1,1670,139,0
L,303.7,312.6,29.1,1702,141,0
M,303.8,312.5,45.1,1366,143,0
M,303.8,312.5,15.2,2344,146,0
M,303.8,312.6,23.9,1768,149,0
L,303.8,312.5,47.0,1523,152,0
L,303.8,312.6,25.9,1735,154,0
L,303.9,312.7,62.3,1339,156,0
L,303.9,312.7,24.3,1800,158,0
M,304.0,312.7,51.2,1456,160,0
L,303.9,312.7,24.4,1789,163,0
L,303.9,312.7,33.9,1602,165,0
M,303.8,312.7,49.3,1364,167,0
L,303.8,312.6,28.1,1793,170,0
L,303.9,312.6,53.4,1426,172,0
M,303.9,312.7,43.3,1485,174,0
L,303.9,312.7,38.4,1528,177,0
L,303.8,312.6,36.0,1565,179,0
L,303.8,312.7,27.8,1838,181,0
H,303.8,312.6,24.9,1811,183,0
L,303.8,312.7,38.2,1461,188,0
L,303.8,312.7,41.7,1414,190,0
L,303.7,312.7,45.5,1426,192,0
L,303.7,312.7,56.8,1359,194,1
L,303.7,312.7,44.8,1540,196,0
L,303.6,312.7,47.7,1429,198,0
M,303.7,312.7,36.3,1612,200,0
M,303.7,312.8,31.8,1685,203,0
M,303.7,312.8,37.7,1558,206,0
L,303.7,313.0,24.3,1811,209,0
L,303.8,313.1,25.8,1869,211,0
L,303.8,313.1,58.7,1256,213,1
M,303.8,313.0,23.5,1789,215,0
L,303.7,312.9,40.5,1502,0,0
M,303.7,313.0,54.4,1303,2,0
L,303.8,313.1,13.0,2497,5,1
L,303.9,313.2,37.4,1499,7,0
L,303.9,313.2,46.5,1393,9,0
M,303.9,313.0,41.0,1475,11,0
L,303.8,312.9,34.6,1573,14,0
L,303.8,312.9,23.7,1819,16,0
M,303.5,312.6,29.4,1642,18,0
L,303.6,312.6,39.8,1540,21,0
M,303.6,312.8,43.2,1400,23,0
M,303.6,312.8,11.4,2659,26,1
M,303.6,312.8,25.2,1825,29,0
M,303.7,312.9,41.3,1532,32,0
L,303.7,312.8,23.6,1832,35,0
M,303.6,312.7,17.6,2174,37,0
L,303.7,312.8,31.7,1627,40,0
L,303.7,312.8,51.3,1437,42,0
L,303.7,312.8,46.3,1364,44,0
M,303.7,312.9,52.7,1444,46,0
M,303.7,312.8,47.3,1366,49,0
L,303.8,312.9,48.3,1442,52,0
H,303.7,312.8,42.8,1488,54,0
L,303.7,312.8,40.7,1523,59,0
L,303.7,312.8,38.3,1543,61,0
M,303.7,312.8,33.8,1634,63,0
M,303.8,312.9,27.8,1815,66,0
M,303.8,312.9,35.2,1594,69,0
L,303.8,313.0,38.6,1452,72,0
L,303.9,313.0,28.4,1759,74,0
L,303.9,313.0,47.5,1408,76,0
L,303.9,313.0,45.0,1483,78,0
M,303.9,313.0,36.6,1620,80,0
M,304.0,313.1,39.5,1466,83,0
L,304.1,313.1,36.3,1556,86,0
L,304.0,313.0,61.1,1350,88,0
L,304.0,313.1,47.1,1404,90,0
M,304.0,313.0,34.5,1575,92,0
L,303.9,313.1,29.0,1639,95,0
M,303.9,313.1,42.8,1473,97,0
L,303.9,313.2,40.0,1481,100,0
L,304.0,313.3,54.6,1294,102,0
M,303.9,313.2,29.3,1630,104,0
M,303.9,313.2,39.8,1624,107,0
M,303.9,313.1,48.3,1437,110,0
M,303.8,313.0,45.0,1514,113,0
M,304.0,313.1,31.4,1694,116,0
L,304.0,313.1,50.9,1564,119,0
M,303.9,313.1,41.1,1514,121,0
M,304.0,313.2,40.6,1500,124,0
L,304.0,313.2,37.8,1615,127,0
M,304.1,313.2,41.1,1586,129,0
L,304.1,313.3,28.5,1732,132,0
H,304.1,313.3,32.5,1689,134,0
H,304.1,313.2,34.6,1586,139,0
L,304.0,313.2,47.1,1314,144,0
L,304.1,313.2,35.8,1569,146,0
L,304.1,313.2,39.4,1468,148,0
L,304.1,313.2,47.5,1412,150,0
M,304.1,313.2,46.9,1510,152,0
M,304.1,313.2,42.4,1410,155,0
M,304.1,313.3,29.3,1680,158,0
H,304.0,313.2,68.6,1271,161,1
H,304.0,313.1,45.5,1472,166,0
H,304.0,313.0,30.4,1701,171,0
L,303.9,313.0,39.9,1480,176,0
L,303.9,313.0,48.4,1433,178,0
L,303.8,312.9,34.3,1514,180,0
L,303.8,312.9,35.7,1619,182,0
H,303.8,312.9,45.6,1378,184,0
M,303.9,312.9,53.5,1430,189,0
L,303.8,312.9,49.9,1367,192,0
L,303.9,312.9,42.5,1526,194,0
L,303.9,312.8,47.9,1419,196,0
L,304.0,312.8,42.7,1542,198,0
L,304.0,312.9,62.5,1363,200,1
L,304.0,312.9,53.9,1313,202,0
H,304.0,312.9,46.6,1495,0,0
L,304.0,313.0,42.1,1407,5,0
L,304.1,313.0,37.2,1566,7,0
L,304.1,313.1,30.9,1550,9,0
M,304.2,313.2,50.5,1396,11,0
M,304.3,313.3,39.0,1540,14,0
M,304.2,313.2,48.7,1380,17,0
M,304.2,313.1,31.1,1608,20,0
H,304.2,313.0,40.9,1442,23,0
L,304.1,313.0,45.3,1408,28,0
M,304.0,313.0,46.8,1454,30,0
L,304.1,313.1,34.6,1666,33,0
L,304.1,313.2,46.6,1366,35,0
L,304.2,313.2,44.9,1464,37,0
L,304.3,313.3,24.9,1775,39,0
M,304.3,313.4,43.8,1482,41,0
M,304.2,313.4,54.8,1411,44,0
L,304.2,313.3,51.6,1410,47,0
M,304.1,313.3,39.0,1494,49,0
H,304.1,313.2,43.4,1590,52,0
L,304.1,313.1,54.1,1327,57,0
L,304.1,313.1,20.8,1969,59,0
M,304.0,313.0,56.0,1377,61,0
L,304.0,313.0,45.9,1541,64,0
M,304.0,313.0,28.2,1685,66,0
L,304.0,313.1,41.0,1465,69,0
M,303.9,313.1,47.2,1483,71,0
M,303.9,313.2,40.7,1570,74,0
L,303.9,313.2,48.2,1345,77,0
M,303.9,313.2,40.6,1608,79,0
M,304.0,313.3,52.8,1415,82,0
M,304.1,313.5,45.8,1470,85,0
M,304.1,313.5,39.9,1428,88,0
H,304.2,313.5,32.2,1627,91,0
L,304.2,313.4,49.4,1457,96,0
L,304.2,313.4,40.2,1475,98,0
L,304.2,313.5,50.1,1438,100,0
M,304.2,313.5,47.2,1437,102,0
M,304.1,313.4,42.4,1518,105,0
M,304.1,313.5,33.6,1587,108,0
L,304.1,313.4,43.7,1399,111,0
L,304.1,313.5,44.6,1469,113,0
L,304.1,313.4,56.6,1374,115,0
L,304.0,313.3,36.7,1519,117,0
L,303.9,313.2,44.4,1540,119,0
L,303.9,313.3,51.6,1394,121,0
M,304.0,313.4,45.8,1389,123,0
M,304.0,313.5,26.2,1732,126,0
L,304.1,313.6,37.4,1556,129,0
M,304.1,313.6,43.7,1441,131,0
L,304.1,313.6,46.7,1382,134,0
M,304.2,313.8,44.9,1481,136,0
M,304.2,313.7,18.4,2113,139,0
L,304.2,313.8,53.9,1401,142,0
L,304.1,313.6,31.4,1611,144,0
M,304.2,313.6,33.4,1512,146,0
L,304.2,313.6,46.0,1411,149,0
M,304.2,313.6,43.7,1424,151,0
L,304.2,313.6,40.0,1469,154,0
H,304.2,313.5,29.8,1684,156,0
M,304.2,313.5,41.3,1532,161,0
M,304.2,313.5,37.3,1557,164,0
M,304.3,313.5,48.1,1416,167,0
L,304.3,313.5,25.4,1802,170,0
M,304.3,313.5,15.1,2245,172,0
L,304.2,313.4,42.5,1434,175,0
M,304.1,313.3,28.3,1725,177,0
L,304.2,313.3,35.7,1668,180,0
L,304.1,313.3,43.9,1452,182,0
L,304.1,313.3,50.0,1415,184,0
L,304.1,313.2,25.8,1824,186,0
L,304.1,313.3,45.5,1438,188,0
L,304.1,313.3,24.5,1883,190,0
L,304.2,313.4,28.9,1735,192,0
L,304.3,313.5,36.7,1464,194,0
M,304.3,313.6,40.3,1489,196,0
M,304.4,313.6,38.9,1510,199,0
M,304.3,313.6,32.1,1585,202,0
L,304.4,313.7,35.0,1509,205,1
L,304.4,313.6,39.1,1568,0,0
M,304.3,313.5,42.0,1525,2,0
L,304.4,313.7,33.5,1607,5,0
L,304.5,313.7,32.9,1670,7,0
L,304.4,313.6,38.9,1585,9,0
L,304.4,313.6,38.4,1569,11,0
L,304.4,313.6,43.1,1507,13,0
L,304.3,313.5,41.5,1452,15,0
L,304.3,313.5,29.8,1590,17,0
L,304.3,313.6,56.0,1409,19,0
L,304.3,313.5,12.7,2643,21,0
L,304.2,313.4,31.7,1644,23,0
L,304.2,313.4,37.6,1568,25,0
H,304.2,313.3,37.3,1625,27,0
L,304.2,313.4,41.4,1482,32,0
H,304.1,313.3,49.6,1397,34,0
L,304.1,313.3,50.3,1459,39,0
L,304.2,313.4,44.0,1490,41,0
L,304.1,313.2,50.1,1434,43,0
M,304.1,313.2,18.9,2028,45,0
L,304.2,313.3,45.9,1464,48,0
M,304.2,313.4,23.5,1713,50,0
M,304.3,313.4,32.1,1624,53,0
L,304.2,313.4,43.4,1421,56,0
H,304.2,313.5,41.4,1546,58,0
L,304.2,313.4,32.7,1639,63,0
H,304.1,313.4,29.6,1696,65,0
L,304.1,313.3,39.9,1470,70,0
M,304.1,313.3,38.4,1480,72,0
M,304.2,313.4,54.5,1329,75,0
L,304.2,313.4,28.2,1740,78,0
M,304.2,313.5,28.1,1739,80,0
M,304.2,313.5,47.8,1390,83,0
L,304.2,313.4,23.7,1740,86,0
M,304.0,313.3,27.1,1844,88,0
H,304.0,313.1,53.2,1388,91,0
H,304.0,313.2,43.1,1517,96,0
M,304.0,313.1,42.8,1450,101,0
L,304.0,313.2,38.7,1584,104,0
L,304.0,313.1,28.7,1720,106,0
L,303.9,313.1,31.9,1586,108,0
M,303.9,313.0,22.5,1901,110,0
L,304.0,313.0,42.4,1397,113,0
L,304.0,313.0,21.1,2012,115,0
L,304.0,313.0,15.0,2354,117,0
L,304.0,313.1,35.7,1648,119,0
L,304.0,313.2,30.6,1632,121,0
M,304.1,313.2,46.9,1427,123,0
L,304.1,313.2,48.0,1452,126,0
L,304.0,313.2,46.0,1416,128,0
L,303.9,313.1,62.9,1310,130,0
H,304.0,313.1,39.8,1408,132,0
M,303.9,313.1,34.4,1668,137,0
L,303.9,313.0,36.8,1551,140,0
H,303.9,313.0,36.0,1517,142,0
H,303.8,312.9,35.8,1570,147,0
L,303.8,312.8,53.3,1428,152,0
L,303.8,312.8,40.0,1503,154,0
L,303.8,312.8,58.7,1416,156,0
M,303.7,312.7,47.3,1396,158,0
L,303.7,312.7,51.1,1335,161,0
M,303.7,312.6,30.5,1671,163,0
L,303.7,312.7,22.4,1989,166,0
L,303.7,312.7,43.3,1468,168,0
H,303.7,312.6,27.6,1711,170,0
M,303.8,312.7,41.3,1488,175,0
L,303.8,312.7,29.3,1664,178,0
M,303.8,312.7,38.5,1507,180,0
L,303.7,312.6,42.5,1466,183,0
L,303.7,312.5,53.6,1433,185,0
L,303.7,312.5,45.7,1397,187,0
M,303.7,312.6,43.3,1429,189,0
L,303.7,312.7,37.2,1572,192,0
M,303.7,312.7,42.7,1532,194,0
M,303.7,312.7,51.8,1316,197,0
M,303.8,312.8,47.9,1420,200,0
L,303.8,312.9,37.2,1589,203,0
L,303.8,313.0,59.9,1365,205,1
L,303.8,313.0,32.9,1633,207,0
L,303.9,313.0,31.4,1626,209,0
L,303.9,313.1,29.6,1665,0,0
M,303.9,313.2,47.2,1350,2,0
L,303.9,313.2,31.9,1590,5,0
M,304.0,313.2,53.9,1437,7,0
L,303.9,313.0,48.3,1403,10,0
L,303.9,313.1,41.1,1440,12,0
M,303.9,313.1,61.4,1343,14,0
H,303.9,313.1,26.7,1790,17,0
M,303.8,313.1,18.6,2117,22,0
L,303.8,313.1,42.2,1458,25,0
L,303.6,312.9,57.8,1381,27,0
L,303.6,312.9,45.3,1450,29,0
L,303.7,312.9,50.1,1461,31,0
M,303.7,312.9,41.0,1511,33,0
L,303.8,313.1,45.4,1394,36,0
L,303.8,313.0,42.3,1499,38,0
L,303.7,313.0,44.1,1457,40,0
L,303.7,313.0,29.0,1753,42,0
L,303.7,313.0,28.0,1694,44,0
L,303.7,313.1,28.4,1683,46,0
L,303.7,313.1,47.4,1496,48,0
L,303.7,313.1,34.8,1721,50,0
L,303.6,313.0,31.6,1593,52,0
L,303.6,313.0,38.3,1575,54,0
L,303.5,313.0,41.0,1465,56,0
L,303.6,313.1,38.3,1405,58,0
M,303.5,313.0,21.6,1902,60,0
M,303.4,312.9,39.9,1422,63,0
L,303.5,312.9,52.9,1332,66,0
M,303.4,312.9,54.3,1307,68,0
L,303.5,313.0,59.5,1322,71,0
L,303.5,313.0,40.3,1547,73,0
L,303.5,313.1,23.6,1897,75,0
M,303.5,313.0,51.9,1403,77,0
L,303.5,313.0,51.6,1393,80,0
L,303.5,313.0,38.5,1482,82,0
M,303.5,312.9,44.7,1572,84,0
L,303.5,312.9,36.9,1544,87,0
M,303.5,313.0,46.1,1492,89,0
L,303.4,312.8,35.8,1513,92,0
L,303.4,312.8,43.9,1449,94,0
L,303.5,312.8,22.3,1877,96,0
L,303.4,312.8,53.4,1376,98,0
M,303.5,312.9,23.3,1883,100,0
M,303.4,312.8,38.7,1518,103,0
M,303.5,312.9,42.8,1438,106,0
L,303.4,312.9,54.1,1389,109,0
L,303.5,312.9,44.8,1504,111,0
L,303.5,312.9,64.4,1275,113,0
L,303.6,313.0,39.7,1534,115,0
M,303.6,313.0,38.2,1396,117,0
L,303.6,313.1,44.1,1395,120,0
L,303.6,313.0,30.9,1617,122,0
L,303.7,313.1,41.2,1423,124,0
L,303.5,313.0,34.0,1606,126,0
L,303.5,312.9,44.0,1501,128,0
M,303.5,312.9,30.4,1618,130,0
L,303.6,313.0,35.8,1522,133,0
L,303.6,312.9,41.4,1480,135,0
M,303.7,313.0,39.9,1469,137,0
H,303.8,313.2,52.4,1381,140,0
L,303.8,313.2,41.9,1525,145,0
M,303.8,313.2,29.6,1732,147,0
L,303.8,313.1,39.8,1523,150,0
L,303.8,313.1,42.4,1422,152,0
H,303.8,313.2,46.9,1506,154,0
L,303.8,313.2,39.4,1531,159,0
M,303.9,313.3,34.3,1507,161,0
L,303.9,313.3,40.7,1526,164,0
L,303.8,313.3,52.1,1406,166,0
M,303.9,313.3,35.0,1567,168,0
M,303.9,313.4,49.1,1464,171,0
L,303.9,313.4,48.5,1442,174,0
L,303.8,313.2,47.8,1336,176,0
H,303.8,313.2,50.2,1379,178,0
L,303.7,313.1,48.6,1406,183,0
M,303.7,313.1,18.1,2130,185,0
L,303.7,313.1,49.1,1355,188,0
M,303.8,313.2,26.5,1710,190,0
L,303.8,313.1,55.8,1309,193,0
L,303.9,313.1,37.2,1491,195,0
L,303.9,313.2,44.1,1481,197,0
L,303.9,313.1,49.3,1425,199,0
H,303.9,313.2,29.1,1680,201,0
H,304.0,313.2,31.7,1612,206,0
L,304.0,313.3,34.8,1530,211,0
L,304.0,313.2,42.6,1481,213,0
M,303.9,313.2,48.0,1422,215,1
L,303.8,313.0,43.0,1427,0,0
H,303.7,312.9,49.8,1460,2,0
L,303.6,312.9,23.5,1873,7,0
M,303.7,312.9,32.6,1566,9,0
L,303.6,312.8,30.8,1701,12,0
L,303.6,312.8,27.2,1710,14,0
M,303.6,312.8,33.1,1689,16,0
L,303.6,312.7,32.9,1637,19,0
L,303.5,312.6,39.0,1496,21,0
M,303.5,312.7,47.0,1402,23,0
L,303.4,312.7,45.5,1363,26,0
M,303.4,312.7,49.9,1576,28,0
M,303.4,312.7,55.3,1357,31,0
M,303.4,312.7,48.4,1399,34,0
M,303.4,312.8,30.8,1526,37,0
L,303.5,312.7,27.3,1694,40,0
M,303.5,312.7,49.1,1420,42,0
M,303.5,312.7,16.7,2116,45,0
M,303.7,312.9,41.9,1406,48,0
L,303.7,313.0,45.5,1456,51,0
L,303.6,312.9,31.9,1588,53,0
L,303.7,312.8,44.5,1448,55,0
H,303.6,312.7,46.2,1403,57,0
M,303.5,312.6,51.6,1405,62,0
M,303.4,312.6,9.8,2706,65,1
M,303.3,312.4,38.9,1505,68,0
L,303.2,312.4,33.7,1663,71,0
M,303.3,312.6,44.4,1482,73,0
M,303.3,312.5,32.7,1674,76,0
M,303.4,312.7,32.8,1594,79,0
L,303.5,312.7,49.3,1393,82,0
H,303.5,312.8,55.8,1404,84,0
M,303.5,312.8,45.7,1375,89,0
L,303.5,312.8,38.4,1607,92,0
L,303.4,312.8,50.8,1360,94,0
L,303.5,312.8,39.4,1524,96,0
L,303.4,312.7,35.5,1534,98,0
L,303.3,312.7,63.8,1262,100,0
L,303.3,312.6,34.6,1623,102,0
M,303.3,312.7,33.6,1642,104,0
M,303.4,312.8,35.1,1622,107,0
M,303.5,312.9,34.5,1530,110,0
M,303.4,312.8,36.3,1590,113,0
L,303.4,312.7,34.0,1589,116,0
L,303.4,312.6,37.5,1462,118,0
H,303.3,312.5,49.8,1328,120,0
H,303.3,312.6,29.0,1692,125,0
L,303.3,312.5,20.6,1968,130,0
H,303.3,312.6,24.2,1827,132,0
M,303.3,312.6,47.1,1397,137,0
L,303.3,312.6,44.0,1463,140,0
L,303.3,312.7,30.7,1643,142,0
L,303.2,312.6,57.0,1281,144,0
L,303.2,312.5,39.9,1518,146,0
L,303.2,312.6,35.3,1601,148,0
L,303.1,312.6,36.4,1548,150,0
H,303.1,312.6,40.6,1404,152,0
M,303.1,312.5,26.7,1766,157,0
M,303.1,312.5,30.0,1667,160,0
H,303.0,312.5,37.9,1507,163,0
H,303.0,312.4,37.1,1627,168,0
L,302.9,312.3,47.7,1435,173,0
H,302.9,312.3,46.8,1509,175,0
M,302.9,312.3,25.0,1809,180,0
L,302.9,312.3,40.8,1515,183,0
L,302.9,312.3,34.9,1530,185,0
H,302.8,312.3,57.5,1336,187,0
L,302.9,312.4,19.1,2030,192,0
L,302.9,312.4,36.9,1550,194,0
L,302.9,312.4,41.7,1446,196,0
L,302.8,312.3,37.5,1494,198,0
L,302.8,312.4,27.0,1651,200,0
L,302.9,312.4,33.8,1698,202,0
L,302.8,312.3,40.3,1504,204,0
M,302.9,312.4,46.0,1421,206,0
H,302.9,312.3,26.9,1754,209,0
L,302.9,312.2,42.0,1469,214,0
L,302.8,312.2,50.0,1433,216,0
M,302.8,312.3,49.0,1432,218,0
L,302.8,312.3,49.1,1366,221,0
H,302.8,312.3,47.2,1483,223,0
L,302.7,312.2,34.4,1572,228,0
L,302.8,312.2,40.2,1481,230,0
L,302.8,312.3,42.6,1473,232,0
M,302.8,312.3,70.5,1262,234,1
L,302.8,312.4,36.8,1529,237,0
L,302.8,312.4,39.7,1523,239,0
M,302.8,312.3,42.7,1416,241,0
L,302.9,312.4,23.9,1923,244,0
H,302.8,312.4,53.8,1411,246,1
L,302.7,312.4,46.3,1477,251,1
M,302.6,312.3,54.8,1454,253,1
L,302.7,312.3,48.5,1421,0,0
L,302.7,312.3,25.4,1858,2,0
H,302.8,312.5,46.1,1422,4,0
L,302.7,312.4,48.7,1444,9,0
L,302.7,312.4,47.8,1360,11,0
L,302.7,312.4,24.8,1954,13,0
L,302.6,312.4,33.0,1628,15,0
L,302.7,312.4,44.2,1433,17,0
M,302.7,312.5,51.5,1417,19,0
L,302.8,312.6,39.4,1462,22,0
L,302.9,312.6,59.9,1328,24,0
H,302.7,312.5,36.4,1527,26,0
L,302.6,312.3,34.3,1534,31,0
M,302.6,312.4,50.3,1410,33,0
L,302.6,312.3,30.3,1660,36,0
L,302.6,312.4,45.8,1386,38,0
L,302.6,312.4,41.6,1398,40,0
L,302.6,312.3,53.4,1321,42,0
L,302.6,312.3,34.2,1512,44,0
M,302.6,312.3,36.6,1566,46,0
M,302.7,312.4,44.5,1422,49,0
L,302.6,312.3,31.8,1647,52,0
L,302.6,312.2,45.5,1377,54,0
L,302.5,312.2,27.9,1775,56,0
L,302.6,312.3,42.0,1554,58,0
L,302.7,312.4,51.9,1423,60,0
L,302.7,312.4,47.3,1453,62,0
L,302.8,312.4,34.4,1590,64,0
L,302.8,312.5,28.4,1694,66,0
L,302.8,312.5,43.4,1462,68,0
L,302.8,312.4,46.2,1392,70,0
L,302.9,312.5,45.5,1550,72,0
L,302.9,312.5,30.4,1629,74,0
M,303.0,312.5,42.1,1524,76,0
M,302.9,312.5,30.9,1679,79,0
M,302.9,312.6,46.4,1394,82,0
L,302.9,312.5,32.1,1683,85,0
L,303.0,312.5,30.5,1626,87,0
H,303.0,312.5,30.0,1698,89,0
M,303.0,312.6,42.9,1392,94,0
L,303.1,312.7,51.8,1353,97,0
M,303.0,312.7,46.8,1426,99,0
L,303.0,312.7,19.9,2024,102,0
M,303.0,312.8,32.1,1648,104,0
L,303.1,312.9,40.1,1511,107,0
L,303.1,312.8,44.1,1465,109,0
L,303.0,312.7,41.8,1551,111,0
L,303.1,312.8,15.1,2329,113,0
H,303.1,312.8,41.9,1435,115,0
L,303.0,312.7,48.8,1361,120,0
M,303.0,312.7,35.8,1553,122,0
L,303.0,312.6,42.1,1451,125,0
L,303.0,312.5,40.2,1461,127,0
M,303.1,312.6,23.5,1895,129,0
M,303.1,312.6,32.9,1567,132,0
M,303.0,312.5,33.7,1602,135,0
L,303.1,312.6,42.1,1514,138,0
L,303.1,312.5,49.1,1453,140,0
M,303.0,312.4,36.1,1526,142,0
M,302.9,312.3,52.1,1339,145,0
L,302.9,312.3,22.8,1889,148,0
L,302.9,312.4,34.8,1561,150,0
M,302.9,312.4,33.1,1659,152,0
L,302.9,312.4,49.5,1424,155,0
M,302.9,312.3,44.7,1426,157,0
L,302.9,312.4,51.4,1383,160,0
L,302.8,312.3,29.9,1764,162,0
M,302.7,312.2,42.5,1439,164,0
M,302.7,312.2,35.5,1585,167,0
L,302.7,312.3,61.2,1346,170,0
L,302.8,312.3,57.8,1386,172,0
L,302.7,312.2,51.8,1369,174,0
M,302.7,312.1,46.9,1378,176,0
L,302.7,312.2,46.8,1336,179,0
M,302.6,312.1,42.0,1445,181,0
L,302.7,312.1,26.5,1763,184,0
L,302.7,312.2,34.1,1611,186,0
M,302.7,312.1,32.1,1564,188,0
H,302.7,312.1,36.0,1478,191,0
L,302.6,312.0,28.5,1781,196,0
L,302.6,312.1,26.8,1782,198,0
M,302.6,312.1,21.9,2000,200,0
M,302.5,312.0,25.3,1826,203,0
L,302.6,312.1,51.0,1344,206,0
L,302.6,312.2,43.0,1520,208,0
M,302.6,312.1,39.9,1611,210,0
L,302.7,312.2,52.1,1450,213,1
L,302.6,312.1,35.0,1499,215,0
L,302.6,312.1,68.5,1288,0,1
M,302.7,312.2,58.6,1350,2,0
M,302.9,312.4,50.9,1334,5,0
L,302.8,312.4,57.1,1376,8,0
L,302.8,312.4,49.5,1368,10,0
H,302.9,312.5,55.0,1357,12,0
M,302.9,312.5,24.0,1924,17,0
M,302.9,312.5,40.0,1551,20,0
M,302.9,312.5,21.2,1903,23,0
H,302.9,312.3,48.7,1417,26,0
L,302.7,312.1,35.2,1601,31,0
L,302.7,312.1,37.5,1543,33,0
L,302.6,312.1,52.3,1439,35,0
H,302.6,312.0,29.3,1657,37,0
L,302.8,312.2,51.0,1458,42,0
L,302.8,312.2,27.4,1746,44,0
L,302.9,312.2,30.5,1677,46,0
L,302.8,312.1,39.9,1520,48,0
L,302.9,312.2,55.1,1367,50,0
L,302.8,312.2,36.5,1509,52,0
L,302.8,312.1,51.4,1418,54,0
L,302.8,312.1,20.3,1958,56,0
L,302.8,312.2,30.9,1682,58,0
M,302.8,312.2,50.3,1452,60,0
L,302.7,312.0,24.0,1828,63,0
H,302.7,312.0,41.5,1484,65,0
L,302.6,312.0,32.2,1674,70,0
L,302.6,311.9,49.5,1448,72,0
M,302.5,311.8,19.1,2023,74,0
L,302.5,311.9,47.4,1452,77,0
M,302.6,312.0,45.0,1496,79,0
L,302.6,311.9,46.9,1397,82,0
L,302.6,311.9,39.1,1453,84,0
M,302.5,311.9,34.8,1524,86,0
L,302.6,311.9,30.9,1633,89,0
M,302.6,312.0,45.7,1363,91,0
L,302.5,311.9,44.9,1520,94,0
M,302.5,311.9,38.8,1532,96,0
L,302.4,311.8,50.9,1384,99,0
M,302.4,311.8,39.9,1539,101,0
M,302.3,311.8,50.1,1355,104,0
M,302.3,311.7,37.3,1504,107,0
L,302.4,311.8,46.6,1476,110,0
L,302.4,311.7,26.9,1721,112,0
M,302.3,311.7,37.1,1494,114,0
L,302.3,311.7,43.5,1465,117,0
M,302.3,311.8,54.0,1363,119,1
L,302.4,311.8,30.0,1648,122,0
M,302.3,311.8,23.0,1879,124,0
H,302.3,311.7,39.0,1482,127,0
L,302.4,311.8,38.4,1493,132,0
L,302.4,311.8,42.2,1433,134,0
L,302.3,311.7,41.6,1400,136,0
L,302.4,311.8,59.0,1255,138,0
L,302.2,311.7,45.6,1471,140,0
H,302.2,311.6,44.2,1357,142,0
L,302.3,311.7,41.2,1453,147,0
M,302.3,311.7,28.9,1540,149,0
L,302.3,311.8,35.2,1605,152,0
H,302.3,311.9,52.4,1374,154,0
M,302.3,311.9,42.3,1508,159,0
H,302.4,311.9,47.3,1366,162,0
H,302.5,312.0,35.7,1579,167,0
L,302.5,311.9,59.7,1306,172,0
M,302.5,312.0,40.2,1521,174,0
L,302.5,312.0,44.2,1411,177,0
H,302.5,312.0,42.0,1357,179,0
M,302.5,312.0,43.5,1436,184,0
L,302.5,311.9,40.1,1553,187,0
M,302.5,312.0,43.2,1451,189,0
L,302.4,311.9,37.9,1541,192,0
M,302.3,311.7,46.3,1341,194,0
L,302.3,311.7,32.1,1648,197,0
M,302.3,311.7,31.5,1640,199,0
L,302.4,311.8,46.1,1416,202,0
L,302.4,311.9,29.9,1671,204,0
L,302.4,312.0,45.5,1457,206,0
M,302.5,312.0,54.8,1445,0,0
L,302.5,312.1,38.6,1534,3,0
L,302.4,312.0,36.9,1508,5,0
M,302.4,312.1,47.7,1492,7,0
L,302.4,312.0,37.9,1562,10,0
L,302.4,312.0,36.4,1545,12,0
L,302.5,312.2,25.3,1738,14,0
L,302.4,312.0,49.1,1305,16,0
H,302.4,312.0,39.7,1477,18,0
H,302.4,312.0,43.4,1457,23,0
L,302.4,312.1,40.4,1455,28,0
L,302.5,312.2,38.7,1574,30,0
L,302.6,312.2,27.1,1695,32,0
M,302.6,312.2,38.8,1458,34,0
M,302.5,312.1,47.6,1454,37,0
L,302.5,312.0,18.9,2052,40,0
L,302.5,312.0,29.9,1673,42,0
L,302.4,311.9,29.9,1578,44,0
M,302.5,312.0,29.1,1642,46,0
M,302.4,311.8,31.5,1557,49,0
L,302.5,311.9,42.9,1481,52,0
M,302.5,311.8,37.6,1566,54,0
M,302.5,311.9,57.5,1298,57,0
M,302.5,311.9,59.4,1340,60,0
L,302.5,312.0,33.8,1574,63,0
L,302.5,311.9,46.7,1437,65,0
L,302.6,311.9,48.0,1354,67,0
L,302.6,311.9,35.5,1598,69,0
M,302.7,312.0,21.4,1944,71,0
M,302.7,312.0,36.7,1538,74,0
L,302.7,312.0,37.0,1501,77,0
L,302.8,312.1,52.1,1441,79,0
M,302.7,312.0,31.0,1652,81,0
L,302.8,312.1,36.6,1487,84,0
L,302.9,312.2,33.9,1605,86,0
L,302.9,312.1,54.7,1334,88,0
L,302.9,312.2,57.8,1340,90,0
L,302.9,312.2,37.8,1513,92,0
L,302.9,312.2,41.4,1510,94,0
L,302.9,312.2,23.6,1729,96,0
M,302.9,312.2,25.5,1745,98,0
M,303.1,312.3,31.6,1623,101,0
M,303.1,312.4,50.1,1378,104,0
L,303.1,312.4,41.2,1407,107,0
M,303.0,312.3,29.5,1674,109,0
L,303.0,312.3,42.4,1486,112,0
M,303.0,312.3,38.8,1483,114,0
H,303.0,312.2,28.8,1624,117,0
M,303.0,312.2,71.3,1257,122,1
L,303.0,312.3,41.4,1480,125,0
L,303.1,312.4,61.5,1404,127,1
M,303.0,312.4,29.6,1645,129,0
L,303.0,312.3,21.9,1932,132,0
L,303.0,312.3,38.5,1533,134,0
M,302.9,312.2,54.4,1292,136,0
L,302.9,312.2,40.6,1571,139,0
L,302.9,312.3,36.3,1578,141,0
M,302.8,312.2,36.9,1469,143,0
L,302.7,312.1,24.4,1728,146,0
H,302.7,312.1,32.5,1603,148,0
L,302.7,312.1,39.8,1597,153,0
L,302.7,312.1,32.0,1688,155,0
L,302.7,312.2,51.4,1405,157,0
M,302.8,312.2,32.9,1615,159,0
L,302.8,312.2,36.8,1515,162,0
L,302.7,312.2,52.8,1376,164,0
L,302.7,312.2,47.5,1447,166,0
M,302.6,312.2,56.5,1353,168,0
L,302.6,312.1,47.3,1502,171,0
L,302.6,312.0,45.5,1447,173,0
M,302.5,312.0,46.1,1487,175,0
L,302.6,312.1,38.1,1519,178,0
L,302.6,312.1,28.7,1668,180,0
L,302.6,312.1,51.6,1420,182,0
L,302.6,312.1,37.3,1473,184,0
L,302.5,312.0,38.8,1495,186,0
L,302.5,312.0,42.0,1574,188,0
L,302.5,312.0,51.3,1383,190,0
M,302.5,312.0,29.4,1591,192,0
M,302.4,311.8,37.2,1644,195,0
H,302.5,311.8,14.7,2370,198,0
L,302.5,311.9,44.9,1401,203,0
M,302.5,311.9,51.6,1414,205,0
L,302.5,312.0,46.3,1456,208,0
M,302.5,312.0,45.7,1447,210,0
L,302.4,311.8,26.5,1727,213,0
L,302.4,311.7,36.8,1495,215,0
L,302.3,311.6,34.3,1544,0,0
L,302.3,311.5,47.3,1387,2,0
M,302.3,311.5,47.2,1316,4,0
L,302.3,311.5,26.1,1794,7,0
M,302.2,311.4,55.1,1372,9,0
M,302.3,311.5,30.0,1674,12,0
L,302.2,311.4,41.7,1477,15,0
L,302.2,311.4,53.0,1397,17,0
L,302.2,311.5,34.0,1616,19,0
M,302.3,311.5,42.3,1530,21,0
M,302.2,311.4,35.1,1539,24,0
L,302.3,311.4,21.9,1845,27,0
L,302.2,311.4,43.1,1430,29,0
L,302.2,311.4,19.2,2080,31,0
M,302.2,311.4,45.3,1432,33,0
M,302.2,311.5,39.5,1479,36,0
L,302.2,311.5,45.2,1424,39,0
H,302.2,311.6,37.2,1534,41,0
H,302.1,311.6,26.2,1701,46,0
L,302.2,311.6,50.0,1462,51,0
M,302.2,311.7,42.5,1393,53,0
M,302.3,311.7,42.5,1453,56,0
L,302.3,311.8,37.8,1565,59,0
L,302.3,311.8,51.7,1281,61,0
M,302.2,311.7,36.2,1584,63,0
M,302.2,311.7,49.0,1466,66,0
M,302.2,311.6,50.5,1386,69,0
L,302.2,311.6,44.3,1383,72,0
H,302.3,311.6,53.9,1441,74,0
M,302.2,311.6,37.7,1592,79,0
H,302.2,311.6,36.8,1594,82,0
L,302.2,311.5,45.6,1482,87,0
L,302.2,311.6,31.4,1658,89,0
L,302.3,311.7,18.2,2170,91,0
M,302.3,311.7,44.6,1423,93,0
L,302.4,311.8,31.1,1543,96,0
L,302.3,311.8,44.8,1435,98,0
L,302.4,311.8,56.4,1320,100,0
M,302.4,311.9,55.7,1313,102,0
M,302.4,311.8,42.1,1453,105,0
L,302.4,311.8,45.7,1508,108,0
L,302.4,311.8,42.0,1451,110,0
H,302.5,311.9,34.6,1595,112,0
L,302.5,311.9,49.4,1354,117,0
L,302.5,311.9,59.8,1265,119,0
L,302.4,311.9,25.9,1867,121,0
L,302.5,311.9,41.6,1497,123,0
M,302.5,311.9,54.3,1347,125,0
L,302.3,311.7,43.2,1544,128,0
H,302.3,311.7,45.4,1456,130,0
L,302.5,311.8,52.7,1335,135,0
L,302.4,311.9,43.1,1452,137,0
L,302.4,311.9,70.0,1290,139,1
L,302.4,311.8,43.4,1448,141,0
L,302.3,311.7,38.6,1611,143,0
L,302.2,311.7,38.6,1556,145,0
H,302.2,311.7,46.5,1413,147,0
L,302.2,311.6,35.9,1545,152,0
L,302.2,311.7,54.6,1330,154,0
L,302.2,311.9,38.0,1596,156,0
L,302.2,311.8,36.0,1618,158,0
H,302.2,311.9,35.8,1597,160,0
L,302.3,312.0,52.2,1354,165,0
L,302.3,312.0,28.1,1746,167,0
L,302.4,312.0,32.5,1621,169,0
L,302.3,312.0,43.3,1398,171,0
L,302.3,311.9,51.9,1434,173,0
M,302.3,311.8,43.4,1443,175,0
L,302.2,311.7,44.6,1488,178,0
M,302.3,311.8,48.0,1475,180,0
L,302.3,311.8,50.3,1433,183,0
M,302.3,311.8,34.1,1557,185,0
M,302.4,311.9,50.1,1398,188,0
M,302.3,311.8,34.4,1559,191,0
M,302.4,311.9,46.4,1422,194,0
M,302.3,311.8,35.7,1463,197,0
L,302.3,311.7,25.3,1793,200,0
L,302.2,311.6,20.4,1872,202,0
L,302.2,311.7,44.5,1412,204,0
L,302.3,311.8,43.2,1487,206,0
L,302.3,311.8,56.2,1369,208,1
L,302.4,311.8,30.1,1673,210,0
M,302.4,311.9,36.6,1439,212,0
L,302.3,311.8,42.8,1574,215,0
L,302.3,311.7,48.8,1281,0,0
M,302.2,311.7,31.4,1653,2,0
M,302.3,311.7,38.3,1535,5,0
M,302.3,311.7,40.5,1483,8,0
L,302.3,311.7,47.0,1414,11,0
M,302.2,311.6,42.9,1379,13,0
H,302.2,311.5,42.6,1482,16,0
L,302.1,311.5,20.1,1987,21,0
M,302.1,311.5,31.6,1635,23,0
L,302.1,311.5,39.4,1533,26,0
M,302.2,311.7,34.0,1576,28,0
H,302.2,311.8,62.4,1330,31,0
L,302.2,311.8,21.8,1981,36,0
H,302.3,311.8,42.8,1475,38,0
H,302.3,311.8,25.0,1804,43,0
L,302.2,311.6,54.1,1416,48,0
L,302.1,311.5,27.7,1727,50,0
L,302.1,311.4,49.2,1391,52,0
M,302.0,311.5,52.3,1366,54,0
L,301.9,311.3,55.6,1366,57,0
L,301.9,311.3,40.8,1501,59,0
L,301.8,311.3,35.8,1551,61,0
M,301.9,311.3,35.6,1522,63,0
L,301.9,311.2,49.8,1369,66,0
L,301.8,311.2,52.3,1334,68,0
H,301.8,311.2,39.4,1451,70,0
L,301.7,311.2,37.9,1589,75,0
L,301.7,311.3,30.5,1708,77,0
M,301.7,311.2,42.6,1413,79,0
M,301.6,311.2,46.5,1415,82,0
L,301.7,311.3,45.9,1421,85,0
L,301.7,311.3,51.0,1348,87,0
L,301.6,311.2,42.9,1408,89,0
L,301.6,311.2,43.7,1525,91,0
L,301.6,311.3,29.9,1706,93,0
H,301.6,311.2,46.8,1395,95,0
L,301.5,311.1,34.3,1602,100,0
L,301.6,311.1,21.5,1907,102,0
L,301.6,311.1,49.2,1325,104,0
L,301.6,311.1,44.4,1408,106,0
M,301.7,311.1,41.4,1489,108,0
L,301.6,311.1,29.2,1680,111,0
L,301.7,311.2,42.4,1517,113,0
M,301.7,311.1,36.7,1618,115,0
L,301.7,311.1,39.8,1455,118,0
H,301.8,311.1,36.4,1543,120,0
M,301.8,311.1,41.8,1399,125,0
L,301.7,311.1,37.2,1469,128,0
L,301.7,311.2,36.7,1521,130,0
L,301.7,311.3,38.8,1584,132,0
L,301.8,311.5,43.3,1443,134,0
M,301.8,311.5,49.0,1416,136,0
M,301.7,311.2,34.5,1563,139,0
M,301.8,311.3,40.1,1542,142,0
M,301.8,311.3,31.6,1624,145,0
L,301.8,311.3,44.2,1471,148,0
M,301.9,311.5,40.8,1492,150,0
M,301.9,311.4,39.9,1465,153,0
L,301.7,311.1,55.1,1399,156,0
L,301.6,311.0,42.6,1431,158,0
L,301.5,310.9,39.0,1600,160,0
L,301.5,310.8,34.5,1593,162,0
L,301.5,310.9,44.7,1469,164,0
L,301.5,310.8,44.6,1413,166,0
L,301.4,310.8,38.0,1490,168,0
L,301.5,310.9,31.1,1671,170,0
L,301.5,310.9,46.5,1365,172,0
M,301.4,310.9,39.3,1557,174,0
L,301.4,310.9,45.4,1440,177,0
M,301.4,310.9,38.9,1489,179,0
L,301.4,311.0,25.7,1733,182,0
H,301.3,311.0,36.6,1580,184,0
L,301.3,311.0,21.9,1856,189,0
L,301.3,311.1,40.3,1454,191,0
L,301.4,311.1,36.3,1495,193,0
L,301.2,311.0,29.1,1761,195,0
M,301.3,311.0,47.5,1402,197,0
L,301.2,311.0,33.0,1670,200,0
L,301.3,311.0,35.6,1582,202,0
L,301.3,311.0,35.1,1542,204,0
L,301.3,311.0,36.9,1539,206,0
L,301.3,311.0,41.9,1418,208,0
L,301.3,311.1,27.6,1723,210,0
L,301.3,311.1,49.2,1303,212,0
M,301.3,311.0,50.2,1463,214,0
L,301.2,311.0,39.3,1544,217,0
L,301.2,311.0,37.2,1596,219,0
L,301.3,311.1,42.0,1413,221,0
M,301.3,311.1,41.2,1492,223,0
L,301.3,311.1,40.9,1624,0,0
L,301.3,311.1,39.1,1504,2,0
M,301.2,311.1,34.3,1574,4,0
M,301.3,311.2,42.4,1438,7,0
L,301.3,311.3,50.7,1474,10,0
L,301.3,311.2,32.1,1675,12,0
L,301.3,311.2,44.5,1457,14,0
L,301.3,311.3,49.8,1434,16,0
L,301.3,311.2,30.1,1668,18,0
L,301.2,311.1,39.7,1550,20,0
M,301.3,311.1,25.4,1834,22,0
M,301.4,311.2,36.5,1476,25,0
M,301.4,311.2,36.3,1541,28,0
M,301.3,311.1,30.9,1581,31,0
M,301.3,311.1,30.7,1678,34,0
L,301.4,311.2,50.6,1355,37,0
L,301.5,311.2,28.8,1700,39,0
L,301.4,311.1,37.1,1462,41,0
M,301.4,311.2,26.5,1727,43,0
L,301.4,311.3,33.3,1674,46,0
L,301.4,311.3,42.3,1397,48,0
L,301.4,311.3,15.9,2323,50,0
M,301.4,311.2,47.6,1434,52,0
L,301.3,311.1,35.3,1560,55,0
L,301.2,311.0,32.8,1573,57,0
H,301.2,310.9,22.3,1798,59,0
L,301.2,311.0,35.1,1567,64,0
L,301.2,310.9,53.3,1416,66,0
M,301.2,310.9,45.2,1424,68,0
H,301.2,310.9,35.9,1598,71,0
L,301.3,310.9,23.9,1760,76,0
L,301.3,311.0,44.5,1348,78,0
L,301.3,311.0,33.6,1542,80,0
L,301.3,310.9,33.1,1566,82,0
L,301.3,311.0,47.7,1554,84,0
L,301.4,311.0,40.6,1470,86,0
M,301.4,311.1,25.4,1758,88,0
M,301.4,311.0,36.5,1486,91,0
M,301.5,311.1,40.0,1402,94,0
L,301.5,311.1,45.1,1459,97,0
L,301.5,311.0,45.3,1494,99,0
L,301.5,311.1,27.9,1731,101,0
L,301.5,311.1,18.7,2076,103,0
L,301.5,311.1,16.8,2055,105,0
L,301.5,311.1,49.5,1469,107,0
M,301.5,311.0,42.6,1504,109,0
M,301.5,311.1,43.5,1396,112,0
M,301.5,311.1,33.8,1660,115,0
M,301.5,311.0,39.7,1577,118,0
L,301.5,311.1,52.1,1426,121,0
L,301.5,311.1,41.4,1458,123,0
L,301.4,311.0,45.8,1533,125,0
L,301.4,311.0,28.4,1701,127,0
L,301.5,311.1,49.6,1434,129,0
L,301.4,311.1,22.7,1952,131,0
L,301.4,311.1,36.9,1469,133,0
L,301.4,311.1,26.0,1800,135,0
M,301.3,311.1,43.0,1438,137,0
L,301.3,311.1,28.2,1647,140,0
L,301.4,311.1,41.9,1494,142,0
H,301.4,311.1,41.4,1445,144,0
M,301.5,311.1,38.6,1507,149,0
M,301.4,311.0,55.8,1234,152,0
L,301.4,311.0,32.6,1634,155,0
L,301.4,311.0,53.3,1334,157,0
L,301.4,311.1,44.5,1472,159,0
M,301.3,311.0,52.7,1410,161,0
L,301.2,310.9,37.9,1597,164,0
M,301.2,310.9,46.7,1460,166,0
L,301.1,310.8,55.7,1274,169,0
M,301.0,310.7,40.2,1517,171,0
L,301.0,310.7,57.2,1300,174,0
H,300.9,310.6,27.7,1686,176,0
M,300.9,310.7,41.0,1485,181,0
L,301.0,310.7,45.8,1464,184,0
L,300.9,310.6,35.4,1598,186,0
L,300.9,310.5,21.9,1894,188,0
M,300.8,310.5,59.0,1330,190,0
H,300.8,310.5,31.1,1582,193,0
L,300.7,310.3,35.6,1533,198,0
H,300.8,310.4,46.4,1419,200,0
M,300.8,310.3,36.3,1526,205,0
H,300.7,310.2,65.3,1364,208,1
M,300.8,310.3,43.4,1458,0,0
M,300.8,310.4,64.0,1288,3,0
M,300.7,310.3,29.8,1659,6,0
H,300.7,310.2,52.3,1479,9,0
L,300.7,310.3,36.0,1592,14,0
M,300.6,310.2,38.7,1532,16,0
L,300.6,310.2,41.9,1555,19,0
L,300.6,310.2,52.6,1341,21,0
L,300.6,310.1,42.0,1541,23,0
L,300.6,310.3,50.6,1414,25,0
L,300.5,310.2,25.9,1764,27,0
L,300.5,310.3,57.1,1336,29,0
L,300.5,310.3,43.3,1435,31,0
M,300.4,310.3,35.0,1537,33,0
L,300.3,310.2,48.8,1369,36,0
M,300.2,310.1,31.3,1619,38,0
L,300.2,310.1,51.1,1440,41,0
L,300.2,310.1,30.5,1649,43,0
M,300.2,310.1,38.7,1550,45,0
L,300.3,310.2,45.2,1471,48,0
L,300.3,310.3,51.6,1483,50,0
L,300.3,310.4,54.4,1336,52,0
L,300.5,310.5,36.6,1515,54,0
L,300.5,310.5,47.4,1373,56,0
H,300.6,310.5,51.2,1454,58,0
L,300.5,310.5,34.5,1646,63,0
M,300.5,310.4,37.3,1548,65,0
M,300.6,310.5,41.3,1462,68,0
L,300.5,310.4,33.1,1702,71,0
L,300.5,310.5,60.9,1409,73,0
M,300.6,310.6,52.8,1427,75,0
L,300.6,310.7,48.5,1438,78,1
L,300.7,310.7,43.4,1450,80,0
L,300.7,310.7,41.3,1541,82,0
M,300.7,310.6,38.0,1484,84,0
M,300.8,310.8,44.5,1415,87,0
L,300.7,310.8,46.4,1496,90,0
M,300.7,310.8,45.2,1465,92,0
L,300.7,310.8,18.5,2113,95,0
M,300.7,310.8,44.0,1506,97,0
L,300.7,310.8,28.9,1689,100,0
L,300.7,310.9,29.4,1650,102,0
L,300.7,310.8,33.8,1563,104,0
M,300.7,310.9,38.9,1486,106,0
L,300.8,310.9,25.7,1732,109,0
L,300.7,310.8,31.6,1653,111,0
L,300.7,310.9,37.1,1535,113,0
L,300.7,310.9,37.2,1637,115,0
L,300.6,310.8,38.5,1533,117,0
L,300.6,310.8,51.2,1378,119,0
L,300.5,310.7,33.5,1606,121,0
L,300.3,310.7,32.3,1539,123,0
L,300.5,310.8,26.3,1728,125,0
H,300.4,310.7,36.3,1656,127,0
H,300.5,310.8,30.5,1631,132,0
H,300.5,310.9,46.5,1447,137,0
L,300.4,310.8,49.3,1396,142,0
L,300.4,310.8,52.5,1390,144,0
L,300.4,310.8,56.0,1348,146,0
M,300.4,310.8,35.9,1491,148,0
L,300.4,310.8,37.6,1520,151,0
L,300.5,310.8,33.0,1509,153,0
L,300.5,310.8,46.6,1445,155,0
L,300.5,310.8,51.8,1354,157,0
L,300.5,310.7,39.4,1488,159,0
H,300.5,310.7,28.6,1654,161,0
H,300.5,310.6,51.5,1378,166,0
L,300.6,310.7,30.6,1750,171,0
L,300.5,310.6,46.3,1448,173,0
H,300.6,310.7,45.3,1501,175,0
M,300.6,310.7,32.0,1654,180,0
M,300.7,310.7,46.5,1347,183,0
L,300.7,310.8,37.1,1486,186,0
H,300.8,310.8,45.2,1466,188,0
H,300.7,310.8,52.0,1346,193,0
L,300.7,310.7,42.4,1314,198,0
L,300.6,310.7,52.5,1440,200,0
L,300.7,310.8,39.5,1608,202,0
H,300.7,310.8,58.2,1296,204,0
L,300.7,310.7,46.1,1507,209,0
M,300.7,310.7,51.6,1343,211,0
L,300.7,310.7,40.4,1416,214,0
L,300.7,310.6,47.2,1288,216,0
M,300.7,310.6,42.4,1407,218,0
L,300.6,310.4,39.2,1608,221,0
L,300.6,310.3,22.3,1920,223,0
M,300.5,310.2,48.2,1386,225,0
M,300.5,310.2,34.6,1571,228,0
M,300.4,310.2,36.9,1613,231,0
M,300.4,310.2,30.5,1671,234,1
H,300.4,310.2,43.2,1431,0,0
M,300.4,310.2,47.3,1380,5,0
L,300.5,310.3,31.5,1683,8,0
L,300.4,310.2,36.2,1529,10,0
L,300.5,310.4,26.5,1761,12,0
L,300.6,310.5,38.3,1570,14,0
M,300.6,310.5,18.0,2156,16,0
M,300.7,310.6,54.5,1349,19,0
L,300.7,310.7,39.3,1431,22,0
L,300.6,310.6,22.0,1931,24,0
H,300.7,310.7,43.4,1428,26,0
L,300.8,310.8,36.2,1564,31,0
H,300.8,310.9,44.0,1425,33,0
L,300.7,310.8,30.5,1597,38,0
H,300.8,310.8,32.8,1618,40,0
M,300.8,310.8,38.0,1520,45,0
L,300.7,310.7,45.3,1425,48,0
L,300.8,310.9,38.2,1398,50,0
M,300.8,310.9,31.6,1557,52,0
L,300.7,310.8,43.9,1519,55,0
L,300.7,310.8,34.9,1619,57,0
L,300.7,310.8,21.4,1814,59,0
L,300.7,310.9,39.4,1521,61,0
M,300.7,310.9,51.2,1369,63,0
L,300.7,310.9,65.3,1356,66,1
L,300.7,311.0,53.3,1336,68,0
L,300.7,311.0,48.3,1403,70,0
M,300.7,311.0,44.3,1413,72,0
L,300.6,310.9,47.6,1472,75,0
M,300.7,310.8,47.9,1452,77,0
L,300.6,310.7,53.7,1397,80,0
L,300.6,310.7,40.6,1455,82,0
L,300.7,310.8,27.7,1754,84,0
L,300.6,310.9,37.9,1471,86,0
M,300.6,310.8,48.1,1389,88,0
M,300.6,310.9,30.3,1702,91,0
M,300.6,311.0,54.6,1401,94,0
L,300.7,311.1,46.2,1426,97,0
L,300.7,311.0,38.3,1496,99,0
L,300.6,310.9,42.6,1433,101,0
M,300.7,311.1,46.6,1438,103,0
M,300.7,311.0,49.3,1418,106,0
M,300.8,311.0,36.6,1580,109,0
M,300.7,310.9,41.8,1468,112,0
M,300.8,310.9,41.7,1522,115,0
L,300.8,310.9,55.8,1311,118,0
L,300.9,311.0,56.5,1316,120,0
H,300.9,311.0,23.6,1853,122,0
M,300.9,311.0,38.8,1556,127,0
M,300.9,311.0,34.3,1567,130,0
M,300.9,311.1,37.7,1546,133,0
L,300.9,311.0,51.2,1382,136,0
L,300.9,311.0,20.2,2003,138,0
L,300.8,310.9,29.9,1748,140,0
H,300.7,310.8,40.1,1518,142,0
L,300.7,310.8,42.0,1475,147,0
L,300.8,310.8,29.2,1634,149,0
L,300.8,310.8,32.9,1689,151,0
M,300.9,310.9,35.3,1636,153,0
L,300.9,311.0,15.8,2235,156,0
L,301.0,311.1,35.6,1615,158,0
H,301.1,311.1,29.5,1618,160,0
M,301.1,311.2,53.0,1407,165,0
L,301.1,311.1,43.3,1450,168,0
L,301.1,311.1,23.8,1889,170,0
L,301.0,310.9,38.2,1568,172,0
L,301.0,311.0,25.8,1804,174,0
L,301.0,311.0,37.5,1582,176,0
M,301.0,310.9,17.9,2047,178,0
L,300.9,310.9,34.0,1601,181,0
L,300.9,310.9,32.0,1615,183,0
M,300.9,310.8,43.6,1452,185,0
M,300.9,310.8,30.2,1695,188,0
M,300.9,310.8,26.2,1790,191,0
M,301.0,310.8,39.3,1533,194,0
L,301.0,310.9,28.5,1813,197,0
L,301.0,310.9,36.7,1492,199,0
L,300.9,310.7,43.3,1479,201,0
L,300.8,310.7,59.1,1339,203,1
M,300.8,310.7,44.7,1371,205,0
L,300.9,310.7,36.2,1468,208,0
L,300.9,310.7,41.7,1517,210,0
L,300.9,310.7,46.4,1352,212,0
L,300.9,310.7,50.0,1389,214,0
M,300.8,310.6,36.2,1505,0,0
L,300.9,310.6,36.7,1538,3,0
L,300.9,310.8,37.0,1482,5,0
M,300.9,310.8,33.0,1599,7,0
L,300.9,310.8,39.0,1476,10,0
L,300.9,310.7,37.5,1509,12,0
L,300.9,310.8,29.1,1708,14,0
L,300.9,310.7,57.5,1412,16,0
L,300.9,310.7,28.5,1658,18,0
L,301.0,310.8,57.2,1375,20,0
M,300.9,310.8,48.1,1402,22,0
M,300.9,310.7,47.3,1452,25,0
M,300.8,310.7,40.8,1483,28,0
H,300.9,310.8,38.4,1477,31,0
M,300.8,310.7,22.4,1924,36,0
H,300.9,310.7,28.7,1609,39,0
M,300.8,310.7,21.1,1886,44,0
L,300.7,310.6,29.6,1616,47,0
L,300.7,310.7,43.2,1442,49,0
L,300.8,310.8,45.1,1407,51,0
M,300.8,310.8,41.3,1461,53,0
M,300.8,310.9,46.2,1522,56,0
L,300.9,311.0,48.1,1432,59,0
L,300.9,311.0,49.0,1438,61,0
M,300.8,310.9,28.1,1678,63,0
M,300.8,310.9,38.7,1514,66,0
L,300.7,310.8,41.3,1534,69,0
M,300.7,310.8,41.2,1486,71,0
L,300.7,310.8,22.0,1925,74,0
M,300.7,310.8,30.0,1724,76,0
M,300.8,310.8,35.5,1549,79,0
L,300.8,310.9,47.7,1457,82,0
L,300.8,310.9,43.9,1453,84,0
L,300.8,311.0,44.4,1578,86,0
M,300.9,311.1,61.4,1325,88,0
L,300.9,311.1,39.3,1471,91,0
M,300.9,311.2,40.0,1472,93,0
L,300.9,311.1,37.4,1457,96,0
L,301.0,311.0,55.3,1402,98,0
L,300.9,310.9,41.5,1477,100,0
M,300.9,310.9,30.1,1727,102,0
L,300.9,310.9,20.2,1995,105,0
L,300.9,310.9,52.5,1370,107,0
L,300.9,310.9,66.4,1228,109,0
L,300.9,311.0,38.0,1499,111,0
M,301.0,311.0,46.9,1508,113,0
L,301.0,310.9,44.2,1473,116,0
H,301.0,311.0,37.6,1640,118,0
L,301.1,311.1,42.5,1429,123,0
L,301.1,311.1,40.9,1470,125,0
L,301.0,311.0,37.0,1581,127,0
L,301.0,310.9,28.9,1740,129,0
H,300.9,310.8,40.6,1390,131,0
M,300.9,310.8,19.7,1988,136,0
M,300.8,310.7,43.0,1452,139,0
L,300.8,310.7,33.4,1586,142,0
L,300.8,310.7,34.3,1589,144,0
L,300.8,310.8,45.7,1486,146,0
L,300.9,310.9,27.9,1755,148,0
M,301.0,310.9,34.6,1575,150,0
M,301.1,311.1,37.7,1615,153,0
M,301.1,311.1,41.8,1436,156,0
M,301.1,311.1,40.6,1470,159,0
M,301.1,311.1,19.8,2089,162,0
L,301.1,311.2,37.0,1564,165,0
M,301.0,311.1,47.4,1420,167,0
L,301.1,311.1,29.1,1711,170,0
L,301.1,311.2,35.3,1555,172,0
M,301.1,311.1,35.7,1592,174,0
L,301.0,311.1,64.4,1236,177,1
M,301.0,310.9,24.2,1765,179,0
L,301.0,311.0,31.2,1634,182,0
L,301.1,311.1,41.5,1508,184,0
L,301.1,311.2,29.6,1774,186,0
L,301.1,311.0,29.1,1677,188,0
L,301.0,311.0,58.0,1399,190,1
L,301.0,310.9,34.0,1570,192,0
L,301.0,310.9,44.3,1479,194,0
L,301.0,310.8,34.9,1558,196,0
L,300.8,310.7,48.1,1358,198,0
H,300.9,310.7,30.7,1656,200,0
L,300.9,310.7,35.8,1523,205,0
H,300.9,310.7,40.6,1403,207,0
M,300.9,310.7,51.6,1362,212,0
M,300.7,310.6,27.1,1778,215,0
L,300.7,310.5,38.2,1448,218,0
H,300.8,310.5,40.1,1559,220,0
L,300.8,310.6,42.2,1416,225,0
L,300.8,310.6,37.9,1577,227,1
L,300.8,310.7,27.8,1633,0,0
L,300.9,310.7,31.2,1573,2,0
L,300.9,310.8,44.3,1517,4,0
L,301.0,310.9,37.3,1515,6,0
L,301.0,310.8,45.3,1527,8,0
L,301.1,310.9,67.9,1282,10,1
M,301.1,310.9,45.1,1396,12,0
L,301.0,310.9,44.6,1492,15,0
L,301.0,310.8,19.7,1975,17,0
L,301.0,310.8,35.3,1475,19,0
H,301.0,310.9,37.3,1495,21,0
L,301.0,311.0,35.8,1553,26,0
L,301.1,311.0,21.7,1918,28,0
M,301.1,311.0,46.6,1413,30,0
L,301.0,311.0,56.0,1437,33,0
L,301.0,310.9,45.9,1450,35,0
M,301.0,310.9,21.9,1910,37,0
L,300.9,310.9,26.4,1749,40,0
H,301.0,310.9,22.0,1916,42,0
L,301.0,310.9,45.3,1428,47,0
L,301.0,310.9,38.4,1578,49,0
L,300.9,310.8,39.9,1571,51,0
L,300.9,310.8,30.2,1729,53,0
L,300.9,310.8,30.4,1701,55,0
L,300.9,310.8,45.8,1493,57,0
M,301.0,310.9,32.7,1554,59,0
L,300.9,310.9,43.2,1497,62,0
L,301.0,310.9,29.8,1679,64,0
M,301.0,310.9,44.5,1510,66,0
L,301.0,310.9,54.9,1296,69,0
L,301.0,310.9,41.8,1404,71,0
M,300.9,310.8,34.9,1519,73,0
M,300.9,310.7,27.3,1696,76,0
M,300.8,310.6,28.4,1669,79,0
L,300.7,310.6,40.7,1447,82,0
M,300.7,310.6,46.3,1418,84,0
L,300.7,310.6,40.5,1407,87,0
L,300.8,310.5,44.5,1434,89,0
L,300.8,310.6,48.8,1360,91,0
L,300.8,310.6,53.7,1402,93,0
L,300.9,310.6,34.9,1552,95,0
L,300.9,310.7,44.2,1392,97,0
L,301.1,310.8,41.0,1521,99,0
L,301.1,310.8,27.5,1724,101,0
M,301.0,310.7,46.1,1455,103,0
H,301.0,310.6,50.6,1366,106,0
H,301.1,310.6,43.9,1407,111,0
L,301.1,310.8,49.3,1470,116,0
M,301.2,310.9,50.8,1359,118,0
H,301.1,310.8,25.8,1792,121,0
M,301.1,310.9,37.9,1552,126,0
L,301.2,311.0,32.9,1612,129,0
M,301.2,311.0,41.4,1424,131,0
H,301.3,311.0,59.3,1341,134,0
L,301.2,310.8,38.2,1479,139,0
L,301.2,310.9,50.1,1413,141,0
L,301.3,310.9,17.4,2165,143,0
M,301.3,311.0,33.0,1641,145,0
M,301.3,311.0,40.8,1495,148,0
L,301.3,311.0,30.4,1576,151,0
L,301.2,310.9,37.1,1467,153,0
L,301.2,310.8,41.2,1479,155,0
L,301.3,310.9,33.9,1596,157,0
M,301.3,310.9,36.9,1512,159,0
L,301.4,310.9,38.8,1414,162,0
L,301.3,310.8,57.4,1390,164,0
L,301.2,310.7,31.6,1644,166,0
M,301.2,310.7,42.8,1394,168,0
L,301.1,310.5,52.4,1324,171,0
L,301.0,310.4,43.6,1476,173,0
L,301.0,310.4,16.6,2204,175,0
M,301.0,310.4,30.9,1665,177,0
L,300.9,310.4,41.7,1445,180,0
H,300.8,310.3,46.8,1457,182,0
L,300.8,310.2,46.3,1492,187,0
L,300.8,310.1,61.2,1405,189,1
L,300.7,310.1,35.5,1542,191,0
L,300.8,310.2,37.7,1520,193,0
M,300.8,310.2,36.5,1598,195,0
L,300.8,310.3,36.1,1538,198,0
L,300.9,310.4,30.9,1615,200,0
L,301.0,310.5,47.0,1408,202,0
L,301.0,310.5,57.3,1379,204,1
L,301.0,310.6,37.8,1493,206,1
L,301.1,310.7,49.1,1376,0,0
M,301.1,310.7,40.7,1583,2,0
M,301.2,310.8,47.4,1396,5,0
L,301.1,310.7,45.3,1436,8,0
L,301.1,310.6,47.6,1417,10,0
L,301.0,310.6,33.4,1641,12,0
M,301.0,310.6,27.3,1698,14,0
L,300.9,310.4,39.1,1541,17,0
L,300.8,310.3,46.6,1383,19,0
L,300.8,310.4,46.8,1368,21,0
L,300.8,310.4,35.2,1570,23,0
L,300.9,310.5,33.5,1616,25,0
M,300.9,310.5,43.2,1444,27,0
L,300.9,310.4,18.8,2021,30,0
M,300.9,310.5,29.3,1702,32,0
M,301.1,310.6,52.7,1429,35,0
L,301.2,310.8,28.9,1711,38,0
M,301.2,310.7,32.9,1543,40,0
L,301.3,310.8,32.2,1628,43,0
L,301.2,310.8,64.6,1233,45,0
L,301.2,310.8,40.6,1461,47,0
L,301.2,310.7,38.3,1568,49,0
L,301.3,310.8,54.4,1432,51,0
M,301.2,310.7,41.1,1527,53,0
M,301.3,310.8,41.2,1455,56,0
M,301.3,310.8,45.4,1418,59,0
L,301.3,310.8,29.5,1719,62,0
M,301.2,310.8,31.3,1734,64,0
M,301.2,310.7,46.1,1426,67,0
L,301.1,310.6,35.2,1611,70,0
M,301.1,310.6,41.1,1479,72,0
L,301.0,310.5,50.9,1317,75,0
L,301.0,310.5,61.4,1248,77,0
L,301.0,310.5,21.7,1932,79,0
M,301.1,310.5,35.8,1547,81,0
L,301.0,310.4,31.6,1614,84,0
H,301.0,310.4,44.9,1512,86,0
L,301.1,310.5,38.7,1529,91,0
H,301.1,310.6,24.9,1782,93,0
L,301.0,310.5,39.4,1429,98,0
M,301.1,310.5,60.7,1309,100,0
L,301.1,310.5,44.1,1428,103,0
L,301.2,310.6,49.2,1385,105,0
L,301.2,310.7,39.4,1517,107,0
M,301.2,310.6,39.6,1576,109,0
L,301.2,310.6,51.2,1437,112,0
H,301.2,310.6,50.5,1457,114,0
L,301.1,310.5,37.5,1532,119,0
M,301.1,310.5,32.6,1603,121,0
L,301.0,310.4,34.4,1563,124,0
L,301.0,310.3,34.5,1617,126,0
M,300.8,310.1,26.9,1686,128,0
L,300.9,310.2,50.4,1382,131,0
L,300.9,310.1,17.8,2090,133,0
L,300.9,310.3,44.5,1446,135,0
M,300.9,310.2,38.1,1533,137,0
L,300.9,310.3,47.6,1440,140,0
M,301.0,310.4,25.0,1793,142,0
M,301.0,310.4,46.1,1517,145,0
L,300.9,310.4,36.0,1544,148,0
L,300.9,310.3,48.8,1321,150,0
M,300.9,310.3,50.9,1416,152,0
L,300.8,310.2,40.0,1514,155,0
M,300.8,310.2,52.5,1304,157,0
L,300.7,310.2,64.9,1286,160,0
M,300.7,310.1,40.2,1483,162,0
L,300.7,310.1,46.9,1351,165,0
M,300.7,310.1,52.6,1367,167,0
L,300.7,310.1,32.3,1721,170,0
L,300.6,310.0,40.4,1455,172,0
L,300.6,310.0,49.5,1425,174,0
L,300.7,310.0,29.7,1672,176,0
M,300.7,310.0,34.6,1641,178,0
M,300.5,310.0,37.0,1580,181,0
H,300.5,310.0,47.4,1495,184,0
M,300.5,309.9,19.8,1994,189,0
M,300.4,309.9,31.8,1415,192,0
M,300.4,309.8,30.4,1725,195,0
M,300.4,309.8,43.4,1430,198,0
L,300.4,309.8,48.1,1395,201,0
M,300.4,309.8,43.6,1435,203,0
L,300.4,309.9,28.6,1681,206,0
L,300.5,310.0,48.6,1451,208,0
H,300.5,309.9,45.9,1397,210,1
M,300.4,309.8,47.2,1421,0,0
M,300.3,309.8,42.0,1444,3,0
L,300.2,309.8,23.0,1827,6,0
H,300.2,309.8,47.7,1374,8,0
L,300.2,309.8,29.6,1650,13,0
L,300.2,309.7,60.7,1275,15,0
L,300.2,309.7,44.6,1421,17,0
L,300.2,309.8,33.8,1557,19,0
L,300.1,309.8,35.2,1506,21,0
L,300.1,309.7,49.1,1362,23,0
L,300.0,309.7,47.1,1542,25,0
L,300.0,309.6,38.8,1496,27,0
M,300.0,309.6,42.0,1491,29,0
L,300.1,309.6,34.8,1565,32,0
L,300.1,309.7,37.9,1481,34,0
M,300.1,309.7,48.4,1420,36,0
L,300.2,309.8,54.8,1398,39,0
M,300.2,309.8,45.7,1466,41,0
L,300.1,309.8,56.7,1430,44,0
L,300.1,309.7,40.1,1441,46,0
M,300.1,309.7,57.3,1348,48,0
L,300.0,309.6,28.7,1738,51,0
M,300.0,309.6,36.2,1618,53,0
M,299.9,309.6,41.7,1489,56,0
M,299.9,309.5,57.9,1412,59,0
M,299.9,309.5,18.1,2065,62,0
L,300.0,309.6,33.1,1571,65,0
M,300.0,309.6,48.7,1423,67,0
H,300.0,309.5,24.9,1781,70,0
L,300.1,309.6,46.9,1321,75,0
L,300.1,309.6,36.7,1546,77,0
M,300.0,309.5,22.4,1879,79,0
H,300.0,309.5,28.9,1735,82,0
L,300.0,309.5,38.8,1506,87,0
H,300.0,309.6,32.3,1629,89,0
L,300.0,309.6,28.7,1694,94,0
L,300.1,309.6,37.0,1541,96,0
L,300.0,309.6,44.6,1514,98,0
L,300.1,309.7,45.9,1485,100,0
L,300.2,309.8,55.0,1430,102,0
L,300.2,309.7,27.1,1771,104,0
L,300.2,309.8,41.9,1481,106,0
H,300.2,309.7,43.8,1483,108,0
H,300.1,309.6,45.1,1463,113,0
L,300.1,309.7,48.3,1410,118,0
L,300.2,309.7,34.3,1656,120,0
M,300.2,309.8,39.2,1487,122,0
H,300.3,309.9,46.6,1509,125,0
H,300.3,309.9,30.1,1677,130,0
L,300.3,309.8,55.0,1450,135,0
M,300.2,309.7,43.0,1413,137,0
L,300.1,309.7,33.8,1680,140,0
L,300.2,309.7,30.5,1678,142,0
M,300.2,309.7,44.0,1408,144,0
M,300.1,309.6,52.1,1376,147,0
L,300.0,309.6,46.4,1526,150,0
M,300.0,309.6,32.6,1587,152,0
L,300.1,309.7,58.2,1351,155,0
M,300.1,309.6,38.0,1501,157,0
L,300.1,309.7,35.8,1601,160,0
M,300.0,309.6,39.7,1573,162,0
M,300.1,309.6,36.7,1584,165,0
L,300.1,309.6,33.6,1649,168,0
M,300.2,309.7,61.4,1183,170,0
L,300.1,309.7,17.5,2151,173,0
L,300.2,309.8,45.6,1526,175,0
M,300.3,309.9,29.0,1611,177,0
L,300.3,309.9,31.7,1601,180,0
L,300.3,310.0,40.8,1560,182,0
L,300.4,310.1,41.9,1544,184,0
M,300.4,310.0,42.3,1560,186,0
L,300.4,310.0,44.2,1423,189,0
L,300.4,310.1,33.5,1614,191,0
M,300.4,310.1,35.1,1457,193,0
L,300.4,310.1,42.2,1503,196,0
H,300.4,310.1,38.0,1484,198,0
L,300.3,309.9,39.9,1540,203,0
H,300.3,309.9,52.1,1405,205,0
H,300.3,309.9,46.7,1394,210,1
L,300.3,309.9,36.4,1518,0,0
L,300.3,309.9,41.4,1527,2,0
L,300.3,309.9,55.3,1377,4,0
M,300.3,310.0,37.5,1537,6,0
M,300.3,310.0,43.2,1409,9,0
L,300.3,309.9,56.1,1393,12,0
L,300.2,309.7,36.8,1448,14,0
L,300.2,309.8,49.3,1418,16,0
M,300.2,309.8,24.1,1743,18,0
M,300.2,309.8,47.4,1394,21,0
L,300.3,309.8,39.2,1523,24,0
L,300.2,309.8,59.4,1353,26,0
M,300.3,309.9,46.5,1447,28,0
L,300.3,309.9,34.0,1570,31,0
M,300.3,309.9,38.5,1494,33,0
L,300.3,309.9,34.1,1621,36,0
L,300.4,310.0,26.1,1769,38,0
L,300.4,310.0,66.1,1282,40,0
L,300.4,310.0,30.3,1581,42,0
L,300.6,310.1,32.7,1656,44,0
L,300.6,310.2,31.7,1648,46,0
L,300.7,310.2,31.4,1639,48,0
L,300.7,310.2,54.8,1348,50,0
L,300.8,310.3,33.3,1537,52,0
M,300.8,310.3,61.0,1270,54,0
L,300.7,310.3,34.4,1662,57,0
M,300.7,310.3,40.2,1471,59,0
L,300.6,310.1,45.8,1337,62,0
H,300.7,310.2,24.8,1877,64,0
L,300.6,310.2,44.6,1519,69,0
L,300.6,310.2,47.3,1378,71,0
L,300.7,310.2,27.5,1696,73,0
L,300.7,310.1,50.8,1376,75,0
L,300.7,310.2,24.2,1807,77,0
L,300.7,310.1,32.8,1598,79,0
L,300.7,310.1,40.2,1565,81,0
L,300.7,310.2,50.6,1387,83,0
L,300.7,310.0,48.0,1395,85,0
M,300.6,310.0,62.9,1302,87,0
M,300.6,310.0,55.2,1397,90,0
L,300.6,310.0,52.9,1313,93,0
L,300.6,310.0,35.9,1505,95,0
H,300.6,310.0,44.0,1483,97,0
H,300.5,310.0,60.4,1358,102,0
M,300.5,309.9,27.0,1735,107,0
M,300.5,309.8,48.5,1416,110,0
L,300.4,309.7,31.1,1740,113,0
L,300.4,309.7,27.4,1692,115,0
L,300.5,309.8,42.5,1507,117,0
M,300.4,309.6,35.0,1521,119,0
L,300.4,309.6,54.5,1379,122,0
L,300.4,309.6,38.5,1523,124,0
H,300.4,309.6,33.6,1571,126,0
H,300.4,309.5,50.7,1547,131,0
M,300.5,309.7,54.3,1347,136,0
L,300.5,309.7,30.2,1560,139,0
L,300.5,309.7,48.6,1384,141,0
L,300.5,309.7,24.6,1841,143,0
L,300.5,309.8,29.1,1663,145,1
L,300.6,309.8,42.7,1418,147,0
L,300.7,309.9,26.6,1775,149,0
L,300.7,309.8,48.4,1406,151,0
L,300.6,309.9,43.7,1480,153,0
L,300.7,309.9,45.3,1412,155,0
H,300.6,309.8,22.5,1913,157,0
L,300.6,309.8,37.6,1629,162,0
L,300.5,309.8,21.4,1939,164,0
H,300.6,309.8,36.2,1541,166,0
L,300.7,309.8,54.4,1330,171,0
M,300.7,309.8,38.8,1490,173,0
L,300.7,309.9,44.5,1383,176,0
L,300.8,310.0,52.7,1468,178,0
M,300.8,309.9,46.0,1444,180,0
L,300.7,309.8,53.1,1363,183,0
L,300.6,309.7,33.2,1617,185,0
M,300.6,309.8,31.1,1694,187,0
L,300.7,309.9,27.0,1815,190,0
L,300.8,309.9,65.3,1312,192,1
H,300.8,309.9,19.2,2041,194,0
L,300.9,310.0,26.8,1671,199,0
M,300.9,310.0,46.6,1416,201,0
M,300.9,310.0,36.0,1600,204,0
L,300.9,310.0,13.7,2595,207,0
M,300.9,309.9,42.9,1465,209,0
M,301.0,310.1,27.4,1681,212,0
L,301.1,310.1,39.6,1457,215,0
H,301.0,310.1,44.1,1454,217,0
L,301.0,310.1,32.6,1558,0,0
H,301.0,310.1,30.7,1756,2,0
L,301.1,310.1,36.8,1564,7,0
L,301.1,310.2,55.3,1455,9,0
M,301.2,310.1,15.7,2280,11,0
M,301.1,310.0,48.1,1433,14,0
L,301.1,310.0,38.0,1513,17,0
L,301.0,309.9,41.8,1507,19,0
L,301.0,310.0,43.5,1480,21,0
H,301.1,310.0,40.1,1470,23,0
L,301.1,310.1,36.6,1540,28,0
H,301.0,310.0,67.9,1212,30,0
L,301.1,310.1,46.9,1417,35,0
M,301.2,310.1,34.9,1666,37,0
L,301.1,310.1,27.2,1666,40,0
L,301.1,310.1,45.8,1489,42,0
M,301.1,310.2,27.7,1850,44,0
L,301.1,310.4,24.8,1874,47,0
L,301.1,310.4,73.6,1312,49,1
L,301.2,310.4,38.4,1515,51,0
L,301.2,310.4,44.4,1516,53,0
L,301.2,310.5,40.0,1546,55,0
L,301.3,310.6,40.9,1481,57,0
H,301.3,310.6,32.5,1605,59,0
H,301.2,310.7,26.2,1656,64,0
H,301.2,310.6,52.0,1352,69,0
L,301.3,310.7,47.2,1504,74,0
L,301.3,310.6,44.2,1436,76,0
H,301.2,310.5,43.6,1505,78,0
L,301.3,310.5,47.1,1406,83,0
M,301.3,310.5,39.7,1481,85,0
L,301.4,310.7,44.6,1487,88,0
L,301.4,310.7,54.1,1436,90,0
M,301.4,310.7,63.7,1368,92,1
L,301.4,310.7,38.3,1509,95,0
L,301.4,310.8,36.9,1543,97,0
L,301.4,310.8,29.6,1698,99,0
M,301.4,310.7,46.5,1470,101,0
M,301.4,310.8,30.3,1738,104,0
M,301.4,310.8,39.9,1530,107,0
L,301.4,310.8,29.2,1740,110,0
L,301.4,310.8,24.1,1770,112,0
H,301.3,310.6,44.0,1527,114,0
L,301.3,310.7,46.0,1516,119,0
L,301.4,310.7,36.5,1616,121,0
L,301.4,310.7,26.1,1786,123,0
L,301.4,310.8,52.7,1389,125,0
M,301.4,310.7,29.8,1639,127,0
H,301.5,310.7,46.7,1394,130,0
L,301.5,310.7,27.9,1686,135,0
M,301.5,310.6,31.9,1638,137,0
M,301.5,310.6,41.9,1447,140,0
H,301.5,310.6,39.0,1512,143,0
L,301.6,310.8,21.8,1961,148,0
L,301.5,310.7,35.4,1596,150,0
M,301.5,310.7,21.3,1871,152,0
L,301.5,310.7,20.5,1942,155,0
L,301.4,310.6,38.2,1557,157,0
L,301.4,310.6,36.8,1550,159,0
L,301.3,310.6,22.6,1966,161,0
M,301.3,310.6,36.1,1499,163,0
L,301.3,310.6,36.3,1521,166,0
M,301.4,310.7,42.0,1375,168,0
L,301.4,310.6,31.1,1634,171,0
M,301.3,310.6,49.4,1378,173,0
L,301.4,310.7,53.7,1428,176,0
M,301.4,310.6,25.3,1855,178,0
L,301.4,310.6,33.0,1578,181,0
M,301.4,310.5,45.3,1451,183,0
L,301.5,310.5,34.9,1644,186,0
L,301.4,310.4,45.3,1388,188,0
L,301.4,310.4,40.9,1543,190,0
L,301.3,310.4,41.6,1501,192,0
L,301.3,310.4,39.1,1507,194,0
L,301.4,310.4,36.0,1559,196,0
L,301.5,310.5,35.7,1528,198,0
M,301.5,310.5,38.2,1503,200,0
L,301.5,310.5,44.0,1372,203,0
M,301.5,310.5,32.8,1600,205,0
L,301.5,310.6,44.0,1453,208,0
M,301.6,310.7,24.6,1813,210,0
L,301.6,310.7,40.4,1457,213,0
M,301.6,310.6,38.9,1553,0,0
L,301.7,310.7,25.9,1763,3,0
L,301.7,310.7,20.9,2023,5,0
M,301.6,310.7,47.8,1457,7,0
L,301.6,310.7,29.5,1679,10,0
L,301.6,310.6,19.7,2103,12,0
M,301.5,310.7,38.6,1460,14,0
M,301.5,310.7,39.4,1454,17,0
L,301.5,310.6,46.8,1481,20,0
L,301.5,310.7,51.1,1424,22,0
L,301.6,310.7,39.5,1494,24,0
M,301.5,310.6,47.0,1424,26,0
M,301.5,310.7,47.9,1347,29,0
L,301.5,310.6,46.7,1374,32,0
M,301.5,310.6,47.4,1403,34,0
M,301.5,310.6,37.4,1573,37,0
M,301.6,310.6,30.1,1691,40,0
H,301.5,310.5,44.3,1538,43,0
L,301.5,310.5,39.1,1556,48,0
M,301.5,310.4,36.8,1593,50,0
L,301.5,310.4,39.9,1474,53,0
L,301.5,310.4,34.0,1543,55,0
H,301.5,310.5,33.8,1587,57,0
L,301.6,310.6,70.0,1222,62,0
L,301.7,310.6,41.1,1513,64,0
L,301.7,310.6,28.7,1660,66,0
L,301.7,310.6,42.1,1545,68,0
M,301.7,310.6,45.8,1380,70,0
L,301.6,310.6,60.8,1321,73,0
M,301.6,310.6,65.8,1309,75,1
M,301.7,310.7,31.3,1627,78,0
M,301.6,310.7,23.8,1791,81,0
M,301.7,310.7,21.8,1861,84,0
L,301.7,310.7,51.1,1493,87,0
M,301.7,310.7,41.1,1442,89,0
L,301.7,310.7,39.8,1532,92,0
M,301.6,310.7,44.4,1421,94,0
L,301.6,310.6,42.5,1613,97,0
M,301.7,310.6,22.1,1876,99,0
L,301.6,310.5,34.5,1593,102,0
L,301.6,310.5,49.4,1397,104,0
M,301.6,310.5,49.3,1414,106,0
M,301.5,310.4,55.3,1378,109,0
L,301.4,310.4,51.2,1301,112,0
M,301.5,310.5,29.3,1737,114,0
L,301.5,310.5,44.5,1396,117,0
L,301.5,310.5,39.3,1534,119,0
M,301.5,310.5,25.5,1774,121,0
H,301.5,310.5,48.0,1453,124,0
L,301.5,310.5,44.2,1453,129,0
L,301.4,310.5,48.4,1380,131,0
L,301.4,310.4,43.2,1334,133,0
L,301.5,310.5,28.7,1702,135,0
L,301.6,310.6,37.5,1431,137,0
M,301.5,310.5,60.5,1308,139,0
L,301.5,310.6,43.9,1565,142,0
M,301.5,310.4,39.6,1486,144,0
L,301.5,310.5,34.2,1479,147,0
L,301.5,310.5,22.4,1927,149,0
L,301.5,310.4,41.1,1488,151,0
M,301.5,310.4,54.9,1350,153,0
L,301.6,310.4,35.3,1561,156,0
M,301.5,310.4,55.6,1276,158,0
H,301.5,310.4,35.7,1580,161,0
M,301.4,310.3,29.1,1610,166,0
L,301.4,310.3,16.6,2203,169,0
L,301.4,310.3,32.7,1639,171,0
M,301.4,310.4,44.7,1553,173,0
L,301.4,310.3,47.6,1374,176,0
L,301.4,310.4,50.9,1430,178,0
L,301.3,310.3,31.3,1626,180,0
H,301.4,310.5,43.8,1421,182,0
M,301.3,310.4,39.8,1501,187,0
M,301.3,310.4,18.7,2093,190,0
L,301.3,310.4,47.2,1504,193,0
L,301.3,310.4,38.4,1538,195,0
L,301.3,310.4,41.5,1440,197,0
L,301.3,310.4,51.4,1414,199,0
H,301.4,310.5,39.9,1536,201,0
L,301.4,310.5,39.2,1476,206,0
L,301.4,310.5,33.9,1571,208,0
L,301.5,310.6,20.2,1998,210,0
L,301.5,310.6,42.1,1357,212,0
L,301.6,310.7,50.5,1424,214,0
L,301.6,310.7,51.8,1380,216,1
L,301.5,310.7,35.5,1618,218,0
L,301.5,310.6,28.0,1579,220,0
L,301.5,310.7,44.0,1423,222,0
L,301.5,310.7,38.5,1435,224,0
M,301.5,310.7,65.6,1336,0,1
L,301.6,310.8,42.4,1392,3,0
L,301.5,310.8,49.7,1417,5,0
L,301.4,310.7,45.1,1425,7,0
L,301.5,310.8,38.9,1512,9,0
L,301.5,310.9,50.6,1318,11,0
L,301.6,310.9,40.4,1538,13,0
L,301.6,310.9,43.6,1532,15,0
L,301.7,311.0,24.8,1715,17,0
L,301.7,311.0,28.7,1700,19,0
L,301.7,311.0,40.3,1548,21,0
L,301.7,311.0,43.0,1546,23,0
L,301.7,311.0,49.2,1343,25,0
M,301.7,311.0,47.8,1510,27,0
M,301.8,311.0,23.6,1839,30,0
M,301.8,311.0,26.7,1756,33,0
M,301.7,310.9,62.7,1300,36,0
M,301.7,311.0,55.8,1311,39,0
L,301.7,310.9,31.3,1636,42,0
L,301.6,310.9,34.1,1643,44,0
L,301.6,310.8,44.7,1418,46,0
M,301.7,310.8,40.4,1516,48,0
H,301.6,310.9,50.2,1419,51,0
L,301.6,310.9,34.1,1623,56,0
M,301.6,310.8,32.0,1664,58,0
M,301.5,310.7,28.2,1744,61,0
M,301.5,310.7,36.0,1510,64,0
M,301.5,310.6,58.1,1382,67,0
L,301.4,310.6,46.1,1381,70,0
L,301.3,310.6,39.0,1556,72,0
M,301.4,310.6,37.4,1464,74,0
L,301.4,310.6,37.6,1481,77,0
L,301.5,310.7,49.7,1323,79,0
L,301.5,310.7,46.1,1426,81,0
H,301.4,310.7,36.4,1516,83,0
L,301.3,310.6,45.2,1416,88,0
L,301.3,310.6,53.8,1440,90,0
L,301.3,310.6,30.4,1576,92,0
L,301.3,310.6,53.6,1387,94,0
M,301.4,310.6,48.6,1464,96,0
L,301.4,310.6,18.0,2137,99,0
M,301.4,310.6,40.6,1431,101,0
L,301.3,310.6,48.0,1458,104,0
L,301.4,310.7,61.0,1280,106,0
L,301.4,310.7,28.7,1657,108,0
M,301.4,310.6,36.1,1565,110,0
L,301.3,310.6,36.8,1560,113,0
M,301.5,310.7,47.1,1359,115,0
L,301.5,310.8,41.0,1500,118,0
L,301.5,310.8,25.5,1785,120,0
L,301.5,310.9,23.2,1891,122,0
H,301.5,310.9,40.4,1524,124,0
M,301.6,311.0,42.3,1431,129,0
L,301.6,310.9,51.2,1385,132,0
L,301.7,311.0,44.8,1503,134,0
M,301.7,311.0,46.8,1311,136,0
M,301.6,310.9,40.1,1575,139,0
L,301.6,311.0,40.1,1485,142,0
L,301.7,311.0,42.2,1527,144,0
M,301.7,311.0,33.5,1537,146,0
H,301.8,311.1,50.1,1463,149,0
L,301.7,311.2,43.6,1482,154,0
L,301.8,311.2,55.9,1417,156,0
M,301.7,311.1,39.5,1506,158,0
H,301.7,311.2,30.0,1639,161,0
L,301.7,311.2,38.0,1418,166,0
M,301.7,311.0,58.1,1298,168,0
M,301.8,311.1,44.6,1395,171,0
M,301.7,311.1,40.5,1578,174,0
M,301.8,311.1,29.8,1597,177,0
H,301.7,311.0,19.3,2016,180,0
L,301.7,311.0,35.9,1585,185,0
M,301.7,311.0,44.0,1505,187,0
M,301.7,311.0,37.1,1505,190,0
L,301.6,310.9,29.5,1706,193,0
L,301.6,310.9,50.7,1385,195,0
L,301.8,311.1,36.9,1495,197,0
M,301.8,311.1,31.6,1663,199,0
L,301.8,311.2,26.6,1840,202,0
L,301.8,311.2,26.2,1822,204,0
L,301.7,311.1,32.8,1644,206,0
L,301.7,311.0,44.3,1441,208,1
L,301.5,310.9,40.6,1451,0,0
L,301.5,310.9,50.8,1400,2,0
L,301.4,310.8,53.2,1362,4,0
M,301.4,310.8,26.5,1782,6,0
L,301.4,310.9,38.3,1536,9,0
L,301.5,310.9,32.3,1580,11,0
M,301.4,311.0,43.2,1427,13,0
L,301.3,310.9,41.7,1509,16,0
H,301.3,310.8,39.5,1434,18,0
L,301.2,310.8,52.6,1392,23,0
M,301.3,310.8,40.1,1509,25,0
M,301.2,310.7,22.5,1962,28,0
L,301.3,310.7,39.3,1536,31,0
L,301.3,310.8,47.9,1381,33,0
H,301.2,310.7,27.3,1747,35,0
L,301.2,310.6,30.0,1670,40,0
L,301.3,310.6,47.5,1451,42,0
L,301.2,310.7,21.3,1951,44,0
M,301.3,310.7,25.5,1819,46,0
M,301.3,310.8,54.2,1372,49,0
L,301.3,310.8,38.5,1560,52,0
M,301.3,310.8,35.3,1494,54,0
L,301.3,310.8,53.4,1531,57,0
L,301.3,310.8,46.9,1450,59,0
M,301.3,310.7,52.5,1391,61,0
L,301.2,310.6,45.3,1389,64,0
L,301.2,310.6,50.9,1409,66,0
H,301.1,310.6,58.5,1388,68,0
M,301.1,310.6,43.9,1410,73,0
M,301.1,310.5,30.7,1646,76,0
M,301.1,310.7,16.7,2219,79,0
L,301.2,310.7,41.2,1551,82,0
L,301.2,310.6,24.0,1811,84,0
L,301.3,310.7,31.4,1608,86,0
L,301.3,310.8,55.2,1428,88,0
L,301.4,310.8,50.4,1477,90,0
M,301.3,310.7,58.3,1300,92,0
M,301.2,310.7,34.9,1615,95,0
L,301.2,310.7,32.4,1676,98,0
M,301.1,310.7,12.2,2636,100,1
M,301.1,310.6,48.8,1310,103,0
L,301.1,310.7,48.2,1334,106,0
M,301.1,310.7,31.0,1621,108,0
M,301.1,310.7,43.4,1367,111,0
L,301.0,310.6,33.7,1588,114,0
M,301.0,310.7,37.6,1497,116,0
L,301.1,310.8,32.9,1608,119,0
L,301.0,310.8,41.4,1549,121,0
L,301.0,310.7,45.0,1391,123,0
L,300.9,310.8,38.1,1490,125,0
L,301.0,310.7,34.5,1727,127,0
L,300.9,310.6,46.4,1504,129,0
L,300.9,310.6,53.8,1350,131,0
M,300.9,310.7,43.0,1420,133,0
H,300.8,310.6,44.1,1465,136,0
L,300.9,310.7,44.1,1427,141,0
L,300.9,310.7,43.2,1477,143,0
M,301.0,310.7,48.1,1493,145,0
M,301.0,310.7,29.9,1657,148,0
L,300.9,310.7,46.0,1359,151,0
L,300.8,310.6,34.5,1551,153,0
M,300.8,310.6,37.5,1545,155,0
M,300.9,310.6,29.2,1709,158,0
M,300.9,310.7,56.3,1268,161,0
L,300.9,310.7,25.3,1740,164,0
L,301.0,310.9,25.1,1828,166,0
L,301.0,310.9,21.6,1822,168,0
M,301.0,310.9,41.8,1515,170,0
L,301.0,310.9,52.9,1392,173,0
H,300.9,310.9,35.7,1474,175,0
M,301.0,310.9,53.4,1359,180,0
L,301.1,311.0,52.3,1565,183,0
M,301.1,311.1,42.5,1384,185,0
L,301.1,311.1,53.1,1387,188,0
L,301.1,311.0,51.1,1378,190,0
L,301.0,310.9,25.7,1809,192,0
H,301.1,311.0,52.8,1339,194,0
M,301.0,311.0,38.6,1423,199,0
L,301.1,311.1,41.6,1570,202,0
L,301.2,311.2,34.1,1558,204,0
L,301.1,311.1,21.7,1799,206,0
M,301.1,311.2,35.0,1591,208,0
L,301.2,311.2,29.6,1635,211,0
L,301.3,311.3,42.5,1509,213,0
M,301.3,311.4,23.2,1838,215,0
M,301.3,311.5,32.4,1648,0,0
M,301.2,311.5,49.5,1498,3,0
L,301.2,311.4,28.0,1757,6,0
M,301.1,311.3,53.3,1389,8,0
L,301.1,311.3,37.6,1498,11,0
M,301.0,311.2,35.8,1521,13,0
M,301.0,311.2,41.3,1394,16,0
H,301.0,311.2,32.7,1602,19,0
L,300.9,311.1,40.7,1417,24,0
L,301.0,311.2,42.9,1511,26,0
M,301.1,311.3,30.7,1654,28,0
M,301.1,311.3,22.8,1836,31,0
L,301.1,311.3,35.6,1622,34,0
L,301.0,311.2,45.4,1467,36,0
M,301.1,311.3,22.7,1909,38,0
L,301.1,311.2,20.2,1910,41,0
H,301.1,311.3,16.6,2207,43,0
M,301.1,311.2,49.4,1384,48,0
L,301.1,311.3,29.5,1630,51,0
L,301.1,311.3,60.0,1268,53,0
L,301.1,311.4,38.7,1531,55,0
M,301.0,311.3,41.5,1454,57,0
L,301.0,311.3,50.9,1342,60,0
L,301.0,311.2,46.3,1363,62,0
L,301.0,311.2,42.1,1412,64,0
H,301.0,311.3,39.2,1597,66,0
L,301.0,311.3,47.0,1349,71,0
L,301.0,311.3,35.3,1472,73,0
L,301.0,311.4,39.5,1478,75,0
H,300.9,311.3,58.9,1295,77,0
M,300.8,311.2,32.9,1592,82,0
L,300.8,311.2,54.4,1430,85,0
M,300.8,311.2,40.1,1488,87,0
H,300.9,311.2,35.0,1518,90,0
H,300.8,311.2,17.0,2237,95,0
M,300.9,311.3,24.6,1801,100,0
L,301.0,311.4,37.6,1573,103,0
L,300.9,311.4,21.4,2073,105,0
L,300.9,311.3,19.4,1953,107,0
L,300.8,311.2,39.0,1492,109,0
L,300.8,311.2,48.7,1397,111,0
M,300.8,311.3,43.2,1465,113,0
L,300.8,311.3,26.9,1782,116,0
M,300.9,311.4,45.4,1434,118,0
H,300.9,311.4,42.7,1387,121,0
M,300.9,311.4,41.5,1532,126,0
L,300.9,311.5,41.1,1505,129,0
L,301.0,311.6,43.3,1440,131,0
L,301.0,311.6,43.4,1470,133,0
L,301.1,311.7,46.3,1408,135,0
M,301.0,311.6,45.6,1357,137,0
M,301.0,311.6,40.0,1454,140,0
L,301.0,311.6,63.5,1352,143,0
M,301.0,311.6,43.9,1448,145,0
L,300.9,311.6,33.5,1671,148,0
L,301.0,311.7,31.3,1670,150,0
L,301.0,311.7,34.5,1547,152,0
L,301.0,311.6,40.6,1461,154,0
M,301.0,311.6,35.8,1609,156,0
M,300.9,311.5,31.3,1704,159,0
M,301.0,311.5,34.9,1550,162,0
M,301.0,311.5,43.9,1530,165,0
L,300.9,311.3,40.2,1449,168,0
L,300.9,311.3,32.7,1613,170,0
L,300.8,311.2,48.1,1376,172,0
L,300.8,311.2,45.6,1434,174,0
L,300.8,311.1,41.1,1480,176,0
M,300.8,311.2,31.9,1634,178,0
L,300.8,311.2,38.5,1481,181,0
H,300.9,311.3,28.9,1668,183,0
L,301.0,311.4,36.2,1484,188,0
M,300.9,311.3,31.8,1603,190,0
L,301.0,311.4,37.5,1481,193,0
L,301.0,311.5,31.8,1559,195,0
L,301.0,311.5,39.8,1444,197,0
M,301.2,311.6,48.0,1423,199,0
L,301.1,311.6,48.1,1432,202,0
L,301.2,311.7,48.3,1463,204,0
L,301.2,311.7,49.3,1433,206,0
L,301.2,311.6,52.9,1461,208,1
M,301.1,311.6,55.5,1266,210,0
H,301.1,311.6,53.4,1417,0,0
L,301.1,311.6,43.4,1488,5,0
L,301.1,311.7,24.5,1816,7,0
M,301.0,311.6,55.0,1301,9,0
M,300.9,311.5,21.8,1836,12,0
M,300.8,311.4,39.9,1521,15,0
L,300.8,311.4,67.2,1322,18,1
L,300.8,311.4,40.6,1492,20,0
L,300.8,311.4,40.9,1536,22,0
L,300.7,311.2,24.3,1878,24,0
L,300.6,311.1,40.7,1471,26,0
H,300.6,311.1,40.2,1452,28,0
L,300.7,311.2,44.4,1452,33,0
M,300.7,311.3,53.0,1348,35,0
H,300.8,311.4,44.6,1453,38,0
L,300.8,311.4,57.6,1316,43,0
M,300.8,311.4,26.9,1732,45,0
L,300.7,311.3,35.2,1522,48,0
M,300.7,311.3,39.8,1487,50,0
M,300.8,311.4,22.2,1852,53,0
L,300.7,311.2,46.8,1486,56,0
M,300.7,311.3,37.1,1562,58,0
L,300.7,311.2,51.4,1457,61,0
M,300.7,311.2,26.5,1769,63,0
H,300.7,311.3,53.1,1374,66,0
L,300.8,311.3,43.5,1524,71,0
L,300.8,311.3,40.2,1498,73,0
L,300.8,311.3,41.4,1462,75,0
M,300.8,311.2,52.3,1429,77,0
L,300.7,311.2,47.9,1399,80,0
M,300.8,311.2,39.1,1434,82,0
L,300.7,311.1,52.2,1324,85,0
L,300.6,311.0,40.7,1563,87,0
L,300.6,311.0,34.7,1543,89,0
L,300.7,311.0,52.0,1413,91,0
M,300.7,311.0,41.2,1378,93,0
M,300.7,311.1,49.9,1373,96,0
H,300.7,311.0,19.9,1981,99,0
M,300.7,311.0,52.3,1263,104,0
L,300.7,311.0,52.1,1312,107,0
L,300.7,311.0,20.7,1969,109,0
M,300.8,311.2,51.7,1365,111,0
L,300.9,311.2,25.5,1789,114,0
M,300.8,311.1,32.1,1583,116,0
L,300.7,311.0,44.9,1436,119,0
M,300.7,311.0,42.8,1559,121,0
L,300.7,311.0,49.9,1377,124,0
L,300.7,311.0,41.9,1462,126,0
L,300.7,311.0,48.2,1318,128,0
M,300.7,311.0,51.6,1378,130,0
L,300.6,310.9,46.7,1344,133,0
L,300.7,311.1,14.3,2377,135,0
L,300.7,311.1,50.3,1427,137,0
L,300.9,311.2,60.4,1353,139,0
L,300.8,311.3,45.5,1505,141,0
H,300.8,311.2,32.5,1612,143,0
L,300.7,311.1,43.0,1440,148,0
M,300.7,311.0,53.9,1334,150,0
M,300.7,311.0,25.0,1706,153,0
H,300.8,311.1,24.8,1698,156,0
L,300.7,311.1,30.7,1688,161,0
L,300.7,311.1,13.8,2437,163,0
L,300.7,311.1,46.8,1478,165,0
M,300.7,311.1,35.3,1608,167,0
L,300.7,311.1,13.4,2478,170,1
L,300.8,311.1,33.4,1509,172,0
L,300.7,311.0,36.9,1596,174,0
M,300.7,311.0,25.6,1740,176,0
L,300.6,310.8,53.2,1375,179,0
M,300.6,310.7,31.2,1705,181,0
M,300.5,310.6,32.0,1621,184,0
M,300.6,310.7,38.2,1566,187,0
M,300.6,310.7,42.9,1388,190,0
M,300.6,310.7,36.7,1457,193,0
M,300.6,310.6,45.5,1463,196,0
L,300.5,310.5,38.2,1564,199,0
H,300.5,310.6,47.2,1411,201,0
L,300.5,310.6,46.7,1540,206,0
L,300.5,310.6,20.3,1950,208,0
M,300.6,310.7,52.9,1339,0,0
H,300.6,310.6,39.6,1419,3,0
L,300.5,310.6,45.2,1499,8,0
L,300.5,310.6,49.6,1368,10,0
L,300.5,310.5,36.2,1536,12,0
M,300.5,310.5,42.9,1469,14,0
L,300.5,310.5,12.2,2633,17,1
L,300.4,310.4,61.4,1298,19,0
M,300.4,310.4,36.3,1544,21,0
H,300.5,310.5,47.7,1403,24,0
L,300.5,310.5,42.9,1452,29,0
L,300.6,310.5,43.1,1509,31,0
M,300.7,310.6,37.0,1474,33,0
M,300.7,310.7,46.7,1377,36,0
L,300.8,310.8,27.1,1741,39,0
L,300.8,310.8,53.8,1460,41,0
H,300.7,310.6,32.6,1631,43,0
L,300.7,310.5,33.2,1561,48,0
M,300.7,310.6,38.5,1572,50,0
L,300.6,310.6,18.7,2127,53,0
H,300.6,310.6,44.7,1448,55,0
L,300.6,310.7,39.6,1543,60,0
L,300.6,310.6,34.8,1508,62,0
M,300.6,310.6,50.4,1403,64,0
L,300.6,310.6,39.7,1454,67,0
L,300.7,310.8,27.3,1772,69,0
L,300.7,310.8,49.1,1479,71,0
L,300.7,310.9,31.0,1723,73,0
M,300.7,310.8,46.4,1469,75,0
H,300.6,310.6,26.2,1830,78,0
L,300.6,310.6,38.2,1497,83,0
L,300.7,310.6,52.7,1540,85,0
L,300.6,310.6,39.5,1514,87,0
L,300.7,310.6,34.2,1654,89,0
H,300.6,310.5,37.0,1519,91,0
L,300.7,310.6,30.3,1720,96,0
L,300.6,310.5,37.7,1470,98,0
L,300.6,310.5,29.9,1642,100,0
M,300.7,310.6,19.1,2006,102,0
M,300.7,310.6,35.6,1505,105,0
M,300.7,310.6,27.6,1609,108,0
M,300.7,310.5,22.2,1863,111,0
L,300.6,310.4,42.6,1401,114,0
L,300.6,310.4,19.8,2007,116,0
L,300.6,310.4,47.3,1494,118,0
L,300.6,310.4,47.7,1457,120,0
L,300.6,310.4,37.7,1556,122,0
H,300.6,310.4,42.8,1510,124,0
H,300.7,310.5,38.7,1567,129,0
H,300.7,310.5,43.1,1476,134,0
L,300.8,310.6,30.6,1663,139,0
M,300.8,310.5,50.6,1409,141,0
L,300.8,310.6,36.2,1666,144,0
L,300.7,310.6,45.9,1520,146,0
L,300.6,310.5,33.8,1644,148,0
H,300.6,310.4,35.6,1479,150,0
L,300.6,310.4,49.7,1446,155,0
M,300.6,310.4,51.1,1407,157,0
L,300.7,310.4,51.7,1234,160,0
M,300.8,310.5,29.7,1696,162,0
L,300.8,310.6,52.9,1384,165,0
M,300.8,310.7,36.2,1572,167,0
M,300.8,310.7,42.1,1386,170,0
L,300.8,310.7,42.8,1461,173,0
L,300.8,310.7,39.4,1525,175,0
L,300.7,310.7,61.0,1333,177,0
H,300.7,310.6,40.6,1505,179,0
M,300.7,310.6,41.7,1439,184,0
L,300.7,310.6,43.2,1491,187,0
M,300.7,310.6,39.2,1488,189,0
L,300.7,310.5,47.4,1536,192,0
L,300.7,310.5,21.0,1960,194,0
M,300.7,310.5,31.0,1594,196,0
L,300.7,310.5,52.6,1357,199,0
L,300.7,310.5,41.1,1445,201,0
L,300.7,310.4,47.3,1543,203,0
L,300.7,310.4,52.6,1366,205,0
L,300.7,310.3,40.0,1458,207,0
L,300.7,310.4,61.8,1416,209,1
L,300.6,310.3,24.4,1794,211,0
L,300.6,310.3,41.0,1484,213,0
L,300.6,310.4,13.4,2514,215,0
L,300.6,310.3,30.5,1648,217,1
M,300.6,310.3,32.7,1614,0,0
L,300.6,310.2,34.1,1622,3,0
M,300.6,310.2,40.1,1478,5,0
L,300.6,310.2,51.0,1318,8,0
L,300.7,310.2,35.9,1493,10,0
H,300.7,310.3,50.7,1369,12,0
L,300.6,310.2,45.9,1447,17,0
L,300.6,310.1,49.9,1485,19,0
L,300.6,310.2,47.8,1489,21,0
M,300.6,310.2,52.3,1233,23,0
L,300.7,310.2,32.6,1642,26,0
M,300.7,310.2,44.1,1373,28,0
L,300.7,310.2,32.8,1569,31,0
L,300.8,310.2,22.8,1850,33,0
M,300.8,310.3,42.2,1494,35,0
H,300.8,310.3,30.1,1777,38,0
L,300.9,310.4,43.1,1454,43,0
L,300.9,310.4,34.2,1536,45,0
L,300.8,310.5,39.0,1482,47,0
H,300.9,310.5,41.2,1512,49,0
M,300.8,310.5,35.8,1511,54,0
L,300.9,310.5,40.5,1599,57,0
M,300.8,310.4,36.0,1518,59,0
M,300.8,310.4,39.4,1450,62,0
L,300.9,310.4,47.0,1427,65,0
L,300.9,310.4,32.7,1561,67,0
H,300.9,310.4,43.8,1457,69,0
M,301.0,310.6,53.6,1460,74,0
L,301.0,310.5,33.2,1601,77,0
L,300.9,310.5,40.1,1570,79,0
L,300.9,310.5,35.9,1565,81,0
L,301.0,310.5,44.4,1378,83,0
L,300.9,310.5,16.1,2288,85,0
M,300.9,310.4,44.7,1375,87,0
L,300.9,310.4,27.8,1788,90,0
M,300.9,310.4,40.4,1576,92,0
M,300.8,310.3,24.5,1868,95,0
L,300.7,310.1,56.6,1261,98,0
M,300.6,310.0,33.9,1542,100,0
L,300.6,310.0,53.8,1438,103,0
L,300.6,310.0,36.9,1511,105,0
L,300.6,310.0,31.0,1635,107,0
L,300.6,309.9,48.8,1428,109,0
M,300.5,309.8,44.4,1410,111,0
L,300.5,309.9,47.9,1423,114,0
M,300.5,309.9,41.3,1552,116,0
M,300.5,310.0,50.2,1406,119,0
L,300.5,309.9,48.3,1443,122,0
M,300.5,309.9,63.7,1343,124,0
M,300.6,310.0,41.2,1486,127,0
L,300.6,310.1,50.0,1297,130,0
L,300.6,310.1,42.3,1495,132,0
L,300.5,309.9,46.5,1382,134,0
M,300.4,309.8,44.4,1356,136,0
H,300.3,309.7,41.5,1452,139,0
H,300.3,309.7,30.8,1582,144,0
M,300.4,309.8,40.3,1517,149,0
L,300.5,310.0,44.5,1413,152,0
L,300.4,309.9,31.8,1496,154,0
L,300.3,309.8,41.2,1466,156,0
M,300.3,309.8,40.8,1617,158,0
L,300.2,309.8,41.8,1506,161,0
L,300.2,309.8,49.3,1401,163,0
H,300.2,309.9,22.9,1906,165,0
L,300.2,309.9,36.4,1566,170,0
L,300.2,310.0,47.3,1493,172,0
L,300.3,310.1,39.9,1483,174,0
M,300.2,309.9,31.2,1569,176,0
M,300.2,310.0,30.7,1664,179,0
L,300.2,310.0,40.1,1486,182,0
L,300.2,310.0,53.6,1389,184,0
L,300.1,310.0,41.7,1511,186,0
M,300.2,310.1,40.5,1485,188,0
L,300.2,310.2,42.9,1440,191,0
L,300.2,310.2,43.9,1378,193,0
M,300.1,310.1,39.3,1501,195,0
M,300.2,310.1,44.0,1474,198,0
L,300.2,310.1,47.9,1392,201,0
M,300.3,310.2,44.7,1429,203,0
L,300.3,310.3,60.3,1362,206,1
L,300.3,310.3,29.5,1704,0,0
L,300.3,310.2,52.3,1492,2,0
M,300.3,310.2,39.5,1442,4,0
M,300.2,310.2,51.5,1438,7,0
M,300.1,310.1,46.6,1402,10,0
L,300.1,310.1,30.8,1684,13,0
L,300.2,310.2,48.5,1530,15,0
L,300.1,310.1,43.5,1569,17,0
L,300.1,310.1,31.6,1650,19,0
L,300.2,310.2,49.6,1415,21,0
L,300.2,310.2,31.5,1600,23,0
L,300.2,310.1,42.3,1523,25,0
M,300.2,310.2,30.3,1628,27,0
L,300.2,310.3,52.1,1331,30,0
L,300.3,310.3,16.8,2158,32,0
L,300.2,310.3,50.9,1445,34,0
M,300.2,310.3,36.1,1593,36,0
L,300.3,310.4,29.2,1672,39,0
M,300.4,310.5,31.4,1644,41,0
L,300.4,310.5,54.3,1402,44,0
L,300.4,310.4,56.8,1286,46,0
L,300.4,310.4,46.3,1486,48,0
L,300.3,310.3,46.3,1345,50,0
L,300.3,310.3,34.1,1629,52,0
M,300.2,310.2,43.8,1429,54,0
L,300.1,310.1,64.7,1306,57,0
L,300.1,310.1,52.6,1380,59,0
M,300.1,310.1,49.3,1443,61,0
H,300.1,310.1,42.7,1426,64,0
L,300.0,310.0,41.8,1486,69,0
M,300.0,309.9,34.5,1530,71,0
L,300.0,309.9,41.4,1507,74,0
L,300.0,309.9,33.4,1608,76,0
L,300.0,309.8,40.6,1474,78,0
L,300.0,309.7,61.9,1326,80,0
M,299.8,309.6,48.0,1434,82,0
L,299.8,309.6,41.7,1526,85,0
L,299.8,309.7,39.6,1483,87,0
L,299.8,309.7,51.9,1457,89,0
M,299.7,309.6,34.4,1540,91,0
L,299.8,309.7,29.1,1707,94,0
L,299.8,309.7,34.2,1624,96,0
M,299.8,309.6,50.2,1331,98,0
L,299.8,309.7,40.3,1431,101,0
M,299.8,309.7,28.5,1705,103,0
M,299.8,309.8,45.2,1427,106,0
M,299.9,309.8,41.2,1625,109,0
L,299.9,309.8,47.7,1477,112,0
M,300.0,309.9,28.1,1651,114,0
L,299.9,309.8,28.2,1716,117,0
H,299.9,309.8,48.7,1400,119,0
M,299.8,309.7,37.7,1556,124,0
L,299.8,309.7,42.6,1429,127,0
H,299.7,309.6,49.6,1433,129,0
M,299.8,309.7,61.7,1320,134,0
L,299.8,309.6,51.6,1374,137,0
L,299.8,309.6,31.0,1598,139,0
M,299.8,309.7,21.8,1910,141,0
L,299.7,309.6,51.3,1399,144,0
L,299.7,309.6,27.1,1720,146,0
H,299.8,309.7,47.4,1368,148,0
L,299.8,309.8,33.4,1749,153,0
L,299.8,309.8,39.4,1542,155,0
L,299.8,309.9,36.6,1553,157,0
M,299.9,309.9,42.1,1639,159,0
L,299.9,310.0,45.9,1447,162,0
M,299.8,310.0,48.1,1397,164,0
L,299.8,310.0,53.8,1361,167,0
M,299.8,310.0,37.1,1460,169,0
M,299.8,310.0,33.7,1632,172,0
L,299.8,310.0,36.0,1697,175,0
L,299.8,310.1,42.0,1553,177,0
M,299.9,310.1,56.3,1362,179,0
M,299.9,310.0,42.1,1484,182,0
H,299.9,310.1,51.4,1447,185,0
M,300.0,310.2,51.2,1393,190,0
L,300.0,310.2,26.9,1760,193,0
L,300.0,310.1,34.6,1477,195,0
L,299.9,310.1,29.1,1681,197,0
M,300.0,310.1,53.5,1314,199,0
L,300.0,310.1,28.0,1762,202,0
L,299.9,310.0,44.7,1402,204,0
M,300.1,310.2,42.0,1429,206,0
M,300.2,310.3,40.1,1448,209,0
H,300.2,310.4,42.9,1501,212,0
L,300.3,310.5,39.1,1522,217,0
L,300.3,310.4,37.5,1493,219,0
M,300.2,310.3,29.4,1704,221,0
H,300.2,310.3,42.5,1408,0,0
L,300.2,310.4,41.8,1518,5,0
L,300.3,310.4,25.9,1742,7,0
M,300.4,310.5,43.0,1500,9,0
L,300.4,310.5,14.5,2424,12,0
L,300.4,310.5,25.1,1818,14,0
M,300.4,310.6,35.6,1545,16,0
L,300.4,310.6,46.9,1429,19,0
M,300.4,310.6,44.9,1448,21,0
L,300.4,310.6,48.7,1384,24,0
L,300.4,310.5,32.8,1578,26,0
L,300.5,310.5,26.7,1695,28,0
L,300.5,310.6,36.2,1543,30,0
M,300.4,310.5,33.4,1540,32,0
L,300.2,310.4,25.8,1808,35,0
M,300.3,310.4,49.7,1293,37,0
L,300.2,310.3,59.5,1202,40,0
M,300.2,310.3,29.2,1704,42,0
M,300.2,310.3,38.1,1478,45,0
L,300.2,310.3,38.7,1514,48,0
M,300.1,310.3,48.8,1350,50,0
L,300.1,310.2,54.2,1475,53,0
H,300.0,310.1,28.7,1714,55,0
L,300.0,310.1,40.9,1465,60,0
L,299.9,310.2,69.6,1288,62,1
L,300.0,310.2,29.7,1675,64,0
L,300.0,310.2,36.4,1486,66,0
M,300.0,310.2,58.7,1443,68,0
M,300.1,310.3,57.1,1345,71,0
M,300.2,310.4,61.7,1202,74,0
M,300.1,310.4,37.1,1480,77,0
M,300.2,310.4,35.7,1530,80,0
M,300.2,310.6,20.8,1983,83,0
L,300.3,310.6,53.8,1433,86,0
L,300.3,310.6,24.4,1806,88,0
L,300.2,310.5,46.7,1416,90,0
M,300.1,310.4,38.1,1556,92,0
L,300.1,310.5,29.2,1627,95,0
L,300.1,310.6,24.3,1809,97,0
M,300.1,310.5,57.4,1329,99,0
H,300.0,310.4,21.9,1881,102,0
L,300.1,310.5,39.8,1500,107,0
L,300.1,310.5,36.0,1532,109,0
L,300.1,310.5,50.9,1492,111,0
L,300.2,310.6,42.3,1431,113,0
L,300.1,310.4,39.4,1554,115,0
L,300.1,310.5,44.2,1494,117,0
L,300.1,310.6,45.4,1374,119,0
L,300.1,310.5,44.3,1394,121,0
M,300.0,310.5,25.7,1790,123,0
L,300.1,310.5,45.8,1356,126,0
M,300.0,310.4,52.1,1385,128,0
L,300.0,310.4,49.1,1333,131,0
L,300.0,310.4,44.9,1505,133,0
L,300.0,310.5,33.5,1606,135,0
H,300.0,310.5,36.7,1558,137,0
L,300.0,310.5,52.4,1412,142,0
L,299.9,310.4,38.4,1408,144,0
L,299.9,310.3,53.3,1268,146,0
L,299.9,310.4,50.0,1470,148,0
L,299.9,310.4,47.0,1497,150,0
L,299.9,310.3,29.1,1638,152,0
H,299.9,310.3,43.9,1535,154,0
L,299.8,310.2,32.7,1654,159,0
H,299.8,310.2,49.7,1411,161,0
L,299.8,310.2,23.5,1911,166,0
H,299.8,310.2,33.3,1573,168,0
L,299.9,310.2,46.3,1479,173,0
M,299.9,310.4,26.6,1820,175,0
L,299.9,310.4,45.7,1419,178,0
M,299.9,310.5,52.9,1335,180,0
M,299.9,310.5,39.4,1576,183,0
L,300.0,310.5,42.2,1517,186,0
M,299.9,310.4,34.3,1576,188,0
H,299.8,310.2,36.6,1537,191,0
L,299.8,310.3,34.2,1524,196,0
M,299.8,310.3,23.7,1805,198,0
M,299.9,310.4,53.3,1367,201,0
L,299.8,310.4,30.3,1694,204,0
L,299.9,310.4,49.9,1328,206,0
H,299.9,310.5,42.8,1549,208,0
L,299.9,310.5,32.8,1539,213,0
L,299.8,310.5,38.8,1496,215,0
L,299.8,310.4,36.4,1579,0,0
L,299.7,310.3,46.6,1386,2,0
L,299.7,310.3,37.7,1505,4,0
M,299.7,310.3,34.5,1661,6,0
L,299.6,310.2,48.0,1468,9,0
L,299.6,310.1,49.8,1384,11,0
L,299.6,310.2,60.5,1381,13,0
L,299.6,310.2,47.0,1469,15,0
L,299.6,310.2,36.6,1627,17,0
H,299.7,310.3,40.4,1462,19,0
L,299.7,310.2,36.5,1633,24,0
L,299.7,310.2,39.5,1469,26,0
L,299.7,310.2,43.4,1458,28,0
M,299.7,310.2,42.8,1440,30,0
L,299.8,310.3,30.4,1687,33,0
M,299.7,310.3,47.7,1429,35,0
L,299.6,310.2,34.1,1588,38,0
L,299.6,310.2,51.2,1333,40,0
L,299.6,310.1,42.9,1487,42,0
M,299.5,310.1,31.5,1659,44,0
M,299.4,310.0,43.2,1512,47,0
L,299.5,310.1,35.2,1585,50,0
L,299.5,310.0,38.5,1502,52,0
L,299.5,310.0,35.1,1594,54,0
L,299.5,310.0,48.9,1412,56,0
L,299.5,309.9,51.7,1402,58,0
L,299.6,310.1,20.4,2057,60,0
H,299.6,310.1,36.8,1531,62,0
M,299.5,310.1,61.1,1359,67,0
M,299.6,310.2,30.0,1620,70,0
M,299.6,310.1,29.6,1646,73,0
M,299.6,310.1,46.1,1455,76,0
L,299.6,310.2,44.0,1512,79,0
L,299.6,310.2,42.7,1473,81,0
L,299.6,310.1,38.0,1553,83,0
L,299.5,310.0,50.4,1379,85,0
M,299.4,309.9,40.6,1567,87,0
L,299.5,310.0,43.1,1481,90,0
L,299.5,310.0,52.7,1349,92,0
L,299.5,310.0,52.4,1388,94,0
M,299.6,310.1,48.7,1357,96,0
L,299.6,310.2,24.8,1743,99,0
L,299.7,310.3,43.1,1495,101,0
L,299.8,310.4,28.3,1698,103,0
M,299.7,310.4,44.5,1410,105,0
L,299.7,310.4,36.2,1614,108,0
M,299.8,310.5,53.9,1375,110,0
M,299.8,310.6,31.8,1574,113,0
H,299.8,310.6,44.6,1423,116,0
M,299.8,310.6,31.3,1694,121,0
L,299.8,310.6,32.5,1707,124,0
M,299.7,310.5,41.2,1490,126,0
L,299.7,310.6,31.3,1675,129,0
M,299.7,310.5,39.3,1492,131,0
M,299.7,310.5,35.4,1594,134,0
L,299.7,310.6,38.0,1479,137,0
M,299.7,310.6,38.0,1572,139,0
L,299.7,310.6,35.1,1616,142,0
L,299.7,310.6,26.1,1737,144,0
M,299.7,310.7,37.8,1498,146,0
L,299.6,310.6,35.1,1642,149,0
M,299.6,310.6,34.2,1633,151,0
L,299.8,310.8,51.9,1409,154,0
M,299.8,310.8,43.5,1463,156,0
L,299.8,310.8,48.6,1376,159,0
L,299.8,310.8,32.2,1553,161,0
M,299.8,310.8,35.2,1530,163,0
L,299.8,310.9,40.7,1545,166,0
H,299.8,310.9,47.2,1427,168,0
L,299.9,310.9,51.1,1292,173,0
L,299.8,310.9,17.6,2084,175,0
L,299.9,311.0,27.6,1747,177,0
L,300.0,311.1,47.8,1425,179,0
L,300.0,311.0,33.6,1637,181,0
M,300.1,311.1,35.2,1616,183,0
L,300.1,311.1,33.4,1619,186,0
L,300.1,311.2,39.1,1489,188,0
M,300.1,311.2,42.4,1452,190,0
M,300.1,311.3,41.0,1495,193,0
M,300.2,311.4,39.7,1427,196,0
L,300.1,311.4,36.2,1572,199,0
L,300.1,311.3,40.0,1547,201,0
M,300.1,311.4,48.5,1342,203,0
L,300.0,311.2,44.1,1351,206,0
L,300.0,311.3,47.3,1407,208,0
M,300.1,311.4,29.8,1575,210,0
M,300.0,311.4,24.1,1791,213,0
M,300.0,311.4,29.0,1692,216,1
L,300.0,311.4,31.9,1634,0,0
M,300.0,311.4,23.3,1864,2,0
L,300.0,311.4,33.6,1590,5,0
M,300.0,311.4,46.1,1384,7,0
M,300.0,311.4,61.8,1352,10,0
L,300.1,311.4,43.1,1484,13,0
M,300.1,311.4,21.9,1913,15,0
L,300.0,311.4,38.2,1508,18,0
L,299.9,311.3,40.7,1504,20,0
L,300.0,311.4,41.2,1487,22,0
L,299.8,311.3,30.0,1727,24,0
L,299.9,311.3,27.5,1647,26,0
L,300.0,311.3,41.4,1493,28,0
L,300.0,311.4,29.6,1655,30,0
M,299.9,311.4,54.8,1337,32,0
L,300.0,311.5,36.9,1601,35,0
H,300.1,311.6,37.9,1589,37,0
L,300.2,311.7,55.1,1286,42,0
L,300.2,311.7,41.3,1553,44,0
L,300.2,311.8,51.0,1379,46,0
M,300.3,311.9,30.8,1677,48,0
L,300.3,311.8,38.4,1488,51,0
L,300.3,311.8,45.9,1418,53,0
L,300.3,311.8,41.0,1451,55,0
L,300.3,311.8,43.1,1508,57,0
L,300.3,311.7,33.6,1579,59,0
H,300.3,311.7,47.7,1432,61,0
L,300.2,311.6,47.3,1446,66,0
M,300.2,311.7,39.5,1597,68,0
M,300.2,311.7,50.2,1397,71,0
L,300.1,311.6,36.6,1530,74,0
M,300.1,311.6,51.4,1433,76,0
L,300.0,311.5,32.0,1591,79,0
L,300.0,311.5,41.6,1445,81,0
L,300.0,311.5,28.3,1749,83,0
L,300.0,311.3,30.4,1703,85,0
H,300.1,311.4,46.9,1518,87,0
L,300.1,311.3,42.3,1535,92,0
M,300.1,311.4,52.1,1390,94,0
H,300.3,311.6,23.6,1801,97,0
H,300.3,311.6,41.6,1463,102,0
L,300.3,311.6,37.7,1560,107,0
L,300.3,311.6,33.5,1607,109,0
L,300.4,311.6,54.6,1332,111,0
L,300.3,311.7,53.3,1365,113,0
M,300.3,311.6,32.5,1617,115,0
M,300.3,311.6,62.8,1304,118,0
L,300.3,311.7,22.3,1989,121,0
H,300.3,311.6,53.4,1339,123,0
L,300.2,311.5,41.8,1492,128,0
M,300.1,311.3,40.2,1518,130,0
L,300.1,311.3,39.5,1479,133,0
M,300.1,311.3,34.1,1523,135,0
M,300.2,311.4,35.3,1570,138,0
H,300.2,311.4,36.1,1506,141,0
M,300.2,311.6,47.5,1510,146,0
L,300.2,311.6,28.8,1671,149,0
M,300.3,311.6,53.4,1312,151,0
L,300.3,311.6,38.8,1595,154,0
L,300.3,311.7,31.8,1635,156,0
L,300.3,311.7,33.6,1707,158,0
L,300.3,311.7,43.5,1545,160,0
M,300.2,311.6,28.0,1751,162,0
M,300.4,311.8,30.0,1707,165,0
L,300.4,311.8,57.9,1320,168,0
M,300.3,311.7,51.4,1319,170,0
L,300.2,311.7,54.2,1448,173,0
L,300.2,311.8,48.2,1436,175,0
L,300.3,311.9,34.0,1609,177,0
L,300.2,311.8,44.5,1464,179,0
M,300.3,311.8,45.1,1483,181,0
M,300.2,311.8,28.5,1748,184,0
L,300.3,311.8,26.3,1746,187,0
L,300.2,311.8,51.4,1410,189,0
L,300.2,311.7,30.8,1640,191,0
H,300.3,311.7,29.9,1655,193,0
M,300.3,311.7,28.9,1646,198,0
L,300.4,311.8,42.0,1589,201,0
L,300.5,311.9,39.4,1546,203,0
L,300.5,311.9,41.8,1511,205,0
L,300.5,311.9,28.3,1750,207,0
M,300.5,311.9,27.5,1730,209,0
L,300.6,311.9,60.1,1372,212,1
L,300.5,311.8,38.9,1524,214,1
L,300.4,311.8,36.1,1601,0,0
M,300.5,311.8,34.4,1636,2,0
L,300.4,311.8,14.9,2261,5,0
L,300.4,311.8,32.3,1636,7,0
M,300.4,311.9,58.3,1335,9,0
M,300.3,311.7,57.5,1236,12,0
L,300.3,311.7,47.3,1445,15,0
L,300.2,311.5,40.8,1500,17,0
L,300.2,311.6,21.0,1999,19,0
L,300.2,311.6,35.5,1529,21,0
M,300.2,311.6,40.7,1467,23,0
L,300.1,311.5,54.0,1334,26,0
M,300.1,311.5,46.2,1343,28,0
L,300.2,311.5,31.1,1639,31,0
H,300.1,311.5,49.1,1383,33,0
L,300.1,311.4,31.4,1660,38,0
L,300.1,311.3,45.2,1470,40,0
M,300.1,311.3,26.6,1748,42,0
L,300.1,311.4,35.7,1467,45,0
M,300.1,311.4,39.3,1617,47,0
H,300.1,311.4,56.7,1377,50,0
M,300.0,311.3,32.1,1629,55,0
L,300.0,311.2,37.9,1504,58,0
L,300.0,311.2,47.3,1418,60,0
L,300.0,311.2,31.7,1629,62,0
L,300.1,311.3,12.5,2579,64,1
L,300.1,311.3,64.7,1305,66,0
M,300.2,311.4,38.5,1450,68,0
L,300.2,311.3,36.9,1487,71,0
M,300.2,311.3,31.2,1587,73,0
M,300.3,311.5,40.9,1528,76,0
M,300.4,311.6,49.9,1401,79,0
L,300.3,311.5,45.0,1446,82,0
L,300.2,311.4,44.2,1425,84,0
L,300.2,311.4,22.6,1891,86,0
H,300.2,311.5,42.8,1454,88,0
L,300.1,311.4,40.9,1430,93,0
L,300.2,311.4,43.6,1495,95,0
L,300.3,311.4,41.6,1544,97,0
M,300.3,311.4,34.3,1554,99,0
M,300.2,311.3,37.3,1491,102,0
L,300.3,311.3,40.7,1525,105,0
L,300.3,311.3,39.6,1505,107,0
M,300.3,311.4,50.2,1371,109,0
L,300.3,311.3,60.5,1332,112,0
L,300.3,311.4,37.0,1471,114,0
M,300.4,311.5,27.3,1750,116,0
M,300.3,311.4,48.1,1386,119,0
M,300.4,311.4,56.2,1355,122,0
M,300.3,311.3,53.8,1377,125,0
L,300.3,311.1,49.4,1388,128,0
M,300.3,311.1,58.7,1350,130,0
M,300.4,311.2,23.4,1831,133,0
M,300.3,311.2,65.2,1381,136,1
M,300.3,311.2,25.6,1783,139,0
L,300.3,311.0,34.7,1613,142,0
M,300.2,311.0,14.7,2370,144,0
L,300.2,311.0,33.7,1627,147,0
L,300.2,311.0,71.8,1255,149,1
H,300.2,311.0,27.5,1777,151,0
L,300.3,311.1,30.9,1606,156,0
L,300.3,311.1,28.6,1676,158,0
L,300.3,311.1,37.1,1605,160,0
L,300.4,311.1,37.4,1487,162,0
L,300.4,311.2,46.5,1471,164,0
M,300.3,311.1,44.2,1477,166,0
L,300.4,311.2,32.0,1530,169,0
L,300.4,311.2,28.9,1673,171,0
L,300.4,311.2,56.8,1436,173,0
L,300.4,311.3,51.2,1495,175,0
M,300.4,311.2,56.1,1366,177,0
H,300.4,311.2,45.3,1489,180,0
L,300.3,311.1,46.6,1480,185,0
L,300.4,311.2,37.3,1472,187,0
L,300.4,311.1,50.8,1397,189,0
L,300.4,311.1,35.5,1589,191,0
L,300.4,311.1,54.1,1405,193,0
L,300.4,311.1,20.1,2013,195,0
L,300.4,311.0,26.0,1802,197,0
M,300.4,311.0,46.1,1433,199,0
M,300.5,311.1,61.3,1296,202,1
M,300.5,311.2,36.6,1551,205,0
L,300.5,311.2,67.5,1270,208,1
L,300.6,311.3,38.5,1531,0,0
H,300.5,311.2,45.2,1397,2,0
L,300.5,311.1,37.2,1547,7,0
L,300.5,311.0,18.9,2074,9,0
L,300.5,311.1,42.6,1491,11,0
L,300.5,311.0,28.3,1759,13,0
M,300.4,311.0,35.4,1595,15,0
L,300.4,311.2,62.0,1351,18,0
L,300.4,311.2,28.7,1705,20,0
L,300.4,311.2,43.6,1406,22,0
L,300.4,311.3,34.6,1639,24,0
H,300.4,311.3,20.3,2026,26,0
M,300.4,311.3,56.5,1350,31,0
M,300.5,311.3,41.1,1468,34,0
L,300.5,311.4,27.1,1642,37,0
L,300.5,311.3,41.8,1490,39,0
M,300.5,311.3,43.4,1507,41,0
L,300.5,311.4,32.7,1611,44,0
M,300.5,311.4,27.6,1743,46,0
L,300.5,311.3,46.3,1475,49,0
L,300.5,311.4,47.5,1432,51,0
L,300.5,311.4,47.0,1442,53,0
M,300.6,311.4,40.4,1468,55,0
L,300.5,311.4,45.3,1556,58,0
M,300.5,311.4,51.4,1312,60,0
L,300.6,311.5,47.0,1459,63,0
L,300.5,311.5,36.9,1651,65,0
L,300.5,311.5,38.4,1490,67,0
M,300.6,311.6,31.5,1473,69,0
L,300.6,311.7,29.9,1734,72,0
L,300.6,311.7,45.5,1507,74,0
L,300.6,311.7,34.9,1556,76,0
H,300.5,311.6,53.5,1351,78,0
L,300.5,311.7,44.8,1445,83,0
L,300.5,311.7,32.7,1619,85,0
M,300.5,311.7,64.0,1269,87,0
L,300.5,311.6,37.7,1534,90,0
L,300.5,311.6,49.3,1444,92,0
L,300.5,311.6,26.8,1744,94,0
L,300.4,311.5,44.6,1441,96,0
M,300.3,311.3,40.7,1506,98,0
L,300.3,311.4,38.5,1526,101,0
L,300.4,311.5,29.7,1704,103,0
H,300.4,311.4,52.4,1445,105,0
L,300.5,311.5,35.9,1661,110,0
L,300.5,311.4,41.8,1466,112,0
L,300.4,311.3,35.1,1608,114,0
M,300.4,311.4,57.3,1352,116,0
M,300.4,311.4,31.7,1604,119,0
H,300.4,311.4,50.7,1427,122,0
L,300.4,311.4,44.6,1424,127,0
L,300.4,311.4,29.3,1662,129,0
L,300.4,311.4,23.9,1936,131,0
L,300.4,311.4,31.7,1728,133,0
L,300.4,311.4,28.8,1552,135,0
H,300.4,311.5,29.0,1662,137,0
L,300.3,311.4,57.7,1343,142,0
M,300.4,311.5,32.6,1476,144,0
L,300.3,311.4,51.1,1346,147,0
L,300.4,311.5,44.6,1492,149,0
M,300.3,311.5,41.5,1540,151,0
L,300.4,311.5,32.5,1596,154,0
L,300.5,311.6,47.8,1541,156,0
L,300.5,311.6,30.0,1661,158,0
M,300.4,311.6,55.4,1359,160,0
L,300.5,311.6,42.4,1528,163,0
M,300.5,311.6,52.9,1246,165,0
L,300.5,311.6,32.5,1575,168,0
M,300.5,311.6,30.4,1658,170,0
L,300.5,311.6,54.8,1385,173,0
H,300.5,311.7,50.3,1454,175,0
L,300.5,311.6,40.5,1497,180,0
M,300.6,311.7,50.8,1424,182,0
L,300.6,311.7,43.9,1528,185,0
L,300.6,311.8,37.0,1539,187,0
L,300.7,311.8,58.4,1336,189,1
L,300.5,311.6,37.6,1525,191,0
M,300.5,311.6,51.1,1456,193,0
M,300.5,311.7,17.2,2141,196,0
M,300.5,311.6,39.1,1476,199,0
L,300.5,311.6,47.2,1509,202,0
L,300.5,311.6,45.4,1447,204,0
L,300.6,311.7,49.1,1448,206,0
L,300.6,311.7,52.6,1428,208,0
M,300.6,311.7,52.1,1389,210,0
L,300.7,311.7,32.4,1635,213,0
L,300.7,311.7,43.7,1395,215,0
L,300.7,311.8,43.7,1443,217,0
M,300.7,311.7,49.1,1412,219,0
L,300.7,311.7,43.5,1524,222,0
M,300.7,311.8,42.4,1407,224,0
L,300.8,311.7,43.5,1397,227,0
M,300.7,311.7,36.9,1504,229,0
M,300.7,311.7,18.9,2097,232,1
L,300.6,311.7,39.8,1553,0,0
L,300.6,311.7,39.2,1432,2,0
M,300.5,311.6,36.5,1577,4,0
M,300.5,311.5,56.1,1370,7,0
H,300.5,311.6,36.2,1506,10,0
L,300.6,311.6,21.4,1964,15,0
H,300.6,311.7,36.7,1500,17,0
L,300.6,311.7,47.7,1488,22,0
H,300.6,311.5,60.2,1282,24,0
L,300.5,311.4,45.1,1400,29,0
L,300.6,311.5,38.6,1419,31,0
M,300.7,311.5,40.6,1441,33,0
M,300.7,311.6,62.5,1348,36,0
H,300.8,311.7,38.7,1468,39,0
M,300.7,311.7,30.8,1701,44,0
H,300.7,311.7,23.6,1864,47,0
M,300.6,311.6,31.8,1630,52,0
L,300.5,311.5,49.7,1316,55,0
L,300.5,311.5,31.2,1708,57,0
H,300.5,311.4,27.5,1679,59,0
L,300.5,311.4,32.3,1709,64,0
L,300.5,311.4,41.5,1445,66,0
M,300.5,311.4,51.9,1390,68,0
L,300.4,311.4,55.5,1309,71,0
L,300.5,311.5,37.6,1499,73,0
M,300.5,311.4,18.8,2072,75,0
L,300.5,311.5,43.0,1487,78,0
L,300.5,311.5,49.6,1302,80,0
M,300.5,311.5,48.2,1378,82,0
L,300.5,311.6,53.0,1365,85,0
H,300.6,311.7,44.6,1427,87,0
H,300.6,311.7,33.3,1535,92,0
H,300.5,311.6,41.7,1476,97,0
L,300.5,311.6,42.4,1425,102,0
L,300.5,311.7,54.7,1409,104,0
L,300.5,311.6,30.2,1730,106,0
M,300.5,311.6,41.4,1454,108,0
L,300.6,311.7,26.9,1744,111,0
M,300.8,311.9,29.0,1761,113,0
M,300.7,311.9,30.9,1657,116,0
L,300.7,311.8,47.0,1420,119,0
H,300.7,311.9,59.2,1329,121,0
L,300.6,311.9,44.2,1472,126,0
L,300.6,312.0,30.1,1566,128,0
L,300.6,312.0,42.7,1430,130,0
L,300.6,312.0,40.9,1481,132,0
L,300.6,312.0,29.4,1670,134,0
L,300.6,312.0,55.1,1406,136,0
H,300.6,312.1,46.9,1354,138,0
M,300.5,312.0,19.3,1985,143,0
M,300.5,312.0,60.8,1263,146,0
L,300.5,311.9,31.1,1576,149,0
L,300.5,312.0,45.1,1453,151,0
L,300.5,312.0,39.0,1478,153,0
M,300.5,311.9,57.9,1323,155,0
L,300.5,311.9,28.4,1710,158,0
L,300.4,311.7,59.5,1314,160,0
L,300.4,311.7,39.6,1460,162,0
M,300.4,311.7,45.4,1508,164,0
M,300.5,311.8,55.3,1331,167,0
L,300.4,311.7,47.4,1515,170,0
L,300.4,311.6,33.0,1674,172,0
L,300.4,311.7,51.2,1444,174,0
M,300.4,311.7,42.6,1398,176,0
M,300.4,311.7,24.2,1832,179,0
M,300.5,311.8,42.0,1591,182,0
M,300.4,311.7,39.9,1478,185,0
M,300.4,311.8,47.6,1362,188,0
L,300.5,311.8,57.9,1368,191,1
M,300.3,311.7,28.3,1723,193,0
L,300.4,311.8,30.8,1689,196,0
L,300.4,311.8,59.2,1272,198,1
M,300.4,311.7,33.0,1511,200,0
H,300.4,311.6,30.8,1715,203,0
M,300.3,311.5,43.8,1400,0,0
L,300.4,311.6,76.6,1200,3,1
M,300.4,311.7,38.7,1555,5,0
H,300.3,311.6,56.2,1427,8,0
L,300.3,311.4,52.7,1318,13,0
H,300.2,311.4,54.6,1319,15,0
M,300.2,311.4,20.9,1960,20,0
L,300.3,311.5,38.9,1552,23,0
L,300.3,311.5,32.2,1548,25,0
L,300.3,311.6,29.5,1709,27,0
H,300.3,311.5,41.0,1464,29,0
L,300.3,311.4,24.8,1759,34,0
L,300.3,311.5,31.9,1634,36,0
L,300.3,311.5,33.6,1663,38,0
M,300.3,311.5,47.3,1445,40,0
L,300.3,311.5,25.6,1695,43,0
L,300.4,311.6,39.0,1517,45,0
L,300.5,311.7,26.8,1811,47,0
L,300.4,311.6,23.5,1815,49,0
L,300.4,311.7,40.0,1513,51,0
M,300.4,311.6,36.4,1518,53,0
L,300.3,311.5,28.8,1667,56,0
L,300.3,311.5,60.1,1403,58,0
L,300.2,311.5,42.1,1383,60,0
L,300.3,311.5,46.2,1466,62,0
L,300.3,311.5,47.5,1378,64,0
M,300.2,311.5,40.9,1547,66,0
L,300.2,311.5,38.5,1495,69,0
L,300.1,311.4,29.3,1729,71,0
L,300.1,311.4,47.7,1418,73,0
H,300.1,311.4,40.4,1485,75,0
L,300.1,311.5,40.8,1434,80,0
M,300.2,311.6,55.8,1415,82,0
H,300.1,311.6,29.6,1674,85,0
L,300.1,311.5,52.4,1454,90,0
L,300.0,311.4,39.0,1476,92,0
L,300.0,311.5,28.3,1812,94,0
L,300.0,311.4,41.9,1374,96,0
M,300.1,311.4,40.6,1524,98,0
L,300.0,311.4,49.6,1383,101,0
L,299.9,311.3,58.2,1429,103,0
M,299.8,311.3,41.2,1517,105,0
M,299.9,311.4,44.9,1480,108,0
L,299.9,311.4,28.8,1706,111,0
L,300.0,311.5,48.6,1349,113,0
M,300.0,311.5,49.0,1451,115,0
L,299.9,311.4,36.7,1627,118,0
M,300.0,311.4,35.4,1537,120,0
L,300.1,311.5,17.0,2218,123,0
M,300.0,311.4,39.0,1466,125,0
L,300.0,311.5,32.0,1666,128,0
L,300.0,311.5,41.7,1455,130,0
L,300.0,311.4,24.6,1927,132,0
M,299.9,311.3,28.4,1703,134,0
L,299.8,311.2,35.9,1533,137,0
H,299.8,311.3,25.4,1785,139,0
L,299.8,311.2,16.6,2142,144,0
L,299.8,311.2,46.2,1369,146,0
M,299.8,311.2,29.2,1706,148,0
L,299.9,311.3,24.4,1802,151,0
H,299.9,311.3,41.8,1413,153,0
L,300.0,311.3,53.2,1484,158,0
L,299.9,311.3,38.1,1535,160,0
M,299.9,311.2,35.5,1579,162,0
L,299.8,311.1,64.2,1300,165,0
M,299.8,311.1,44.3,1452,167,0
M,299.8,311.1,35.7,1562,170,0
L,299.8,311.2,28.3,1664,173,0
H,299.9,311.2,35.8,1495,175,0
M,300.0,311.4,42.6,1533,180,0
L,300.0,311.4,37.0,1484,183,0
L,300.0,311.4,38.7,1604,185,0
L,300.0,311.4,45.6,1483,187,0
L,300.1,311.5,34.7,1549,189,0
L,300.1,311.4,35.0,1604,191,0
L,300.2,311.5,31.0,1685,193,0
L,300.2,311.6,49.2,1372,195,0
L,300.3,311.6,47.4,1374,197,0
L,300.2,311.6,31.0,1606,199,0
L,300.1,311.5,47.2,1471,201,0
L,300.1,311.5,31.1,1659,203,0
M,300.1,311.7,48.5,1400,205,0
L,300.1,311.7,42.6,1503,208,0
L,300.2,311.8,23.2,1798,210,0
M,300.2,311.6,35.0,1608,212,0
L,300.2,311.6,50.9,1322,215,0
H,300.2,311.6,37.7,1547,217,0
M,300.3,311.7,47.9,1374,222,1
M,300.3,311.7,36.8,1447,0,0
L,300.4,311.7,47.2,1373,3,0
L,300.3,311.7,37.5,1515,5,0
L,300.3,311.7,56.5,1317,7,0
L,300.3,311.8,37.2,1551,9,0
M,300.3,311.8,32.1,1592,11,0
L,300.4,311.8,42.2,1433,14,0
L,300.5,311.9,43.1,1432,16,0
L,300.5,311.9,51.7,1350,18,0
M,300.5,311.9,44.8,1370,20,0
L,300.5,312.0,44.6,1415,23,0
L,300.5,312.0,42.9,1498,25,0
M,300.5,312.0,54.1,1382,27,0
M,300.5,311.9,44.5,1511,30,0
L,300.5,311.9,59.5,1330,33,0
L,300.5,311.9,50.5,1383,35,0
L,300.5,311.9,49.4,1431,37,0
L,300.5,312.0,38.1,1461,39,0
H,300.4,311.9,46.7,1438,41,0
M,300.5,312.0,27.7,1779,46,0
M,300.6,312.1,52.3,1293,49,0
L,300.6,312.2,54.7,1308,52,0
L,300.6,312.3,37.2,1532,54,0
L,300.7,312.4,38.6,1470,56,0
L,300.7,312.3,37.9,1548,58,0
L,300.7,312.3,24.0,1898,60,0
H,300.7,312.2,49.0,1335,62,0
L,300.7,312.3,53.8,1420,67,0
L,300.7,312.3,49.0,1418,69,0
M,300.8,312.3,40.3,1535,71,0
H,300.7,312.4,47.2,1457,74,0
L,300.8,312.4,39.1,1493,79,0
H,300.7,312.3,27.3,1670,81,0
H,300.7,312.3,45.4,1446,86,0
L,300.8,312.4,59.1,1465,91,1
L,300.7,312.3,36.3,1590,93,0
M,300.6,312.2,18.5,2174,95,0
L,300.7,312.4,37.9,1590,98,0
L,300.7,312.3,33.2,1577,100,0
M,300.7,312.4,61.7,1371,102,0
L,300.8,312.4,25.6,1767,105,0
L,300.8,312.5,39.2,1517,107,0
M,300.9,312.6,40.6,1555,109,0
L,300.9,312.7,43.8,1416,112,0
M,300.8,312.6,35.6,1588,114,0
L,300.8,312.6,50.0,1422,117,0
L,300.8,312.6,53.6,1376,119,0
L,300.8,312.5,50.7,1434,121,0
L,300.8,312.5,47.3,1423,123,0
L,300.9,312.4,52.5,1364,125,0
L,300.8,312.4,23.8,1825,127,0
L,300.8,312.4,44.5,1365,129,0
M,300.7,312.3,47.2,1430,131,0
L,300.8,312.3,44.8,1435,134,0
M,300.8,312.4,25.1,1811,136,0
M,300.8,312.4,43.7,1465,139,0
L,300.9,312.4,51.0,1372,142,0
L,300.8,312.3,26.3,1858,144,0
L,300.7,312.3,26.8,1715,146,0
L,300.7,312.2,38.5,1590,148,0
M,300.8,312.2,25.7,1664,150,0
L,300.7,312.1,36.9,1512,153,0
L,300.7,312.1,44.0,1498,155,0
L,300.7,312.1,41.9,1395,157,0
H,300.7,312.1,43.1,1490,159,0
H,300.8,312.1,35.1,1527,164,0
L,300.8,312.1,37.1,1512,169,0
L,300.9,312.1,42.4,1474,171,0
L,300.8,312.1,41.3,1505,173,0
L,300.8,312.0,40.0,1496,175,0
L,300.8,312.0,49.3,1382,177,0
L,300.7,311.9,47.7,1419,179,0
L,300.7,311.9,39.7,1462,181,0
M,300.8,312.0,45.0,1450,183,0
H,300.7,311.9,46.5,1389,186,0
M,300.7,311.9,28.2,1697,191,0
L,300.7,311.9,57.1,1335,194,1
L,300.7,311.9,42.0,1476,196,0
L,300.6,311.7,43.6,1497,198,0
M,300.6,311.6,29.2,1669,200,0
L,300.6,311.6,48.0,1455,203,0
L,300.7,311.7,38.4,1499,205,0
L,300.7,311.8,41.9,1478,207,0
L,300.8,311.8,21.8,1928,209,0
M,300.8,311.9,28.3,1621,211,0
M,300.8,311.9,44.3,1356,214,0
L,300.8,311.7,46.4,1490,217,0
L,300.8,311.7,31.4,1578,219,0
L,300.8,311.7,31.3,1681,221,0
L,300.8,311.8,43.4,1417,223,0
M,300.7,311.7,40.0,1532,0,0
M,300.7,311.7,38.9,1499,3,0
L,300.8,311.7,45.8,1432,6,0
L,300.8,311.7,29.0,1753,8,0
L,300.8,311.7,49.0,1414,10,0
L,300.8,311.7,32.2,1655,12,0
L,300.8,311.6,35.6,1516,14,0
L,300.8,311.7,45.5,1426,16,0
L,300.8,311.7,39.4,1479,18,0
M,300.7,311.5,36.4,1569,20,0
L,300.8,311.6,36.0,1568,23,0
M,300.9,311.8,24.5,1843,25,0
M,300.9,311.9,40.9,1480,28,0
L,301.0,312.0,36.8,1447,31,0
L,301.0,311.9,41.9,1454,33,0
M,300.9,311.9,56.1,1310,35,0
H,300.9,311.9,38.0,1513,38,0
H,300.9,311.9,16.5,2140,43,0
L,301.0,312.1,49.9,1377,48,0
L,301.0,312.1,32.3,1585,50,0
H,301.1,312.2,42.6,1491,52,0
L,301.0,312.2,59.0,1264,57,0
L,301.0,312.2,47.0,1372,59,0
L,301.0,312.2,39.9,1510,61,0
L,300.9,312.1,40.2,1423,63,0
L,301.1,312.3,35.3,1464,65,0
L,301.0,312.2,35.9,1602,67,0
M,301.0,312.2,32.6,1629,69,0
L,300.9,312.2,23.2,1811,72,0
L,300.9,312.1,28.8,1711,74,0
M,300.9,312.1,48.6,1297,76,0
L,301.0,312.1,46.1,1405,79,0
L,301.1,312.2,54.9,1397,81,0
L,301.1,312.3,29.7,1682,83,0
L,301.2,312.3,38.4,1528,85,0
M,301.2,312.3,38.3,1548,87,0
H,301.2,312.4,47.8,1395,90,0
L,301.2,312.4,59.0,1378,95,0
L,301.2,312.4,53.5,1480,97,0
M,301.2,312.4,36.6,1428,99,0
M,301.2,312.4,39.6,1505,102,0
L,301.0,312.3,36.4,1445,105,0
L,301.0,312.3,42.6,1488,107,0
L,301.0,312.2,33.0,1601,109,0
L,301.0,312.3,34.9,1550,111,0
L,301.0,312.2,34.1,1540,113,0
L,301.1,312.3,34.5,1587,115,0
H,301.0,312.2,40.3,1489,117,0
L,301.1,312.3,34.9,1486,122,0
L,301.1,312.4,37.9,1430,124,0
M,301.1,312.4,25.1,1809,126,0
L,301.1,312.3,39.0,1534,129,0
M,301.1,312.3,25.9,1852,131,0
L,301.1,312.3,31.9,1595,134,0
L,301.0,312.3,43.5,1424,136,0
L,301.0,312.2,28.8,1776,138,0
M,301.0,312.2,41.5,1499,140,0
M,301.0,312.2,9.7,2710,143,1
L,300.9,312.1,51.7,1359,146,0
M,300.9,312.1,31.0,1617,148,0
M,300.8,312.0,53.3,1443,151,0
L,300.8,312.0,50.2,1374,154,0
M,300.9,312.1,23.0,1851,156,0
M,300.8,312.0,67.3,1274,159,0
L,300.9,312.0,44.0,1533,162,0
L,300.8,312.0,37.3,1477,164,0
L,300.9,312.1,46.0,1462,166,0
M,301.0,312.1,28.4,1664,168,0
L,300.8,311.9,41.1,1414,171,0
H,300.9,312.0,17.8,2129,173,0
L,300.8,311.8,61.1,1323,178,0
L,300.8,311.8,43.3,1427,180,0
M,300.9,312.0,56.1,1375,182,0
M,300.9,312.0,50.7,1402,185,0
L,300.9,312.0,44.2,1500,188,0
M,301.0,312.0,37.5,1558,190,0
M,300.9,312.0,41.4,1447,193,0
L,301.0,312.0,39.3,1518,196,0
L,301.0,311.9,23.5,1889,198,0
L,301.0,312.1,30.7,1675,200,0
H,300.9,312.0,27.9,1720,202,0
M,301.0,312.0,34.6,1499,207,0
L,300.9,312.0,43.8,1441,210,0
H,300.9,312.0,42.7,1397,212,0
L,300.9,312.0,38.7,1493,217,0
M,300.8,312.0,50.7,1422,219,0
L,300.7,311.9,50.2,1399,222,1
L,300.6,311.9,44.9,1425,224,0
L,300.6,311.8,44.8,1501,226,0
M,300.6,311.9,35.3,1629,0,0
L,300.6,312.0,42.2,1490,3,0
L,300.7,312.0,32.4,1550,5,0
L,300.8,312.0,46.5,1416,7,0
L,300.7,311.9,38.8,1485,9,0
L,300.7,311.8,36.8,1564,11,0
L,300.7,311.7,19.7,1910,13,0
L,300.7,311.7,46.1,1460,15,0
L,300.7,311.8,34.1,1603,17,0
L,300.7,311.8,47.3,1486,19,0
L,300.8,311.9,31.8,1560,21,0
L,300.8,311.9,39.3,1498,23,0
H,300.8,311.9,48.5,1431,25,0
L,300.8,311.9,45.1,1486,30,0
L,300.7,311.9,35.8,1486,32,0
L,300.7,311.8,38.1,1441,34,0
M,300.7,311.9,55.1,1366,36,0
L,300.6,311.8,41.4,1471,39,0
L,300.6,311.9,38.2,1463,41,0
L,300.6,311.9,41.3,1413,43,0
H,300.6,311.9,30.5,1604,45,0
L,300.7,312.0,51.1,1401,50,0
L,300.6,311.8,27.2,1652,52,0
L,300.5,311.9,45.7,1403,54,0
L,300.5,311.9,21.7,1887,56,0
L,300.4,311.8,47.9,1405,58,0
H,300.2,311.6,41.1,1496,60,0
L,300.1,311.5,43.4,1499,65,0
L,300.2,311.5,37.2,1549,67,0
L,300.3,311.6,44.9,1515,69,0
L,300.2,311.6,37.7,1540,71,0
H,300.2,311.5,44.3,1426,73,0
M,300.2,311.6,41.4,1465,78,0
M,300.3,311.6,54.1,1359,81,0
M,300.3,311.7,36.4,1551,84,0
L,300.5,311.8,34.8,1596,87,0
M,300.5,311.9,26.3,1670,89,0
L,300.4,311.9,21.3,1868,92,0
M,300.6,312.0,39.8,1490,94,0
M,300.5,311.9,35.2,1676,97,0
M,300.5,311.9,22.1,1875,100,0
M,300.5,312.0,23.0,1867,103,0
L,300.5,312.0,29.5,1646,106,0
H,300.5,312.0,43.2,1375,108,0
L,300.5,312.0,36.7,1558,113,0
L,300.4,312.0,34.9,1631,115,0
L,300.4,312.0,43.0,1366,117,0
L,300.3,311.8,48.0,1360,119,0
L,300.3,311.8,39.7,1547,121,0
L,300.3,311.7,31.2,1571,123,0
L,300.2,311.5,36.1,1528,125,0
H,300.2,311.5,43.6,1432,127,0
L,300.2,311.6,53.5,1356,132,0
H,300.1,311.5,46.2,1422,134,0
L,300.1,311.4,42.2,1438,139,0
L,300.2,311.4,44.4,1483,141,0
L,300.2,311.4,49.8,1331,143,0
L,300.2,311.4,37.5,1463,145,0
L,300.1,311.4,40.6,1446,147,0
L,300.1,311.4,45.7,1356,149,0
L,300.1,311.3,30.3,1676,151,0
L,300.1,311.4,23.0,1910,153,0
L,300.2,311.6,56.9,1375,155,0
M,300.2,311.6,40.8,1513,157,0
L,300.2,311.6,35.7,1511,160,0
H,300.2,311.6,28.8,1662,162,0
L,300.2,311.7,48.3,1493,167,0
M,300.2,311.7,37.4,1555,169,0
L,300.3,311.7,41.5,1452,172,0
L,300.2,311.6,39.0,1500,174,0
L,300.2,311.7,30.5,1603,176,0
L,300.3,311.7,27.8,1682,178,0
L,300.3,311.8,37.7,1567,180,0
L,300.3,311.8,46.0,1413,182,0
M,300.3,311.9,41.6,1429,184,0
L,300.3,311.9,31.5,1692,187,0
L,300.4,311.9,48.7,1476,189,0
M,300.4,312.0,30.4,1596,191,0
H,300.3,311.9,49.0,1390,194,0
M,300.3,311.8,33.7,1607,199,0
L,300.3,311.7,26.3,1821,202,0
H,300.3,311.8,18.5,2141,204,0
M,300.4,311.8,33.1,1553,209,1
M,300.4,311.8,45.1,1442,0,0
L,300.4,311.7,45.6,1459,3,0
H,300.4,311.8,13.5,2496,5,0
L,300.4,311.8,57.2,1367,10,0
L,300.3,311.8,19.6,2004,12,0
L,300.3,311.7,47.5,1406,14,0
L,300.3,311.8,33.0,1548,16,0
L,300.3,311.7,55.2,1333,18,0
L,300.2,311.6,26.4,1767,20,0
L,300.2,311.6,27.0,1827,22,0
M,300.2,311.6,46.4,1533,24,0
H,300.2,311.5,36.8,1515,27,0
L,300.2,311.4,41.0,1568,32,0
L,300.2,311.4,47.8,1452,34,0
L,300.2,311.4,37.9,1433,36,0
M,300.1,311.3,33.8,1650,38,0
L,300.1,311.4,31.3,1629,41,0
L,300.0,311.3,39.2,1520,43,0
H,300.0,311.2,43.1,1393,45,0
H,299.9,311.2,49.6,1364,50,0
M,299.9,311.3,50.0,1389,55,0
L,299.8,311.1,46.1,1466,58,0
L,299.7,311.1,32.4,1650,60,0
L,299.6,311.0,36.3,1554,62,0
M,299.6,310.9,39.7,1474,64,0
H,299.5,310.8,32.4,1600,67,0
L,299.5,310.8,54.9,1356,72,0
L,299.5,310.8,38.2,1571,74,0
L,299.6,310.9,28.0,1658,76,0
L,299.6,310.8,49.9,1393,78,0
M,299.7,311.0,49.8,1448,80,0
L,299.7,310.9,40.4,1477,83,0
M,299.7,311.0,42.7,1506,85,0
M,299.7,310.9,32.1,1685,88,0
L,299.6,310.9,31.8,1533,91,0
L,299.5,310.8,41.0,1447,93,0
M,299.5,310.7,39.5,1488,95,0
M,299.6,310.8,50.4,1427,98,0
M,299.5,310.7,41.3,1424,101,0
L,299.5,310.7,40.9,1472,104,0
L,299.5,310.7,45.7,1438,106,0
L,299.6,310.8,42.4,1507,108,0
L,299.6,310.7,52.1,1393,110,0
L,299.5,310.8,52.4,1283,112,0
L,299.6,310.8,30.9,1644,114,0
L,299.6,310.8,46.9,1498,116,0
L,299.6,310.8,40.8,1400,118,0
H,299.6,310.9,31.2,1679,120,0
M,299.7,311.1,30.3,1618,125,0
H,299.6,311.0,30.2,1714,128,0
L,299.6,311.0,35.0,1574,133,0
L,299.7,311.1,36.4,1574,135,0
L,299.6,310.9,40.9,1472,137,0
L,299.6,311.0,33.2,1552,139,0
L,299.7,311.1,31.4,1603,141,0
H,299.7,311.1,47.1,1353,143,0
L,299.7,311.1,30.6,1690,148,0
M,299.8,311.2,26.3,1745,150,0
L,299.9,311.3,45.7,1522,153,0
H,300.0,311.4,34.5,1641,155,0
L,299.9,311.4,28.9,1596,160,0
H,299.9,311.4,37.0,1497,162,0
L,299.9,311.3,52.3,1371,167,0
M,299.9,311.3,41.2,1445,169,0
L,299.8,311.2,40.0,1564,172,0
L,299.7,311.1,44.9,1439,174,0
L,299.7,311.2,52.1,1352,176,0
L,299.8,311.3,35.4,1560,178,0
M,299.7,311.2,42.3,1616,180,0
L,299.7,311.2,23.7,1835,183,0
M,299.7,311.1,32.7,1649,185,0
L,299.8,311.1,47.3,1452,188,0
L,299.8,311.1,17.7,2144,190,0
L,299.7,311.1,41.0,1554,192,0
L,299.7,311.0,25.4,1827,194,0
L,299.6,310.9,46.3,1448,196,0
M,299.6,310.9,38.8,1530,198,0
L,299.7,311.0,21.0,1983,201,0
M,299.7,310.9,37.2,1620,203,0
M,299.6,310.9,29.8,1630,206,0
L,299.6,310.9,65.2,1229,209,1
L,299.5,310.8,22.3,1873,211,0
L,299.4,310.7,45.7,1426,213,0
L,299.4,310.8,53.9,1376,215,1
L,299.4,310.8,33.6,1622,217,0
M,299.4,310.7,45.7,1492,219,0
M,299.3,310.7,48.9,1374,222,0
L,299.2,310.7,27.0,1737,225,1
L,299.3,310.8,42.4,1426,0,0
M,299.3,310.9,25.1,1826,2,0
L,299.3,310.9,32.4,1669,5,0
M,299.4,310.9,40.1,1473,7,0
L,299.4,310.9,27.8,1751,10,0
M,299.4,310.9,47.3,1446,12,0
L,299.3,310.8,43.5,1483,15,0
L,299.2,310.7,42.6,1535,17,0
L,299.2,310.7,44.0,1477,19,0
L,299.3,310.8,46.9,1391,21,0
H,299.2,310.7,29.4,1636,23,0
L,299.2,310.6,33.3,1675,28,0
H,299.2,310.5,48.9,1329,30,0
M,299.2,310.5,33.5,1548,35,0
L,299.2,310.5,45.8,1391,38,0
L,299.1,310.5,43.1,1437,40,0
L,299.2,310.6,61.9,1370,42,0
L,299.1,310.6,37.1,1577,44,0
L,299.1,310.5,37.8,1485,46,0
L,299.0,310.4,34.3,1504,48,0
M,298.9,310.3,35.2,1551,50,0
M,299.1,310.5,43.0,1428,53,0
L,299.0,310.5,27.9,1755,56,0
L,299.1,310.5,54.9,1329,58,0
L,299.1,310.5,35.2,1496,60,0
L,299.1,310.5,36.6,1532,62,0
L,299.1,310.5,61.4,1389,64,0
M,299.1,310.4,51.4,1524,66,0
M,299.1,310.4,49.3,1422,69,0
L,299.1,310.5,27.4,1739,72,0
L,299.1,310.5,26.9,1736,74,0
L,299.1,310.5,48.8,1419,76,0
L,299.1,310.6,49.7,1326,78,0
M,299.1,310.6,43.2,1449,80,0
L,299.2,310.6,39.7,1534,83,0
M,299.2,310.6,50.9,1443,85,0
L,299.2,310.6,41.1,1498,88,0
L,299.1,310.6,26.0,1796,90,0
L,299.1,310.4,45.3,1519,92,0
L,299.0,310.4,49.6,1339,94,0
L,299.0,310.4,41.5,1483,96,0
M,298.9,310.2,20.0,2099,98,0
M,299.0,310.3,29.7,1689,101,0
H,299.1,310.4,54.5,1369,104,0
L,299.0,310.4,38.8,1512,109,0
M,299.0,310.3,68.6,1303,111,1
L,299.0,310.3,39.9,1552,114,0
L,299.0,310.4,28.0,1713,116,0
L,298.9,310.3,44.1,1456,118,0
L,299.0,310.4,39.8,1524,120,0
M,299.0,310.4,45.2,1394,122,0
L,299.0,310.4,21.2,1981,125,0
L,299.0,310.4,36.1,1565,127,0
L,299.1,310.4,31.0,1657,129,0
M,299.0,310.4,37.1,1625,131,0
L,299.0,310.4,31.1,1606,134,0
H,299.0,310.5,56.8,1336,136,0
M,299.0,310.6,34.2,1587,141,0
L,299.1,310.6,39.7,1602,144,0
L,299.1,310.5,38.4,1471,146,0
H,299.1,310.6,48.0,1332,148,0
H,299.2,310.6,48.4,1434,153,0
L,299.1,310.6,23.9,1921,158,0
H,299.2,310.6,30.6,1704,160,0
M,299.1,310.6,49.5,1397,165,0
H,299.1,310.6,28.0,1791,168,0
L,299.1,310.6,24.1,1818,173,0
L,299.2,310.7,36.3,1540,175,0
M,299.2,310.8,39.8,1502,177,0
H,299.2,310.8,30.4,1761,180,0
M,299.1,310.8,38.4,1517,185,0
L,299.1,310.7,51.1,1309,188,0
L,298.9,310.6,52.6,1363,190,0
M,299.0,310.6,22.2,1787,192,0
L,298.9,310.5,29.2,1640,195,0
M,298.9,310.6,25.3,1720,197,0
L,298.8,310.5,52.8,1384,200,0
H,298.8,310.5,55.8,1294,202,0
L,298.8,310.5,46.4,1464,207,0
L,298.8,310.6,25.4,1803,209,0
L,298.8,310.6,39.1,1602,211,0
H,298.9,310.6,38.8,1519,213,0
M,298.9,310.7,33.6,1638,218,0
H,298.9,310.6,33.0,1615,221,0
L,298.8,310.6,33.3,1651,0,0
L,298.9,310.6,52.7,1387,2,0
M,298.8,310.5,32.8,1678,4,0
L,298.9,310.6,38.1,1585,7,0
M,298.8,310.6,33.8,1640,9,0
L,298.9,310.6,43.8,1406,12,0
M,298.9,310.6,35.8,1679,14,0
L,298.9,310.5,26.9,1717,17,0
H,298.9,310.5,39.9,1429,19,0
M,298.9,310.4,44.4,1533,24,0
M,298.9,310.5,38.5,1525,27,0
L,298.9,310.4,26.3,1739,30,0
L,298.9,310.3,39.0,1436,32,0
M,298.8,310.2,33.1,1595,34,0
H,298.7,310.1,45.6,1435,37,0
L,298.7,310.0,31.8,1637,42,0
L,298.7,310.1,37.6,1558,44,0
M,298.7,310.1,34.1,1644,46,0
L,298.7,310.1,31.1,1641,49,0
L,298.8,310.2,41.0,1504,51,0
M,298.7,310.1,50.7,1506,53,0
H,298.8,310.1,44.0,1380,56,0
M,298.7,310.1,42.5,1549,61,0
M,298.7,310.1,69.7,1402,64,1
L,298.7,310.1,45.3,1401,67,0
M,298.7,310.0,40.2,1459,69,0
L,298.7,309.9,39.7,1465,72,0
M,298.8,310.0,52.7,1295,74,0
M,298.8,310.0,38.5,1529,77,0
M,298.8,310.0,44.9,1484,80,0
L,298.8,309.9,30.6,1739,83,0
H,298.7,309.8,40.7,1422,85,0
L,298.8,309.8,40.0,1463,90,0
L,298.7,309.7,30.4,1667,92,0
H,298.7,309.7,39.3,1565,94,0
L,298.7,309.7,45.7,1393,99,0
M,298.8,309.7,47.7,1453,101,0
L,298.8,309.6,50.0,1442,104,0
L,298.7,309.6,44.9,1364,106,0
H,298.7,309.5,40.4,1453,108,0
M,298.7,309.5,46.0,1394,113,0
M,298.7,309.5,38.8,1500,116,0
H,298.6,309.5,34.2,1523,119,0
M,298.7,309.6,57.1,1254,124,0
L,298.6,309.5,52.2,1325,127,0
L,298.8,309.7,49.6,1424,129,0
L,298.8,309.7,39.0,1505,131,0
M,298.8,309.7,48.7,1392,133,0
L,298.8,309.7,44.0,1529,136,0
M,298.8,309.7,48.5,1477,138,0
M,298.8,309.7,47.3,1459,141,0
M,299.0,309.8,15.9,2240,144,0
L,298.9,309.7,48.8,1449,147,0
M,298.8,309.7,35.3,1589,149,0
L,298.8,309.7,28.5,1740,152,0
M,298.8,309.7,40.3,1499,154,0
M,298.8,309.7,38.1,1480,157,0
L,298.8,309.7,29.6,1751,160,0
L,298.7,309.7,40.6,1510,162,0
H,298.8,309.8,48.2,1437,164,0
L,298.8,309.7,40.4,1609,169,0
H,298.8,309.8,35.9,1490,171,0
L,298.7,309.7,35.7,1601,176,0
L,298.7,309.6,31.1,1665,178,0
M,298.7,309.6,42.7,1452,180,0
M,298.7,309.5,33.6,1487,183,0
M,298.7,309.6,48.1,1382,186,0
M,298.7,309.6,26.2,1686,189,0
L,298.6,309.6,36.9,1491,192,0
L,298.7,309.6,55.6,1442,194,0
L,298.6,309.6,50.3,1390,196,0
L,298.7,309.6,46.7,1502,198,0
M,298.6,309.6,59.4,1344,200,0
L,298.5,309.5,46.3,1385,203,1
L,298.7,309.7,37.4,1547,0,0
M,298.6,309.6,42.4,1525,2,0
L,298.6,309.6,35.8,1540,5,0
L,298.6,309.5,44.3,1450,7,0
L,298.6,309.6,62.5,1353,9,0
L,298.8,309.7,45.0,1582,11,0
L,298.9,309.8,49.0,1396,13,0
M,298.8,309.8,36.6,1551,15,0
M,298.9,309.8,22.8,1836,18,0
L,298.9,309.8,49.9,1390,21,0
L,298.9,309.8,42.1,1534,23,0
L,298.8,309.7,20.6,1953,25,0
L,298.8,309.8,33.6,1634,27,0
L,298.7,309.7,21.7,1881,29,0
M,298.8,309.7,44.8,1448,31,0
M,298.7,309.7,50.5,1362,34,0
L,298.8,309.7,63.4,1225,37,0
M,298.8,309.6,48.2,1384,39,0
L,298.8,309.8,49.3,1334,42,0
L,298.8,309.7,50.3,1336,44,0
M,298.8,309.9,61.6,1331,46,0
L,298.8,309.9,31.9,1629,49,0
L,298.9,310.0,25.7,1776,51,0
H,298.8,310.0,38.3,1530,53,0
L,298.9,310.0,27.3,1719,58,0
M,298.8,309.9,35.2,1495,60,0
L,298.8,309.7,43.1,1450,63,0
H,298.8,309.8,38.8,1563,65,0
M,298.9,309.9,37.1,1501,70,0
L,298.8,309.9,47.2,1351,73,0
L,298.9,309.9,46.5,1365,75,0
L,298.8,309.9,39.7,1525,77,0
M,298.8,309.8,61.9,1288,79,0
L,298.6,309.6,42.7,1423,82,0
M,298.5,309.6,39.4,1502,84,0
L,298.5,309.5,43.5,1428,87,0
M,298.6,309.5,38.1,1566,89,0
M,298.5,309.5,44.8,1483,92,0
H,298.6,309.6,33.3,1593,95,0
L,298.5,309.6,26.4,1724,100,0
L,298.5,309.7,12.1,2617,102,1
L,298.6,309.7,59.4,1294,104,0
L,298.6,309.6,40.7,1533,106,0
H,298.5,309.4,31.8,1671,108,0
L,298.5,309.5,52.4,1370,113,0
L,298.5,309.6,45.1,1462,115,0
L,298.4,309.5,36.6,1545,117,0
M,298.4,309.5,41.7,1484,119,0
M,298.4,309.5,45.3,1344,122,0
L,298.4,309.5,50.1,1357,125,0
M,298.5,309.6,33.0,1572,127,0
L,298.5,309.6,26.9,1861,130,0
L,298.5,309.5,44.5,1548,132,0
L,298.6,309.8,37.7,1496,134,0
M,298.6,309.7,49.7,1314,136,0
M,298.6,309.7,49.7,1422,139,0
L,298.6,309.8,20.1,1842,142,0
M,298.7,309.9,53.0,1434,144,0
M,298.8,310.1,31.3,1585,147,0
H,298.8,310.1,30.7,1704,150,0
L,298.9,310.2,23.2,1971,155,0
L,299.0,310.3,39.9,1431,157,0
L,298.9,310.4,37.7,1546,159,0
L,298.9,310.3,36.3,1496,161,0
H,298.9,310.3,63.0,1243,163,0
L,299.0,310.4,46.2,1452,168,0
L,299.1,310.6,44.7,1380,170,0
L,299.2,310.6,38.4,1567,172,0
L,299.1,310.5,35.9,1628,174,0
L,299.1,310.4,46.1,1505,176,0
M,299.0,310.3,28.0,1827,178,0
L,299.0,310.3,40.0,1577,181,0
L,298.9,310.2,57.2,1304,183,0
H,298.9,310.1,54.6,1324,185,0
L,298.8,310.0,39.9,1537,190,0
M,298.8,310.1,48.7,1501,192,0
M,298.7,309.9,29.1,1654,195,0
M,298.7,310.0,38.1,1519,198,0
L,298.7,309.9,51.3,1371,201,0
L,298.7,309.8,65.9,1181,203,1
L,298.6,309.8,42.8,1469,205,0
L,298.6,309.8,34.6,1637,207,0
L,298.6,309.8,56.0,1370,0,0
L,298.6,309.9,30.6,1630,2,0
L,298.6,310.0,39.0,1517,4,0
M,298.6,309.9,32.3,1668,6,0
M,298.6,309.9,24.9,1818,9,0
M,298.6,310.0,36.9,1541,12,0
L,298.5,309.9,42.1,1482,15,0
L,298.6,310.1,49.9,1439,17,0
L,298.5,310.0,41.2,1492,19,0
L,298.4,309.9,27.8,1725,21,0
L,298.4,310.0,44.2,1559,23,0
L,298.5,310.0,42.5,1435,25,0
M,298.6,310.0,37.5,1512,27,0
L,298.6,309.9,37.1,1564,30,0
L,298.6,310.0,40.3,1522,32,0
L,298.6,309.9,59.5,1356,34,0
L,298.6,309.9,38.6,1556,36,0
L,298.6,309.9,45.5,1393,38,0
L,298.7,309.9,26.8,1753,40,0
L,298.7,309.9,29.5,1651,42,0
L,298.7,309.9,54.7,1372,44,0
L,298.7,309.9,43.3,1446,46,0
M,298.7,309.8,44.7,1501,48,0
M,298.7,309.9,45.1,1411,51,0
H,298.6,309.7,27.5,1672,54,0
M,298.7,309.8,40.5,1475,59,0
L,298.7,309.8,38.4,1469,62,0
L,298.6,309.8,28.3,1704,64,0
H,298.6,309.7,39.1,1463,66,0
M,298.6,309.7,64.1,1280,71,0
L,298.7,309.9,38.0,1464,74,0
L,298.6,309.8,46.4,1332,76,0
L,298.5,309.7,37.8,1634,78,0
M,298.6,309.8,43.1,1430,80,0
M,298.5,309.7,44.6,1523,83,0
M,298.5,309.7,37.7,1557,86,0
L,298.5,309.6,32.2,1585,89,0
H,298.5,309.6,33.5,1579,91,0
M,298.5,309.7,60.8,1354,96,0
L,298.6,309.7,33.4,1627,99,0
L,298.4,309.6,35.6,1477,101,0
M,298.3,309.4,29.0,1595,103,0
L,298.4,309.5,38.1,1520,106,0
L,298.3,309.4,31.5,1618,108,0
L,298.4,309.5,50.3,1397,110,0
L,298.4,309.5,47.9,1450,112,0
M,298.5,309.5,40.2,1501,114,0
L,298.4,309.4,50.1,1392,117,0
L,298.4,309.4,43.2,1385,119,0
L,298.4,309.4,46.3,1461,121,0
M,298.5,309.6,58.7,1364,123,0
L,298.5,309.5,38.6,1579,126,0
M,298.4,309.5,38.8,1514,128,0
M,298.3,309.5,36.9,1560,131,0
L,298.3,309.5,36.7,1542,134,0
L,298.3,309.4,27.1,1668,136,0
M,298.3,309.4,22.6,1816,138,0
M,298.3,309.4,34.2,1509,141,0
L,298.4,309.6,37.8,1479,144,0
L,298.4,309.6,30.2,1655,146,0
L,298.3,309.5,30.3,1711,148,0
L,298.4,309.7,34.6,1581,150,0
H,298.6,309.8,55.9,1279,152,0
L,298.5,309.8,40.9,1468,157,0
L,298.4,309.7,41.3,1419,159,0
L,298.4,309.7,38.6,1530,161,0
L,298.4,309.6,27.3,1710,163,1
L,298.4,309.7,39.8,1518,165,0
M,298.4,309.7,33.3,1679,167,0
M,298.4,309.7,22.5,1870,170,0
L,298.3,309.7,44.3,1484,173,0
L,298.4,309.7,44.2,1457,175,0
H,298.3,309.6,36.2,1546,177,0
M,298.2,309.5,36.5,1478,182,0
L,298.2,309.4,47.1,1447,185,0
L,298.2,309.4,45.4,1443,187,0
L,298.3,309.6,30.9,1527,189,0
M,298.3,309.6,54.8,1469,191,0
M,298.3,309.6,27.1,1681,194,0
L,298.3,309.6,44.1,1420,197,0
M,298.3,309.5,49.9,1543,199,0
L,298.4,309.5,50.4,1376,202,0
H,298.3,309.4,29.8,1631,0,0
H,298.3,309.3,41.7,1529,5,0
L,298.3,309.4,46.2,1468,10,0
L,298.3,309.4,52.3,1378,12,0
L,298.3,309.3,51.9,1401,14,0
L,298.4,309.3,37.4,1531,16,0
L,298.4,309.3,35.8,1512,18,0
M,298.5,309.4,47.4,1522,20,0
M,298.5,309.3,31.8,1615,23,0
L,298.6,309.3,46.5,1449,26,0
L,298.6,309.4,55.5,1315,28,0
M,298.6,309.4,41.1,1465,30,0
M,298.6,309.5,43.3,1404,33,0
L,298.6,309.5,44.8,1547,36,0
M,298.6,309.5,45.4,1426,38,0
L,298.6,309.5,30.2,1730,41,0
L,298.5,309.4,37.7,1548,43,0
L,298.5,309.4,40.2,1517,45,0
L,298.6,309.5,29.3,1687,47,0
L,298.5,309.5,25.2,1738,49,0
H,298.4,309.4,35.3,1512,51,0
M,298.5,309.4,48.7,1365,56,0
H,298.5,309.4,21.0,2011,59,0
L,298.4,309.3,27.6,1806,64,0
L,298.4,309.3,28.4,1716,66,0
M,298.4,309.4,24.3,1666,68,0
L,298.5,309.4,36.3,1578,71,0
L,298.3,309.3,37.2,1558,73,0
L,298.3,309.2,45.5,1456,75,0
M,298.2,309.1,49.0,1457,77,0
L,298.2,309.1,44.5,1467,80,0
M,298.1,309.0,38.2,1661,82,0
L,298.1,309.0,33.9,1592,85,0
L,298.2,309.0,37.2,1596,87,0
L,298.2,309.0,40.6,1489,89,0
L,298.3,309.0,48.3,1471,91,0
M,298.3,309.0,41.3,1505,93,0
L,298.3,309.0,40.0,1519,96,0
L,298.3,309.0,45.4,1408,98,0
L,298.2,308.9,44.4,1332,100,0
L,298.1,308.9,52.4,1351,102,0
L,298.0,308.9,36.7,1500,104,0
M,298.0,308.7,30.7,1614,106,0
L,298.0,308.8,36.5,1489,109,0
M,297.9,308.7,26.6,1751,111,0
L,298.0,308.7,45.8,1511,114,0
L,297.9,308.6,29.6,1691,116,0
L,297.9,308.6,27.5,1757,118,0
H,297.9,308.7,35.9,1545,120,0
L,297.9,308.6,15.7,2262,125,0
M,297.7,308.5,35.2,1559,127,0
L,297.6,308.4,32.4,1626,130,0
L,297.6,308.3,53.9,1424,132,0
M,297.6,308.3,29.1,1648,134,0
L,297.6,308.3,39.5,1523,137,0
L,297.6,308.3,43.2,1502,139,0
L,297.5,308.2,40.7,1489,141,0
M,297.4,308.1,31.2,1620,143,0
L,297.5,308.1,30.6,1631,146,0
M,297.5,308.0,45.8,1429,148,0
M,297.5,308.1,72.0,1334,151,1
L,297.4,308.0,38.0,1423,154,0
L,297.4,307.9,47.7,1390,156,0
M,297.4,307.9,48.5,1338,158,0
H,297.3,307.9,37.5,1461,161,0
M,297.4,307.9,34.3,1627,166,0
L,297.3,307.8,44.4,1385,169,0
M,297.3,307.8,48.0,1538,171,0
L,297.4,307.9,35.5,1557,174,0
L,297.4,307.9,33.4,1606,176,0
M,297.5,308.0,44.5,1430,178,0
M,297.4,308.0,34.6,1601,181,0
L,297.4,308.0,51.9,1356,184,0
M,297.5,308.2,30.9,1624,186,0
L,297.5,308.2,56.5,1327,189,0
L,297.6,308.3,47.0,1410,191,0
L,297.6,308.3,42.3,1478,193,0
L,297.6,308.4,40.3,1460,195,0
L,297.5,308.3,40.3,1435,197,0
H,297.4,308.2,46.9,1359,199,0
L,297.4,308.1,31.7,1729,204,0
H,297.3,308.0,49.1,1384,206,0
L,297.4,308.2,52.1,1297,211,0
L,297.5,308.4,33.3,1633,213,0
M,297.5,308.4,37.2,1505,215,0
L,297.5,308.4,50.0,1433,218,0
L,297.4,308.4,50.6,1369,220,1
L,297.4,308.3,40.5,1475,222,1
L,297.4,308.3,38.3,1561,0,0
L,297.4,308.3,45.5,1472,2,0
L,297.5,308.4,44.5,1441,4,0
M,297.5,308.5,50.5,1401,6,0
L,297.5,308.5,33.1,1691,9,0
L,297.6,308.6,47.1,1382,11,0
L,297.6,308.6,46.4,1355,13,0
L,297.6,308.6,45.3,1529,15,0
L,297.7,308.7,24.9,1829,17,0
H,297.6,308.6,39.8,1480,19,0
L,297.6,308.5,42.4,1475,24,0
M,297.6,308.5,52.6,1431,26,0
L,297.5,308.3,42.3,1437,29,0
M,297.5,308.3,45.6,1476,31,0
H,297.5,308.4,39.7,1490,34,0
L,297.4,308.3,33.5,1632,39,0
L,297.4,308.2,49.7,1402,41,0
L,297.4,308.3,45.8,1347,43,0
L,297.5,308.4,31.0,1747,45,0
H,297.5,308.5,39.1,1557,47,0
L,297.4,308.4,57.4,1371,52,0
H,297.3,308.3,37.0,1506,54,0
L,297.3,308.3,35.5,1590,59,0
L,297.4,308.3,53.7,1336,61,0
L,297.3,308.3,43.2,1411,63,0
L,297.4,308.3,27.3,1704,65,0
L,297.5,308.4,27.3,1723,67,0
L,297.5,308.5,39.7,1459,69,0
L,297.6,308.5,35.9,1572,71,0
L,297.5,308.4,56.0,1384,73,0
L,297.6,308.6,47.5,1383,75,0
M,297.6,308.5,48.6,1360,77,0
M,297.5,308.4,36.6,1596,80,0
L,297.5,308.5,54.3,1448,83,0
M,297.6,308.5,38.2,1443,85,0
M,297.6,308.6,35.5,1492,88,0
L,297.5,308.6,43.9,1497,91,0
L,297.5,308.5,38.5,1530,93,0
M,297.4,308.4,46.2,1478,95,0
L,297.4,308.4,61.8,1328,98,0
H,297.4,308.3,27.4,1771,100,0
M,297.4,308.4,35.0,1564,105,0
H,297.3,308.3,41.5,1461,108,0
M,297.4,308.3,57.9,1335,113,0
M,297.4,308.4,46.8,1441,116,0
L,297.3,308.3,60.6,1268,119,0
M,297.3,308.3,27.4,1697,121,0
L,297.4,308.4,46.0,1421,124,0
L,297.4,308.5,36.4,1496,126,0
L,297.5,308.5,55.6,1375,128,0
L,297.4,308.5,52.1,1295,130,0
L,297.4,308.5,33.8,1643,132,0
L,297.5,308.6,36.9,1514,134,0
L,297.5,308.6,29.4,1671,136,0
H,297.5,308.6,58.9,1355,138,0
L,297.6,308.7,50.6,1365,143,0
L,297.5,308.7,42.5,1407,145,0
M,297.5,308.8,46.1,1455,147,0
L,297.5,308.8,45.9,1502,150,0
M,297.5,308.8,52.3,1471,152,0
L,297.5,308.9,30.4,1581,155,0
L,297.5,308.8,37.8,1530,157,0
L,297.5,308.8,50.3,1312,159,0
L,297.4,308.6,42.6,1494,161,0
M,297.4,308.6,29.1,1528,163,0
H,297.3,308.6,29.4,1688,166,0
M,297.3,308.5,42.4,1520,171,0
M,297.3,308.5,28.9,1664,174,0
L,297.3,308.5,44.5,1514,177,0
L,297.3,308.5,54.2,1456,179,0
L,297.2,308.5,39.6,1494,181,0
L,297.2,308.4,30.0,1605,183,0
M,297.2,308.5,46.5,1353,185,0
L,297.2,308.5,47.9,1447,188,0
L,297.2,308.5,40.4,1588,190,0
H,297.2,308.5,41.4,1524,192,0
M,297.2,308.5,31.6,1611,197,0
M,297.2,308.5,34.9,1604,200,0
L,297.1,308.5,46.9,1483,203,0
L,297.1,308.4,39.6,1543,205,0
L,297.1,308.5,44.4,1323,207,1
L,297.1,308.5,36.2,1555,0,0
L,297.1,308.4,31.9,1583,2,0
M,297.2,308.5,40.0,1584,4,0
L,297.2,308.5,25.8,1766,7,0
M,297.2,308.6,44.4,1498,9,0
L,297.2,308.6,49.8,1413,12,0
L,297.3,308.6,33.5,1505,14,0
H,297.3,308.7,46.2,1438,16,0
M,297.3,308.7,34.1,1655,21,0
M,297.3,308.7,43.8,1451,24,0
M,297.3,308.7,38.4,1466,27,0
L,297.2,308.6,23.0,1774,30,0
M,297.2,308.6,51.3,1284,32,0
L,297.1,308.5,40.0,1425,35,0
L,297.2,308.6,52.4,1437,37,0
L,297.2,308.6,53.0,1335,39,0
L,297.2,308.5,41.7,1471,41,0
M,297.2,308.5,54.0,1364,43,0
L,297.1,308.5,35.6,1578,46,0
L,297.1,308.5,32.1,1712,48,0
L,297.1,308.5,28.7,1733,50,0
L,297.2,308.6,32.1,1652,52,0
L,297.2,308.6,24.1,1917,54,0
M,297.2,308.6,41.1,1444,56,0
L,297.1,308.6,37.1,1442,59,0
M,297.1,308.6,31.3,1717,61,0
L,297.1,308.7,42.3,1474,64,0
L,297.2,308.7,39.3,1509,66,0
L,297.2,308.8,43.1,1451,68,0
L,297.3,308.8,36.1,1554,70,0
L,297.2,308.7,30.7,1669,72,0
L,297.2,308.6,50.4,1366,74,0
L,297.2,308.6,34.4,1578,76,0
M,297.2,308.6,39.0,1513,78,0
M,297.1,308.5,42.1,1515,81,0
L,297.2,308.6,33.0,1562,84,0
L,297.2,308.7,38.5,1501,86,0
M,297.2,308.7,38.1,1398,88,0
L,297.3,308.7,53.8,1352,91,0
H,297.3,308.7,33.9,1569,93,0
H,297.2,308.6,46.6,1486,98,0
L,297.2,308.6,23.6,1864,103,0
M,297.3,308.7,44.5,1447,105,0
L,297.2,308.6,41.5,1392,108,0
L,297.3,308.6,47.6,1358,110,0
L,297.3,308.7,40.2,1491,112,0
L,297.3,308.7,36.7,1556,114,0
L,297.3,308.7,36.7,1531,116,0
H,297.4,308.7,37.6,1429,118,0
M,297.4,308.8,33.9,1573,123,0
L,297.4,308.8,41.2,1538,126,0
L,297.4,308.8,39.0,1467,128,0
H,297.4,308.7,51.1,1323,130,0
M,297.4,308.7,23.0,1798,135,0
L,297.4,308.6,46.3,1411,138,0
L,297.3,308.5,44.5,1528,140,0
L,297.3,308.5,42.0,1504,142,0
L,297.3,308.5,39.6,1384,144,0
L,297.2,308.4,26.4,1677,146,0
L,297.3,308.5,30.8,1764,148,0
M,297.4,308.5,42.0,1472,150,0
M,297.4,308.5,55.9,1465,153,0
M,297.4,308.6,33.1,1657,156,0
L,297.4,308.6,30.5,1635,159,0
M,297.4,308.7,31.9,1582,161,0
L,297.5,308.7,26.2,1761,164,0
L,297.5,308.8,34.9,1587,166,0
M,297.5,308.7,53.0,1446,168,0
M,297.5,308.7,53.0,1352,171,0
M,297.4,308.7,46.4,1392,174,0
L,297.5,308.8,49.8,1417,177,0
H,297.5,308.8,24.0,1824,179,0
L,297.5,308.8,36.7,1603,184,0
L,297.4,308.8,33.4,1620,186,0
L,297.4,308.8,49.4,1353,188,0
L,297.5,308.8,50.7,1360,190,0
L,297.5,308.6,53.5,1380,192,0
M,297.5,308.7,53.6,1363,194,0
M,297.4,308.6,41.2,1452,197,0
L,297.4,308.6,32.8,1680,200,0
L,297.5,308.6,39.0,1536,202,0
L,297.5,308.6,28.9,1621,0,0
L,297.5,308.6,37.6,1585,2,0
M,297.6,308.7,51.5,1408,4,0
H,297.5,308.6,38.7,1536,7,0
L,297.5,308.6,52.6,1352,12,0
H,297.5,308.6,38.8,1481,14,0
L,297.5,308.7,45.0,1454,19,0
M,297.5,308.6,51.5,1349,21,0
M,297.5,308.6,52.1,1327,24,0
L,297.6,308.7,42.3,1552,27,0
L,297.5,308.7,44.7,1456,29,0
M,297.6,308.6,45.8,1254,31,0
L,297.5,308.6,43.3,1437,34,0
L,297.5,308.6,27.1,1694,36,0
L,297.5,308.5,50.7,1306,38,0
M,297.5,308.5,30.1,1699,40,0
L,297.4,308.5,53.2,1369,43,0
L,297.4,308.5,43.9,1471,45,0
L,297.4,308.5,43.9,1410,47,0
M,297.4,308.5,45.5,1412,49,0
L,297.4,308.5,51.2,1418,52,0
L,297.4,308.5,25.9,1782,54,0
M,297.4,308.5,36.4,1497,56,0
L,297.3,308.4,39.4,1459,59,0
L,297.2,308.3,23.8,1796,61,0
L,297.2,308.3,31.2,1569,63,0
L,297.3,308.4,46.7,1469,65,0
L,297.3,308.4,41.3,1472,67,0
L,297.4,308.5,47.2,1475,69,0
L,297.4,308.6,36.4,1488,71,0
L,297.4,308.6,43.1,1524,73,0
L,297.4,308.5,48.6,1486,75,0
M,297.5,308.6,60.7,1255,77,0
M,297.4,308.6,42.6,1469,80,0
L,297.4,308.5,34.3,1692,83,0
M,297.4,308.6,32.8,1604,85,0
L,297.4,308.6,48.1,1446,88,0
L,297.3,308.5,43.3,1503,90,0
M,297.3,308.5,32.8,1625,92,0
L,297.2,308.5,35.8,1574,95,0
M,297.2,308.4,41.9,1378,97,0
L,297.1,308.4,29.5,1693,100,0
L,297.2,308.4,51.2,1462,102,0
H,297.3,308.5,55.0,1435,104,0
M,297.2,308.5,45.8,1425,109,0
H,297.3,308.6,53.5,1376,112,0
M,297.4,308.7,48.0,1481,117,0
H,297.4,308.7,48.9,1349,120,0
L,297.3,308.7,40.0,1551,125,0
H,297.4,308.7,33.8,1623,127,0
L,297.4,308.8,49.7,1462,132,0
M,297.3,308.8,57.4,1447,134,0
M,297.3,308.9,24.5,1799,137,0
M,297.3,308.8,41.3,1548,140,0
M,297.2,308.8,47.9,1485,143,0
L,297.2,308.7,49.9,1463,146,0
L,297.3,308.7,35.8,1587,148,0
M,297.3,308.8,44.1,1469,150,0
H,297.3,308.7,42.8,1430,153,0
H,297.4,308.7,26.8,1726,158,0
L,297.4,308.8,34.1,1651,163,0
L,297.4,308.8,41.3,1529,165,0
L,297.4,308.8,46.2,1473,167,0
H,297.4,308.8,53.5,1324,169,0
L,297.4,308.9,28.8,1708,174,0
M,297.5,309.1,38.5,1540,176,0
L,297.5,309.0,54.7,1320,179,0
M,297.4,308.9,39.0,1376,181,0
M,297.3,308.7,37.0,1542,184,0
L,297.3,308.7,39.3,1506,187,0
L,297.3,308.7,43.6,1492,189,0
H,297.3,308.8,38.0,1564,191,0
H,297.4,308.9,30.8,1645,196,0
M,297.4,308.9,59.1,1348,201,0
M,297.4,308.8,62.4,1325,204,1
L,297.5,308.9,43.5,1443,0,0
M,297.5,308.9,44.8,1436,2,0
L,297.5,308.9,30.7,1596,5,0
L,297.6,309.0,43.2,1491,7,0
M,297.7,308.9,35.1,1573,9,0
L,297.7,308.9,39.9,1575,12,0
L,297.7,308.9,41.1,1458,14,0
M,297.7,309.0,41.8,1433,16,0
L,297.7,308.9,28.1,1662,19,0
M,297.7,308.9,63.7,1327,21,0
L,297.7,308.9,26.3,1742,24,0
L,297.8,308.9,33.5,1506,26,0
L,297.9,309.1,44.4,1457,28,0
M,297.9,309.1,37.3,1488,30,0
L,297.9,309.1,34.7,1619,33,0
M,298.0,309.2,41.7,1558,35,0
L,298.0,309.2,28.7,1731,38,0
M,298.0,309.1,34.8,1574,40,0
L,297.9,309.0,49.8,1290,43,0
H,297.9,308.9,39.6,1416,45,0
L,297.9,308.9,41.9,1566,50,0
L,297.9,309.0,46.5,1456,52,0
L,297.9,309.0,37.5,1528,54,0
M,297.9,309.1,49.6,1338,56,0
M,297.9,309.1,39.2,1558,59,0
M,297.9,309.1,38.1,1614,62,0
H,298.0,309.1,36.4,1557,65,0
L,298.1,309.3,45.3,1443,70,0
H,298.1,309.3,51.0,1332,72,0
M,298.1,309.3,25.2,1752,77,0
M,298.1,309.2,45.8,1460,80,0
L,298.1,309.2,26.9,1802,83,0
L,298.0,309.2,39.5,1527,85,0
L,298.0,309.2,39.8,1458,87,0
H,298.0,309.2,37.9,1520,89,0
L,298.0,309.2,49.7,1378,94,0
M,297.9,309.2,38.1,1529,96,0
L,298.0,309.2,32.4,1527,99,0
M,298.0,309.2,42.9,1438,101,0
L,297.9,309.0,36.7,1583,104,0
L,297.8,308.9,37.6,1530,106,0
M,297.7,308.9,39.1,1530,108,0
M,297.7,308.8,19.1,2089,111,0
L,297.7,308.8,34.2,1616,114,0
M,297.7,308.9,28.3,1681,116,0
L,297.6,308.8,43.0,1475,119,0
L,297.5,308.7,46.5,1371,121,0
M,297.5,308.7,38.0,1546,123,0
H,297.4,308.6,40.1,1461,126,0
L,297.4,308.7,31.9,1638,131,0
M,297.3,308.7,35.6,1577,133,0
L,297.4,308.6,38.7,1532,136,0
M,297.3,308.5,27.7,1710,138,0
M,297.3,308.6,29.4,1584,141,0
L,297.3,308.6,50.1,1446,144,0
H,297.4,308.7,46.3,1522,146,0
M,297.4,308.7,49.9,1382,151,0
L,297.4,308.7,38.2,1584,154,0
L,297.3,308.6,55.2,1385,156,0
L,297.3,308.7,34.4,1592,158,0
M,297.2,308.6,43.7,1404,160,0
L,297.2,308.5,44.3,1518,163,0
L,297.1,308.4,40.4,1529,165,0
L,297.1,308.4,37.0,1550,167,0
L,297.1,308.3,23.8,1773,169,0
L,297.2,308.5,43.7,1446,171,0
M,297.2,308.5,46.9,1487,173,0
M,297.3,308.5,49.3,1524,176,0
L,297.1,308.3,54.1,1403,179,0
L,297.1,308.2,15.7,2267,181,0
M,297.1,308.2,37.9,1529,183,0
L,297.1,308.2,51.2,1402,186,0
L,297.2,308.3,28.0,1693,188,0
L,297.1,308.3,45.8,1496,190,0
L,297.1,308.1,33.3,1633,192,0
L,297.1,308.2,42.6,1399,194,0
M,297.0,308.1,45.3,1363,196,0
H,297.1,308.2,42.2,1527,199,0
M,297.2,308.2,42.5,1405,204,0
M,297.3,308.3,59.6,1459,207,1
M,297.4,308.4,25.0,1789,210,0
L,297.4,308.4,41.5,1531,213,0
M,297.4,308.4,35.8,1620,215,0
L,297.4,308.4,39.4,1571,0,0
L,297.4,308.4,39.9,1434,2,0
L,297.4,308.4,43.6,1474,4,0
M,297.3,308.3,41.7,1544,6,0
L,297.3,308.2,35.7,1601,9,0
L,297.4,308.3,26.9,1801,11,0
L,297.4,308.3,42.0,1465,13,0
M,297.4,308.4,52.6,1340,15,0
M,297.4,308.4,41.0,1517,18,0
M,297.3,308.4,44.8,1434,21,0
H,297.3,308.3,19.3,1935,24,0
M,297.3,308.3,32.2,1595,29,0
L,297.3,308.3,17.0,2188,32,0
M,297.3,308.4,44.4,1449,34,0
L,297.3,308.3,38.2,1471,37,0
L,297.4,308.2,33.8,1639,39,0
M,297.3,308.2,24.5,1846,41,0
M,297.3,308.2,38.2,1452,44,0
M,297.4,308.3,41.9,1483,47,0
L,297.4,308.3,60.3,1284,50,0
L,297.4,308.2,50.0,1419,52,0
L,297.3,308.1,28.4,1763,54,0
M,297.2,308.0,42.5,1478,56,0
L,297.3,308.0,36.0,1518,59,0
L,297.3,308.0,49.0,1447,61,0
M,297.4,308.0,55.1,1355,63,0
L,297.4,308.1,57.4,1348,66,0
L,297.4,308.1,53.7,1348,68,0
M,297.4,308.1,27.7,1734,70,0
L,297.3,308.0,46.5,1420,73,0
L,297.3,307.9,24.7,1797,75,0
M,297.3,308.0,45.0,1403,77,0
L,297.3,307.9,30.2,1628,80,0
M,297.2,307.9,30.4,1687,82,0
M,297.2,307.9,44.9,1456,85,0
L,297.1,307.9,44.7,1496,88,0
L,297.1,307.8,30.3,1636,90,0
L,297.1,307.8,40.4,1536,92,0
L,297.1,307.8,50.6,1454,94,0
L,297.0,307.8,50.0,1396,96,0
L,297.0,307.6,37.4,1575,98,0
L,296.9,307.6,35.7,1514,100,0
M,296.8,307.4,49.9,1455,102,0
L,296.8,307.4,48.3,1549,105,0
L,296.8,307.5,42.4,1474,107,0
H,296.7,307.4,34.2,1661,109,0
L,296.7,307.4,34.6,1535,114,0
M,296.9,307.5,31.2,1556,116,0
L,296.9,307.6,45.0,1435,119,0
M,296.9,307.5,51.1,1332,121,0
L,297.0,307.6,42.4,1513,124,0
L,297.0,307.7,39.4,1502,126,0
L,297.0,307.7,60.1,1315,128,0
M,297.0,307.7,51.1,1261,130,0
L,297.1,307.8,60.4,1406,133,0
L,297.1,307.8,42.3,1584,135,0
M,297.1,307.8,43.9,1443,137,0
L,297.2,307.9,35.8,1580,140,0
L,297.2,307.9,24.6,1825,142,0
L,297.2,307.9,48.2,1469,144,0
L,297.2,307.9,38.4,1493,146,0
M,297.3,308.0,29.4,1598,148,0
H,297.2,307.9,37.2,1450,151,0
M,297.2,307.9,37.5,1632,156,0
M,297.1,307.9,20.3,1980,159,0
L,297.2,308.0,43.7,1474,162,0
L,297.2,307.9,37.1,1540,164,0
M,297.1,307.9,38.9,1609,166,0
L,297.1,308.0,42.8,1467,169,0
L,297.1,307.9,39.4,1492,171,0
L,297.0,307.9,46.1,1493,173,0
L,297.0,307.8,39.9,1500,175,0
L,297.1,307.8,36.6,1477,177,0
L,297.1,307.9,49.1,1342,179,0
M,297.1,307.8,34.3,1538,181,0
L,297.2,307.9,58.1,1337,184,0
L,297.3,307.9,41.8,1417,186,0
L,297.4,308.0,46.2,1383,188,0
M,297.4,308.0,42.4,1440,190,0
L,297.3,307.9,34.4,1579,193,0
L,297.2,307.9,40.0,1441,195,0
M,297.2,307.9,35.9,1530,197,0
L,297.2,308.0,26.0,1705,200,0
H,297.2,308.0,43.0,1435,202,0
M,297.2,308.1,61.3,1340,207,1
L,297.2,308.1,49.7,1431,210,1
L,297.3,308.2,52.7,1396,212,1
M,297.3,308.1,52.0,1369,214,0
L,297.3,308.1,35.4,1615,217,1
L,297.2,308.1,31.3,1662,0,0
L,297.3,308.2,33.5,1553,2,0
M,297.4,308.2,34.6,1536,4,0
L,297.4,308.3,46.6,1548,7,0
L,297.4,308.3,30.9,1706,9,0
L,297.4,308.3,45.5,1366,11,0
L,297.5,308.4,35.9,1440,13,0
M,297.5,308.4,28.1,1685,15,0
M,297.4,308.3,44.0,1444,18,0
L,297.4,308.3,48.7,1395,21,0
L,297.4,308.3,38.8,1483,23,0
M,297.5,308.4,44.3,1403,25,0
H,297.5,308.4,23.9,1793,28,0
L,297.4,308.3,28.8,1723,33,0
L,297.4,308.2,41.0,1386,35,0
H,297.4,308.2,46.2,1585,37,0
M,297.3,308.1,27.7,1731,42,0
L,297.3,308.3,37.7,1519,45,0
L,297.3,308.2,24.4,1896,47,0
L,297.3,308.3,14.9,2358,49,0
M,297.3,308.3,51.9,1341,51,0
L,297.3,308.3,37.0,1550,54,0
L,297.3,308.3,61.5,1309,56,0
M,297.3,308.4,32.9,1599,58,0
L,297.4,308.4,40.0,1343,61,0
L,297.4,308.4,39.9,1378,63,0
L,297.4,308.4,34.6,1603,65,0
L,297.4,308.4,28.1,1664,67,0
L,297.3,308.4,37.4,1488,69,0
M,297.3,308.4,50.5,1370,71,0
L,297.3,308.5,34.3,1545,74,0
M,297.4,308.5,31.4,1566,76,0
L,297.4,308.6,24.6,1820,79,0
M,297.4,308.6,22.1,1901,81,0
M,297.4,308.5,32.2,1638,84,0
M,297.3,308.4,38.2,1521,87,0
H,297.3,308.4,23.1,1864,90,0
L,297.3,308.3,41.9,1430,95,0
M,297.3,308.4,34.5,1686,97,0
M,297.2,308.3,57.2,1326,100,0
L,297.2,308.3,25.6,1805,103,0
H,297.2,308.3,45.8,1453,105,0
M,297.2,308.4,26.0,1863,110,0
L,297.2,308.3,35.3,1576,113,0
L,297.2,308.3,39.7,1419,115,0
L,297.2,308.4,25.2,1833,117,0
H,297.2,308.4,17.3,2182,119,0
L,297.2,308.3,30.3,1656,124,0
L,297.1,308.2,56.6,1351,126,0
H,297.1,308.2,30.3,1790,128,0
M,297.2,308.2,28.1,1678,133,0
L,297.1,308.2,45.2,1427,136,0
L,297.0,308.1,54.0,1429,138,0
H,297.2,308.1,27.2,1770,140,0
L,297.2,308.1,31.2,1689,145,0
M,297.2,308.1,41.3,1554,147,0
L,297.3,308.1,36.0,1506,150,0
L,297.2,308.1,44.3,1474,152,0
L,297.3,308.1,26.1,1762,154,0
L,297.3,308.1,35.7,1566,156,0
H,297.3,308.1,42.4,1554,158,0
L,297.2,308.0,25.4,1869,163,0
L,297.3,308.0,35.1,1527,165,0
L,297.2,307.9,49.6,1309,167,0
M,297.2,307.9,35.7,1541,169,0
L,297.2,307.9,75.4,1326,172,1
H,297.1,307.9,54.0,1365,174,0
L,297.1,307.8,43.7,1428,179,0
L,297.1,307.8,27.6,1681,181,0
M,297.1,307.9,26.9,1662,183,0
L,297.2,307.9,20.3,1989,186,0
M,297.2,307.9,29.0,1747,188,0
M,297.2,308.0,31.1,1765,191,0
L,297.3,308.1,34.4,1568,194,0
M,297.3,308.1,30.6,1709,196,0
M,297.3,308.1,58.8,1370,199,0
L,297.3,308.1,45.7,1458,202,0
L,297.2,308.1,30.9,1712,204,0
L,297.3,308.1,36.9,1642,206,0
L,297.3,308.1,49.8,1468,0,0
H,297.3,308.1,52.3,1477,2,0
L,297.3,308.2,53.5,1446,7,0
H,297.3,308.2,31.4,1653,9,0
L,297.3,308.3,38.2,1494,14,0
L,297.3,308.2,41.0,1490,16,0
M,297.4,308.3,47.8,1550,18,0
M,297.3,308.2,34.9,1677,21,0
L,297.4,308.3,21.8,1854,24,0
M,297.5,308.5,30.3,1662,26,0
M,297.5,308.6,38.8,1440,29,0
L,297.5,308.6,39.7,1513,32,0
M,297.6,308.6,49.0,1389,34,0
L,297.6,308.6,51.0,1351,37,0
M,297.6,308.6,38.3,1482,39,0
L,297.6,308.6,28.5,1744,42,0
L,297.6,308.7,39.0,1476,44,0
M,297.6,308.6,48.2,1444,46,0
H,297.6,308.7,32.1,1659,49,0
M,297.6,308.7,46.6,1475,54,0
L,297.6,308.6,42.1,1526,57,0
M,297.4,308.4,29.5,1675,59,0
L,297.4,308.4,38.7,1525,62,0
L,297.3,308.3,45.9,1396,64,0
L,297.4,308.4,41.2,1580,66,0
L,297.4,308.5,42.8,1462,68,0
L,297.4,308.4,50.4,1426,70,0
L,297.4,308.5,34.2,1569,72,0
L,297.4,308.5,40.7,1477,74,0
L,297.4,308.5,27.2,1761,76,0
M,297.5,308.6,45.9,1486,78,0
L,297.6,308.6,30.1,1664,81,0
L,297.6,308.6,32.7,1576,83,0
H,297.6,308.6,46.7,1463,85,0
M,297.6,308.6,42.0,1585,90,0
L,297.7,308.7,45.7,1479,93,0
L,297.7,308.7,40.2,1449,95,0
H,297.7,308.8,50.3,1404,97,0
L,297.7,308.7,29.1,1694,102,0
L,297.7,308.7,28.4,1731,104,0
L,297.6,308.6,37.0,1522,106,0
L,297.5,308.5,36.9,1536,108,0
L,297.5,308.5,39.9,1373,110,0
L,297.5,308.5,36.4,1597,112,0
L,297.6,308.5,34.2,1678,114,0
L,297.6,308.5,42.6,1452,116,0
M,297.5,308.5,41.6,1447,118,0
L,297.6,308.5,37.1,1574,121,0
L,297.6,308.6,40.0,1528,123,0
L,297.7,308.7,27.2,1688,125,0
L,297.6,308.6,40.4,1393,127,0
M,297.5,308.6,50.5,1429,129,0
M,297.5,308.6,57.0,1347,132,0
L,297.6,308.6,40.5,1553,135,0
L,297.5,308.6,53.6,1260,137,0
L,297.5,308.6,33.8,1546,139,0
L,297.5,308.6,36.0,1596,141,0
L,297.5,308.5,57.4,1340,143,0
M,297.5,308.4,54.8,1369,145,0
L,297.5,308.5,52.3,1462,148,0
H,297.4,308.4,46.2,1487,150,0
M,297.5,308.6,35.5,1510,155,0
H,297.5,308.5,28.0,1671,158,0
M,297.5,308.5,30.0,1612,163,0
M,297.6,308.6,39.7,1509,166,0
L,297.6,308.6,47.3,1415,169,0
L,297.6,308.6,14.4,2384,171,0
L,297.6,308.6,62.4,1326,173,0
M,297.6,308.6,53.4,1390,175,0
M,297.6,308.7,41.2,1392,178,0
H,297.6,308.8,44.4,1385,181,0
L,297.7,308.8,24.5,1896,186,0
L,297.7,308.7,46.8,1474,188,0
M,297.7,308.8,45.6,1388,190,0
L,297.7,308.9,27.2,1715,193,0
H,297.8,308.9,32.2,1650,195,0
L,297.8,308.9,25.6,1871,200,1
L,297.8,309.0,64.2,1403,0,1
L,297.8,308.9,40.4,1518,2,0
L,297.9,309.1,43.0,1504,4,0
L,297.8,309.0,56.9,1340,6,0
H,297.9,309.1,44.7,1435,8,0
L,297.9,309.1,36.9,1507,13,0
L,297.9,309.1,36.1,1521,15,0
M,297.8,309.0,45.0,1576,17,0
L,297.9,309.1,36.6,1543,20,0
L,298.0,309.2,36.6,1665,22,0
L,297.9,309.1,50.3,1442,24,0
L,297.9,309.0,29.0,1629,26,0
L,297.9,309.0,47.3,1379,28,0
L,297.9,309.0,40.2,1502,30,0
L,297.9,309.1,32.0,1595,32,0
M,298.0,309.0,38.5,1439,34,0
M,297.9,309.0,21.6,1970,37,0
L,297.9,309.0,35.8,1562,40,0
M,297.9,309.0,40.9,1530,42,0
L,297.9,308.9,40.6,1393,45,0
L,297.9,309.0,37.6,1532,47,0
L,298.0,308.9,37.7,1607,49,0
M,297.9,308.8,49.0,1469,51,0
M,297.9,308.8,37.6,1538,54,0
L,297.9,308.8,31.4,1613,57,0
M,297.9,308.8,32.1,1602,59,0
L,297.8,308.7,44.2,1404,62,0
L,297.8,308.8,36.9,1548,64,0
L,297.8,308.8,35.2,1559,66,0
L,297.8,308.8,36.1,1621,68,0
L,297.8,308.8,32.9,1579,70,0
M,297.9,308.9,44.0,1547,72,0
L,297.9,308.8,48.6,1386,75,0
L,298.0,308.9,40.9,1406,77,0
M,298.0,309.0,55.9,1393,79,0
M,297.9,309.0,13.9,2456,82,0
M,298.0,309.0,49.1,1409,85,0
L,298.0,308.9,53.9,1390,88,0
L,298.0,309.0,32.4,1679,90,0
L,298.0,308.9,37.1,1508,92,0
L,297.9,308.8,31.7,1681,94,0
H,297.7,308.8,43.7,1469,96,0
L,297.8,308.8,49.6,1421,101,0
L,297.7,308.8,50.2,1354,103,0
M,297.7,308.8,57.0,1350,105,0
L,297.8,308.9,58.1,1282,108,0
M,297.8,309.0,30.0,1675,110,0
M,297.9,309.0,38.5,1525,113,0
L,297.9,309.0,43.9,1382,116,0
L,297.9,309.0,46.8,1450,118,0
L,298.0,309.1,23.6,1820,120,0
L,298.0,309.1,23.5,1822,122,0
L,298.0,309.1,44.3,1473,124,0
M,298.1,309.1,37.5,1572,126,0
M,298.1,309.0,17.8,2042,129,0
L,298.2,309.2,22.6,1922,132,0
L,298.2,309.1,36.5,1539,134,0
L,298.2,309.1,52.0,1350,136,0
L,298.3,309.1,45.1,1403,138,0
L,298.3,309.1,20.3,1904,140,0
M,298.2,308.9,35.2,1592,142,0
L,298.1,308.7,31.6,1556,145,0
M,298.1,308.8,25.4,1811,147,0
M,298.2,308.8,41.2,1456,150,0
H,298.2,308.8,51.9,1436,153,0
M,298.1,308.7,49.6,1362,158,0
L,298.1,308.7,29.1,1683,161,0
M,298.2,308.7,60.9,1269,163,0
L,298.3,308.8,49.0,1454,166,0
L,298.3,308.8,27.3,1767,168,0
L,298.3,308.9,27.3,1708,170,0
L,298.3,308.9,27.0,1862,172,0
L,298.3,308.9,30.7,1695,174,0
M,298.3,309.1,40.6,1488,176,0
L,298.3,309.0,32.2,1657,179,0
H,298.3,309.0,25.9,1823,181,0
M,298.2,309.1,28.8,1651,186,0
M,298.1,309.0,36.1,1533,189,0
M,298.2,309.0,40.5,1508,192,0
L,298.3,309.1,31.1,1616,195,0
L,298.2,309.0,31.5,1651,197,0
L,298.2,309.1,35.2,1569,199,0
M,298.3,309.1,58.7,1296,201,0
H,298.3,309.0,43.2,1379,0,0
M,298.2,309.0,28.0,1694,5,0
L,298.2,309.0,57.8,1377,8,0
H,298.3,309.0,38.4,1470,10,0
M,298.3,309.1,47.0,1404,15,0
L,298.3,309.1,40.1,1593,18,0
M,298.3,309.0,36.9,1526,20,0
M,298.3,308.9,49.7,1390,23,0
L,298.2,308.9,25.5,1737,26,0
L,298.2,308.8,57.3,1362,28,0
L,298.2,308.8,31.5,1666,30,0
L,298.2,308.8,60.9,1354,32,0
L,298.2,308.8,60.4,1302,34,0
L,298.2,308.7,20.5,1991,36,0
L,298.2,308.6,54.1,1353,38,0
H,298.2,308.7,35.7,1520,40,0
L,298.2,308.7,54.9,1428,45,0
L,298.2,308.7,29.4,1605,47,0
L,298.1,308.7,30.3,1691,49,0
L,298.2,308.7,48.4,1447,51,0
H,298.2,308.8,39.9,1606,53,0
M,298.2,308.8,28.2,1645,58,0
H,298.2,308.8,43.3,1470,61,0
L,298.2,308.9,45.0,1336,66,0
M,298.2,308.9,44.3,1414,68,0
M,298.3,309.0,27.5,1802,71,0
L,298.2,308.9,31.7,1683,74,0
M,298.2,309.0,47.6,1410,76,0
L,298.2,308.9,32.0,1605,79,0
L,298.2,308.9,28.1,1709,81,0
L,298.2,308.9,53.1,1444,83,0
L,298.2,308.9,45.0,1367,85,0
L,298.2,309.0,44.2,1418,87,0
L,298.2,309.0,57.8,1353,89,0
L,298.2,309.0,34.1,1643,91,0
L,298.3,309.1,38.0,1437,93,0
L,298.1,309.0,36.2,1437,95,0
M,298.2,309.0,47.9,1413,97,0
H,298.2,309.0,39.1,1524,100,0
M,298.1,308.9,43.4,1479,105,0
L,298.1,308.9,50.6,1313,108,0
M,298.1,308.9,50.4,1335,110,0
L,298.1,308.9,41.9,1367,113,0
M,298.1,308.9,50.3,1459,115,0
M,298.1,308.9,25.1,1804,118,0
L,298.2,309.0,38.3,1491,121,0
L,298.3,309.1,43.0,1537,123,0
H,298.3,309.1,30.2,1646,125,0
M,298.3,309.2,28.3,1783,130,0
L,298.3,309.1,49.8,1395,133,0
L,298.4,309.1,48.0,1423,135,0
L,298.3,309.2,37.6,1562,137,0
L,298.4,309.3,40.8,1549,139,0
L,298.4,309.4,43.2,1540,141,0
H,298.5,309.4,33.6,1573,143,0
L,298.5,309.4,45.1,1418,148,0
M,298.5,309.4,33.7,1565,150,0
L,298.5,309.5,41.0,1569,153,0
H,298.5,309.4,41.2,1417,155,0
L,298.5,309.5,38.1,1480,160,0
L,298.5,309.4,44.5,1364,162,0
L,298.5,309.4,21.5,1911,164,0
L,298.4,309.3,43.1,1409,166,0
L,298.4,309.2,53.5,1335,168,0
M,298.5,309.3,38.1,1512,170,0
L,298.6,309.4,40.2,1447,173,0
L,298.6,309.3,37.6,1537,175,0
M,298.6,309.3,40.8,1510,177,0
L,298.6,309.3,31.2,1677,180,0
L,298.5,309.2,33.7,1504,182,0
H,298.5,309.1,19.0,2051,184,0
L,298.5,309.1,41.3,1474,189,0
M,298.4,309.0,36.1,1507,191,0
L,298.4,308.9,37.9,1496,194,0
M,298.5,309.0,22.0,1921,196,0
L,298.5,309.0,40.5,1450,199,0
L,298.4,308.9,44.8,1402,201,0
L,298.4,308.9,50.0,1501,203,0
L,298.5,308.9,31.9,1725,205,0
H,298.5,308.9,40.3,1500,207,0
H,298.5,309.0,30.8,1531,212,0
L,298.5,309.0,44.8,1458,217,0
H,298.4,308.9,37.1,1577,0,0
M,298.3,308.9,46.1,1363,5,0
H,298.3,308.9,31.8,1706,8,0
M,298.3,308.8,50.4,1391,13,0
L,298.2,308.8,33.7,1616,16,0
L,298.2,308.8,47.0,1442,18,0
M,298.2,308.8,40.4,1626,20,0
M,298.2,308.7,42.6,1426,23,0
L,298.2,308.7,49.1,1436,26,0
M,298.2,308.7,36.2,1599,28,0
L,298.2,308.7,17.8,2186,31,0
L,298.3,308.8,30.4,1645,33,0
L,298.2,308.7,27.9,1780,35,0
L,298.2,308.8,44.3,1345,37,0
M,298.2,308.8,31.9,1607,39,0
L,298.3,308.9,28.0,1708,42,0
L,298.3,308.9,52.7,1270,44,0
M,298.3,308.9,25.4,1646,46,0
L,298.2,308.7,45.1,1407,49,0
M,298.1,308.7,47.4,1581,51,0
L,298.0,308.6,42.6,1532,54,0
L,298.0,308.6,33.1,1610,56,0
M,298.0,308.5,33.0,1682,58,0
L,297.9,308.5,34.3,1519,61,0
L,297.9,308.5,28.5,1683,63,0
M,298.0,308.6,55.8,1254,65,0
L,298.0,308.5,48.0,1461,68,0
L,297.9,308.5,45.1,1472,70,0
L,297.7,308.4,38.6,1510,72,0
M,297.7,308.3,36.8,1547,74,0
H,297.7,308.4,51.9,1418,77,0
L,297.7,308.4,51.3,1289,82,0
L,297.7,308.4,41.4,1487,84,0
L,297.7,308.5,45.5,1453,86,0
M,297.8,308.5,44.7,1466,88,0
H,297.7,308.4,49.5,1288,91,0
H,297.7,308.4,27.7,1738,96,0
H,297.7,308.3,41.0,1488,101,0
L,297.6,308.3,28.8,1816,106,0
L,297.5,308.2,48.5,1419,108,0
L,297.4,308.1,45.7,1435,110,0
M,297.5,308.1,42.4,1480,112,0
L,297.5,308.2,33.6,1610,115,0
H,297.5,308.1,38.2,1548,117,0
M,297.6,308.1,57.4,1379,122,0
M,297.5,308.1,23.5,1907,125,0
M,297.5,308.0,16.7,2033,128,0
H,297.4,307.9,52.0,1390,131,0
M,297.5,307.9,37.9,1544,136,0
L,297.6,308.0,57.4,1258,139,0
M,297.5,308.0,39.0,1560,141,0
H,297.6,308.2,18.5,2071,144,0
L,297.6,308.1,46.3,1437,149,0
H,297.7,308.2,43.0,1489,151,0
L,297.7,308.2,53.0,1334,156,0
L,297.7,308.2,39.9,1500,158,0
L,297.8,308.3,47.3,1498,160,0
M,297.7,308.2,53.4,1370,162,0
H,297.7,308.2,40.1,1526,165,0
L,297.8,308.3,44.8,1477,170,0
L,297.7,308.2,43.9,1446,172,0
M,297.7,308.2,25.6,1720,174,0
L,297.7,308.1,30.7,1734,177,0
L,297.7,308.1,29.1,1697,179,0
L,297.7,308.2,19.3,2007,181,0
M,297.7,308.1,48.8,1469,183,0
M,297.7,308.1,15.6,2189,186,0
L,297.8,308.3,50.1,1435,189,0
H,297.9,308.4,34.5,1637,191,0
L,298.0,308.5,28.3,1664,196,0
M,298.0,308.5,31.0,1666,198,0
L,298.0,308.5,46.6,1404,201,0
L,298.0,308.5,26.7,1702,203,0
L,298.1,308.6,44.9,1439,205,0
L,298.1,308.6,53.9,1354,207,1
M,298.2,308.7,44.2,1361,0,0
M,298.1,308.5,45.9,1463,3,0
H,298.1,308.4,43.8,1515,6,0
L,298.0,308.4,46.2,1432,11,0
L,298.0,308.4,22.0,1911,13,0
L,298.0,308.4,42.0,1472,15,0
M,298.1,308.5,54.5,1382,17,0
L,298.1,308.5,29.6,1665,20,0
L,298.1,308.5,30.5,1676,22,0
M,298.0,308.5,33.0,1585,24,0
M,298.1,308.6,46.3,1415,27,0
L,298.1,308.7,55.7,1341,30,0
L,298.2,308.8,34.8,1540,32,0
H,298.2,308.8,28.4,1837,34,0
L,298.2,308.8,36.0,1498,39,0
L,298.1,308.7,28.8,1671,41,0
L,298.0,308.6,57.0,1430,43,0
L,298.0,308.7,40.1,1619,45,0
M,298.0,308.7,51.9,1430,47,0
L,298.0,308.6,33.3,1626,50,0
L,298.0,308.7,49.3,1443,52,0
L,298.0,308.6,42.5,1481,54,0
M,298.1,308.7,43.0,1527,56,0
M,298.1,308.7,56.8,1315,59,0
M,298.1,308.8,48.2,1433,62,0
M,298.1,308.8,53.5,1378,65,0
L,298.1,308.8,43.4,1432,68,0
M,298.1,308.8,47.9,1394,70,0
H,298.0,308.8,53.8,1411,73,0
L,298.1,308.9,15.9,2136,78,0
M,298.2,309.0,45.8,1446,80,0
H,298.1,308.9,53.5,1388,83,0
M,298.1,308.9,51.7,1323,88,0
L,298.2,309.0,29.3,1780,91,0
M,298.1,308.8,41.8,1434,93,0
M,298.0,308.7,42.6,1494,96,0
H,298.0,308.7,39.6,1536,99,0
M,298.0,308.7,53.4,1392,104,0
H,298.2,309.0,56.8,1360,107,0
L,298.4,309.2,35.4,1583,112,0
L,298.5,309.2,20.2,1983,114,0
L,298.5,309.3,33.3,1630,116,0
M,298.5,309.3,26.7,1692,118,0
L,298.4,309.1,40.6,1417,121,0
L,298.4,309.1,36.1,1579,123,0
M,298.4,309.2,45.2,1399,125,0
M,298.4,309.2,46.4,1414,128,0
L,298.5,309.3,40.1,1570,131,0
M,298.5,309.3,36.8,1552,133,0
L,298.6,309.4,48.2,1440,136,0
M,298.6,309.4,43.8,1460,138,0
L,298.6,309.4,48.0,1471,141,0
L,298.6,309.3,27.6,1702,143,0
L,298.6,309.4,55.4,1375,145,0
L,298.6,309.4,33.2,1698,147,0
H,298.6,309.4,47.1,1439,149,0
M,298.6,309.4,27.5,1774,154,0
M,298.7,309.4,48.3,1375,157,0
L,298.7,309.5,40.0,1446,160,0
M,298.7,309.6,46.8,1455,162,0
L,298.8,309.6,41.9,1523,165,0
M,298.8,309.6,31.9,1692,167,0
M,298.8,309.6,33.3,1693,170,0
L,298.8,309.6,24.0,1890,173,0
H,298.9,309.6,33.5,1600,175,0
M,298.9,309.6,43.8,1434,180,0
L,298.9,309.6,50.9,1365,183,0
H,298.8,309.6,57.4,1309,185,0
H,298.9,309.6,35.3,1546,190,0
L,298.9,309.6,33.7,1663,195,0
L,298.9,309.6,34.2,1589,197,0
M,298.9,309.6,46.0,1472,199,0
L,298.9,309.6,39.8,1583,202,0
M,298.9,309.6,34.5,1567,204,0
L,298.9,309.7,41.9,1407,207,0
M,299.0,309.7,44.7,1418,209,0
M,299.0,309.7,40.7,1489,212,0
L,299.1,309.9,36.6,1586,215,0
L,299.1,309.8,55.4,1398,217,1
L,299.2,309.9,41.4,1516,219,0
H,299.3,310.0,44.8,1373,221,0
M,299.2,310.0,50.4,1349,226,0
H,299.1,309.9,40.3,1443,0,0
H,299.2,310.1,36.1,1542,5,0
L,299.2,310.1,37.7,1534,10,0
L,299.2,310.2,30.6,1697,12,0
L,299.3,310.3,47.4,1396,14,0
L,299.3,310.2,49.2,1495,16,0
M,299.2,310.3,44.8,1551,18,0
L,299.2,310.3,47.0,1440,21,0
L,299.2,310.3,40.1,1429,23,0
H,299.3,310.4,41.6,1548,25,0
L,299.3,310.5,38.8,1505,30,0
L,299.2,310.4,36.4,1611,32,0
M,299.2,310.4,39.8,1502,34,0
M,299.2,310.4,43.3,1504,37,0
L,299.1,310.3,40.7,1449,40,0
L,299.0,310.2,37.8,1575,42,0
M,299.0,310.2,33.4,1598,44,0
L,299.0,310.1,45.9,1416,47,0
L,299.0,310.2,28.8,1682,49,0
L,298.9,310.1,54.5,1341,51,0
L,298.9,310.1,39.1,1523,53,0
L,299.0,310.1,41.9,1580,55,0
L,299.0,310.1,36.0,1531,57,0
L,299.0,310.1,48.9,1375,59,0
M,298.9,310.1,40.4,1484,61,0
M,299.0,310.2,32.3,1657,64,0
L,299.0,310.2,40.6,1494,67,0
H,299.0,310.3,27.6,1658,69,0
L,299.1,310.3,42.1,1411,74,0
M,299.2,310.4,55.4,1395,76,0
L,299.1,310.4,43.9,1550,79,0
M,299.1,310.3,59.0,1233,81,0
L,299.1,310.3,46.7,1459,84,0
H,299.1,310.4,53.6,1405,86,0
L,299.2,310.5,44.1,1458,91,0
L,299.2,310.5,48.7,1384,93,0
L,299.2,310.5,29.5,1705,95,0
L,299.3,310.6,45.7,1443,97,0
M,299.3,310.6,31.4,1609,99,0
L,299.3,310.5,26.0,1818,102,0
M,299.3,310.6,42.1,1457,104,0
L,299.3,310.6,45.1,1480,107,0
L,299.4,310.8,47.7,1424,109,0
M,299.4,310.8,40.2,1628,111,0
M,299.5,310.8,31.3,1754,114,0
L,299.6,310.9,28.5,1716,117,0
M,299.5,310.9,48.7,1378,119,0
L,299.6,311.0,31.0,1708,122,0
L,299.6,311.0,38.3,1430,124,0
M,299.7,311.2,43.9,1560,126,0
L,299.6,311.1,30.7,1679,129,0
L,299.6,311.1,37.2,1521,131,0
M,299.6,311.1,33.8,1649,133,0
M,299.5,311.0,43.3,1451,136,0
L,299.4,310.8,48.9,1391,139,0
M,299.3,310.8,40.9,1523,141,0
L,299.3,310.7,39.2,1495,144,0
M,299.3,310.7,45.5,1440,146,0
H,299.4,310.8,31.4,1585,149,0
L,299.5,310.8,48.3,1374,154,0
M,299.5,310.8,40.2,1507,156,0
M,299.5,310.9,34.6,1577,159,0
L,299.5,310.9,38.5,1496,162,0
L,299.6,310.9,42.5,1487,164,0
L,299.6,310.9,26.3,1853,166,0
M,299.7,311.0,50.1,1435,168,0
M,299.8,311.1,25.5,1763,171,0
L,299.8,311.1,24.9,1820,174,0
M,299.8,311.1,38.1,1498,176,0
L,299.8,311.1,35.1,1603,179,0
L,299.8,311.1,42.5,1412,181,0
L,299.8,311.1,38.0,1588,183,0
M,299.8,311.0,20.0,1948,185,0
L,299.7,310.9,48.2,1384,188,0
L,299.7,310.8,36.0,1589,190,0
M,299.7,310.8,47.6,1405,192,0
L,299.7,310.9,40.1,1491,195,0
H,299.7,310.8,46.6,1418,197,0
M,299.6,310.8,35.4,1603,202,0
L,299.6,310.7,23.3,1922,205,1
M,299.5,310.7,49.5,1364,0,0
L,299.4,310.7,41.2,1551,3,0
L,299.5,310.7,33.5,1589,5,0
M,299.5,310.7,56.5,1423,7,0
L,299.4,310.6,53.1,1418,10,0
M,299.3,310.5,47.5,1404,12,0
L,299.3,310.5,59.8,1281,15,0
L,299.3,310.5,41.3,1529,17,0
M,299.3,310.5,42.1,1563,19,0
L,299.4,310.6,54.5,1348,22,0
M,299.3,310.5,40.5,1462,24,0
H,299.3,310.4,45.5,1510,27,0
L,299.2,310.4,43.3,1472,32,0
M,299.2,310.4,52.0,1325,34,0
L,299.2,310.4,37.3,1570,37,0
L,299.2,310.4,46.8,1379,39,0
L,299.1,310.2,52.8,1352,41,0
L,299.1,310.3,28.7,1727,43,0
H,299.0,310.1,50.0,1432,45,0
L,298.9,310.1,43.4,1466,50,0
L,298.9,310.1,38.0,1510,52,0
L,299.0,310.2,41.1,1490,54,0
L,299.0,310.1,37.4,1463,56,0
M,298.9,310.0,45.3,1561,58,0
L,298.9,310.1,18.0,2109,61,0
L,298.9,310.2,32.5,1705,63,0
M,298.9,310.1,40.2,1549,65,0
H,299.0,310.2,38.0,1637,68,0
M,298.9,310.1,37.9,1484,73,0
L,298.9,310.1,44.4,1401,76,0
L,298.9,310.1,36.8,1571,78,0
M,298.9,310.1,41.5,1513,80,0
L,299.0,310.1,40.3,1470,83,0
L,299.0,310.1,41.3,1505,85,0
L,299.0,310.2,42.2,1432,87,0
M,299.0,310.2,31.8,1625,89,0
L,299.0,310.2,62.5,1377,92,1
M,299.1,310.3,43.9,1441,94,0
M,299.0,310.2,39.9,1564,97,0
L,298.9,310.1,37.3,1580,100,0
L,299.0,310.2,35.3,1516,102,0
L,299.0,310.1,42.8,1447,104,0
M,298.9,310.0,52.9,1323,106,0
L,298.9,310.0,45.9,1470,109,0
M,299.0,310.0,19.5,2049,111,0
L,298.9,310.0,27.2,1794,114,0
L,298.9,310.1,47.8,1356,116,0
H,299.0,310.1,38.6,1555,118,0
M,299.0,310.1,47.5,1487,123,0
M,299.0,310.0,58.9,1341,126,0
M,298.9,310.0,36.6,1487,129,0
H,299.0,310.0,34.3,1569,132,0
H,299.0,310.1,19.7,2053,137,0
L,299.0,310.1,35.8,1583,142,0
L,299.0,310.0,33.2,1672,144,0
M,299.0,310.0,57.4,1337,146,0
H,299.1,310.1,41.2,1421,149,0
L,299.1,310.2,52.7,1425,154,0
L,299.2,310.2,33.2,1609,156,0
L,299.2,310.3,41.3,1507,158,0
L,299.2,310.3,38.9,1463,160,0
H,299.3,310.4,44.9,1393,162,0
L,299.3,310.4,26.8,1725,167,0
L,299.4,310.5,36.1,1514,169,0
L,299.3,310.4,53.9,1365,171,0
L,299.4,310.5,46.3,1372,173,0
L,299.4,310.4,40.6,1509,175,0
L,299.3,310.4,32.6,1629,177,0
L,299.4,310.5,28.1,1749,179,0
L,299.4,310.4,31.7,1582,181,0
L,299.2,310.2,47.0,1458,183,0
L,299.1,310.1,41.2,1416,185,0
H,299.1,310.0,33.1,1657,187,0
M,299.1,310.0,41.1,1437,192,0
M,299.1,310.0,36.0,1580,195,0
M,299.0,310.0,46.3,1488,198,0
L,299.0,309.9,55.7,1373,201,1
L,299.1,310.0,56.3,1367,203,1
H,299.1,310.0,49.5,1431,205,0
L,299.0,310.1,33.0,1623,210,0
L,299.0,310.0,39.6,1484,212,0
L,299.0,309.9,34.5,1548,214,0
L,298.9,309.8,61.9,1287,216,1
M,298.9,309.8,43.1,1392,218,0
H,299.0,310.0,44.9,1458,221,0
M,299.1,310.1,30.9,1570,226,0
L,299.1,310.1,48.8,1435,229,1
L,299.1,310.2,54.8,1317,231,1
L,299.2,310.3,33.3,1610,233,0
M,299.1,310.3,24.0,1838,235,0
L,299.2,310.3,48.9,1352,238,1
L,299.1,310.3,35.2,1619,240,0
L,299.1,310.3,31.1,1619,242,0
L,299.0,310.2,30.7,1690,244,0
L,299.0,310.2,44.1,1412,246,0
H,299.0,310.2,31.5,1744,0,0
M,299.0,310.1,35.4,1593,5,0
L,299.1,310.2,29.6,1695,8,0
M,299.0,310.2,57.2,1298,10,0
L,299.0,310.1,21.2,1886,13,0
L,299.0,310.1,19.3,2033,15,0
M,299.1,310.2,28.1,1711,17,0
L,299.1,310.2,33.4,1598,20,0
L,299.1,310.1,24.2,1894,22,0
M,299.1,310.1,44.4,1412,24,0
L,299.1,310.0,46.6,1394,27,0
M,299.0,310.0,56.4,1338,29,0
H,298.9,309.9,51.0,1376,32,0
L,299.0,310.0,48.1,1360,37,0
L,299.1,310.1,40.7,1486,39,0
M,299.1,310.1,31.6,1649,41,0
L,299.1,310.1,45.6,1367,44,0
L,299.0,310.1,59.5,1362,46,0
M,298.9,310.0,35.6,1520,48,0
L,299.0,310.0,31.9,1582,51,0
M,299.0,310.0,30.0,1667,53,0
L,298.9,310.0,28.8,1693,56,0
L,298.9,310.0,33.4,1559,58,0
L,298.9,309.9,32.0,1592,60,0
L,298.9,309.9,39.8,1404,62,0
M,298.8,309.8,45.5,1413,64,0
L,298.8,309.8,28.2,1663,67,0
L,298.8,309.8,36.3,1508,69,0
M,298.9,309.8,53.7,1353,71,0
L,298.8,309.8,42.4,1485,74,0
L,298.9,310.0,31.2,1633,76,0
L,298.9,310.0,43.6,1422,78,0
L,298.9,310.1,41.4,1577,80,0
L,298.9,310.0,41.1,1482,82,0
M,299.0,310.1,30.1,1705,84,0
L,299.0,310.1,32.9,1699,87,0
L,299.0,310.1,29.7,1664,89,0
M,299.0,310.0,34.6,1486,91,0
L,299.1,310.1,61.3,1336,94,0
H,299.1,310.1,42.9,1429,96,0
M,299.1,310.2,48.4,1456,101,0
L,299.1,310.2,45.0,1496,104,0
L,299.1,310.1,20.1,1894,106,0
L,299.1,310.1,55.6,1373,108,0
H,299.0,310.0,45.2,1387,110,0
L,298.9,309.9,44.2,1500,115,0
L,298.9,309.9,36.6,1517,117,0
L,298.9,309.9,56.2,1309,119,0
M,298.9,309.9,54.5,1357,121,0
L,298.8,309.8,40.6,1490,124,0
H,298.8,309.8,21.6,1911,126,0
L,298.8,309.8,33.6,1599,131,0
M,298.8,309.7,19.0,2098,133,0
M,298.7,309.7,27.9,1629,136,0
L,298.8,309.8,37.2,1557,139,0
L,298.8,309.8,39.4,1461,141,0
L,298.8,309.8,33.7,1563,143,0
L,298.7,309.8,29.0,1695,145,0
L,298.8,310.0,36.7,1528,147,0
L,298.8,310.0,49.6,1389,149,0
L,298.9,310.0,17.4,2231,151,0
M,298.9,310.1,42.9,1442,153,0
H,298.9,310.1,44.3,1458,156,0
L,299.0,310.1,47.7,1444,161,0
M,298.9,310.0,58.2,1348,163,0
L,298.9,310.0,27.6,1791,166,0
L,299.0,310.0,38.0,1509,168,0
L,298.9,310.0,42.9,1515,170,0
M,298.9,310.1,31.5,1655,172,0
L,298.9,310.1,42.9,1495,175,0
L,298.9,310.2,37.2,1623,177,0
L,298.9,310.2,42.5,1562,179,0
L,298.8,310.1,36.2,1574,181,0
L,298.8,310.0,32.4,1611,183,0
L,298.8,310.0,45.6,1403,185,0
L,298.8,310.1,47.4,1481,187,0
M,298.9,310.1,41.2,1441,189,0
H,298.8,310.1,45.4,1483,192,0
L,298.7,310.0,32.6,1555,197,0
L,298.6,309.9,28.8,1615,199,0
L,298.6,309.8,32.6,1561,201,0
L,298.5,309.8,35.1,1593,203,0
M,298.5,309.7,34.0,1552,205,0
H,298.5,309.7,35.3,1561,208,0
L,298.6,309.8,35.9,1597,213,0
M,298.6,309.9,34.0,1517,215,0
L,298.6,309.8,16.2,2271,218,1
L,298.5,309.7,36.7,1613,0,0
M,298.5,309.6,47.3,1509,2,0
L,298.6,309.7,26.1,1703,5,0
L,298.6,309.7,22.1,1925,7,0
M,298.6,309.6,29.7,1635,9,0
L,298.5,309.5,66.7,1294,12,1
L,298.6,309.6,39.1,1472,14,0
H,298.6,309.6,42.5,1449,16,0
L,298.6,309.6,35.0,1563,21,0
L,298.6,309.6,35.7,1611,23,0
L,298.6,309.6,48.6,1386,25,0
H,298.6,309.5,31.8,1584,27,0
M,298.7,309.6,50.4,1424,32,0
L,298.5,309.5,34.8,1561,35,0
L,298.5,309.4,37.9,1560,37,0
H,298.6,309.5,41.0,1375,39,0
M,298.6,309.5,27.8,1684,44,0
M,298.6,309.6,54.1,1397,47,0
L,298.6,309.6,57.6,1387,50,0
H,298.7,309.7,54.5,1311,52,0
L,298.8,309.8,36.2,1509,57,0
M,298.8,309.8,46.7,1477,59,0
L,298.8,309.9,41.6,1441,62,0
L,298.7,309.9,47.1,1404,64,0
H,298.8,309.9,44.6,1466,66,0
M,298.7,309.8,48.8,1435,71,0
H,298.7,309.7,29.8,1697,74,0
M,298.7,309.6,27.3,1738,79,0
H,298.6,309.5,50.4,1420,82,0
M,298.5,309.5,39.8,1535,87,0
L,298.6,309.6,28.4,1715,90,0
L,298.6,309.5,43.2,1483,92,0
M,298.5,309.4,37.5,1521,94,0
H,298.5,309.4,36.0,1573,97,0
H,298.5,309.4,46.7,1414,102,0
L,298.5,309.3,33.9,1590,107,0
L,298.5,309.3,33.1,1623,109,0
H,298.4,309.3,30.9,1694,111,0
M,298.4,309.2,33.5,1597,116,0
L,298.5,309.3,44.7,1471,119,0
M,298.5,309.3,34.7,1551,121,0
H,298.5,309.3,50.3,1421,124,0
M,298.4,309.3,45.6,1496,129,0
H,298.4,309.3,19.2,1984,132,0
L,298.4,309.2,29.8,1692,137,0
L,298.4,309.1,42.5,1467,139,0
L,298.4,309.2,28.5,1651,141,0
L,298.3,309.1,60.5,1417,143,0
L,298.2,309.0,55.0,1413,145,0
M,298.2,309.0,44.2,1441,147,0
M,298.2,309.0,50.3,1353,150,0
L,298.1,309.0,40.9,1502,153,0
L,298.2,309.0,31.7,1610,155,0
M,298.2,309.1,45.8,1411,157,0
L,298.3,309.1,52.3,1387,160,0
H,298.3,309.1,40.9,1430,162,0
M,298.4,309.1,38.8,1576,167,0
M,298.5,309.2,29.4,1721,170,0
M,298.5,309.3,42.4,1465,173,0
M,298.6,309.4,45.1,1407,176,0
M,298.6,309.4,36.9,1464,179,0
M,298.6,309.5,36.7,1568,182,0
L,298.6,309.4,35.6,1667,185,0
L,298.5,309.4,60.9,1360,187,1
M,298.5,309.3,43.7,1488,189,0
L,298.4,309.3,39.3,1504,192,0
L,298.4,309.2,32.4,1610,194,0
L,298.4,309.2,52.7,1345,196,0
M,298.3,309.3,57.0,1376,198,0
L,298.4,309.4,50.0,1385,201,0
M,298.4,309.4,41.8,1429,203,0
L,298.3,309.3,56.1,1337,206,1
L,298.4,309.3,35.4,1542,208,0
L,298.4,309.2,17.7,2118,210,0
L,298.3,309.1,45.3,1386,212,0
M,298.3,309.1,32.7,1632,0,0
L,298.4,309.3,36.9,1545,3,0
M,298.4,309.3,53.6,1390,5,0
M,298.4,309.3,50.6,1355,8,0
L,298.4,309.2,45.5,1425,11,0
M,298.4,309.2,51.2,1491,13,0
H,298.3,309.2,42.4,1486,16,0
M,298.3,309.2,51.4,1359,21,0
L,298.4,309.3,47.6,1395,24,0
L,298.3,309.2,52.1,1383,26,0
H,298.3,309.1,37.0,1484,28,0
L,298.3,309.1,47.4,1421,33,0
L,298.3,309.0,58.8,1339,35,0
L,298.4,309.1,46.1,1362,37,0
H,298.5,309.2,40.6,1568,39,0
L,298.6,309.4,15.5,2312,44,0
M,298.5,309.3,34.6,1498,46,0
M,298.5,309.3,27.2,1761,49,0
L,298.6,309.4,51.4,1316,52,0
L,298.6,309.4,37.8,1525,54,0
H,298.6,309.4,45.3,1362,56,0
L,298.7,309.6,38.5,1516,61,0
L,298.6,309.5,44.2,1450,63,0
M,298.6,309.5,55.0,1366,65,0
L,298.5,309.5,33.1,1547,68,0
M,298.6,309.5,33.9,1580,70,0
H,298.7,309.6,26.9,1755,73,0
M,298.7,309.6,24.8,1800,78,0
M,298.8,309.7,45.8,1439,81,0
L,298.9,309.8,56.3,1411,84,0
M,298.9,309.9,31.4,1645,86,0
M,298.9,309.8,13.9,2450,89,0
L,299.0,309.9,34.0,1630,92,0
L,299.0,309.9,44.7,1411,94,0
L,298.9,309.9,35.4,1526,96,0
L,298.9,309.9,31.3,1590,98,0
H,299.0,309.9,25.6,1884,100,0
M,298.9,309.8,21.7,1947,105,0
L,298.9,309.9,52.1,1373,108,0
L,298.9,309.8,36.5,1616,110,0
M,298.9,309.9,44.1,1449,112,0
M,298.9,309.8,50.6,1363,115,0
H,298.8,309.7,55.1,1461,118,0
L,298.8,309.7,58.6,1374,123,0
L,298.7,309.7,59.1,1293,125,0
M,298.8,309.8,38.6,1490,127,0
L,298.8,309.8,27.5,1753,130,0
L,298.8,309.8,38.5,1493,132,0
L,298.8,309.8,22.0,1895,134,0
H,298.7,309.6,34.3,1654,136,0
L,298.7,309.5,30.8,1673,141,0
L,298.8,309.6,27.7,1613,143,0
L,298.8,309.6,22.3,1903,145,0
L,298.8,309.5,44.7,1368,147,0
M,298.8,309.6,34.4,1575,149,0
H,298.8,309.6,40.2,1516,152,0
L,298.8,309.5,32.8,1645,157,0
L,298.8,309.5,48.1,1374,159,0
H,298.9,309.7,48.6,1407,161,0
M,298.9,309.6,55.3,1284,166,0
L,298.9,309.5,31.1,1645,169,0
L,298.8,309.4,54.1,1387,171,0
M,298.8,309.3,35.1,1618,173,0
L,298.8,309.3,47.1,1357,176,0
L,298.7,309.2,44.8,1396,178,0
L,298.7,309.2,31.4,1586,180,0
H,298.7,309.2,42.3,1449,182,0
M,298.7,309.2,48.9,1423,187,0
H,298.7,309.3,45.3,1402,190,0
M,298.7,309.2,45.7,1437,195,0
L,298.6,309.1,35.7,1537,198,0
M,298.7,309.1,49.5,1423,200,0
M,298.6,309.1,37.3,1587,203,0
M,298.6,309.1,43.2,1487,206,0
L,298.6,309.0,47.7,1456,0,0
L,298.7,309.1,32.7,1607,2,0
L,298.6,309.0,46.0,1469,4,0
M,298.6,309.0,40.8,1481,6,0
L,298.6,308.9,58.8,1327,9,0
L,298.5,308.8,30.6,1589,11,0
L,298.5,308.8,29.6,1670,13,0
M,298.5,308.7,28.3,1662,15,0
M,298.5,308.8,34.9,1553,18,0
M,298.5,308.8,36.0,1557,21,0
L,298.4,308.8,56.7,1352,24,0
L,298.5,308.8,58.7,1305,26,0
H,298.5,308.7,43.9,1450,28,0
M,298.5,308.7,48.5,1347,33,0
H,298.6,308.8,39.1,1566,36,0
M,298.5,308.7,33.3,1615,41,0
M,298.5,308.6,54.4,1384,44,0
M,298.5,308.7,47.3,1367,47,0
M,298.5,308.6,20.2,1897,50,0
L,298.5,308.6,36.9,1522,53,0
M,298.4,308.5,27.4,1576,55,0
H,298.4,308.4,39.2,1479,58,0
L,298.3,308.3,45.5,1452,63,0
L,298.3,308.3,46.9,1432,65,0
L,298.3,308.2,28.4,1663,67,0
L,298.3,308.3,32.4,1597,69,0
L,298.3,308.2,44.3,1472,71,0
L,298.4,308.3,48.5,1452,73,0
H,298.3,308.2,33.2,1534,75,0
L,298.3,308.1,46.1,1505,80,0
L,298.3,308.1,33.9,1528,82,0
H,298.3,308.1,12.8,2636,84,0
M,298.3,308.1,28.6,1722,89,0
L,298.4,308.1,44.0,1395,92,0
L,298.4,308.1,50.8,1375,94,0
M,298.3,308.0,26.0,1766,96,0
L,298.3,307.9,47.8,1399,99,0
L,298.3,308.0,37.8,1578,101,0
L,298.3,307.9,42.0,1502,103,0
M,298.2,307.9,36.6,1529,105,0
L,298.2,307.8,25.1,1804,108,0
M,298.2,307.8,53.4,1411,110,0
L,298.1,307.8,54.1,1413,113,0
L,298.2,307.8,59.4,1355,115,0
L,298.2,307.8,46.9,1429,117,0
L,298.1,307.8,35.3,1565,119,0
M,298.1,307.9,42.8,1446,121,0
M,298.2,307.9,38.8,1462,124,0
M,298.2,307.8,34.5,1578,127,0
L,298.1,307.8,33.0,1606,130,0
M,298.1,307.8,35.9,1525,132,0
L,298.1,307.8,49.1,1379,135,0
L,298.2,307.8,35.0,1575,137,0
L,298.2,307.9,54.9,1399,139,0
L,298.2,307.9,49.4,1429,141,0
L,298.3,307.9,39.9,1435,143,0
L,298.3,307.9,26.5,1766,145,0
L,298.3,307.9,28.9,1703,147,0
L,298.3,307.9,41.2,1507,149,0
M,298.3,307.9,32.4,1609,151,0
L,298.4,308.0,32.4,1605,154,0
L,298.4,308.1,50.0,1491,156,0
H,298.4,308.1,24.7,1891,158,0
H,298.5,308.2,44.6,1563,163,0
L,298.6,308.2,51.4,1390,168,0
L,298.5,308.2,40.5,1444,170,0
L,298.6,308.2,68.2,1361,172,1
M,298.6,308.3,34.1,1589,174,0
L,298.6,308.2,26.3,1705,177,0
L,298.6,308.3,40.4,1422,179,0
H,298.6,308.3,52.1,1377,181,0
L,298.5,308.3,49.8,1334,186,0
L,298.6,308.4,36.6,1559,188,0
L,298.7,308.5,47.0,1353,190,0
M,298.7,308.4,45.7,1507,192,0
L,298.7,308.4,28.7,1694,195,0
H,298.7,308.4,42.8,1432,197,0
H,298.7,308.5,35.6,1572,202,0
M,298.8,308.6,42.3,1507,207,0
M,298.8,308.6,37.1,1500,210,0
L,298.9,308.6,24.1,1771,213,0
M,298.8,308.5,33.2,1577,0,0
L,298.8,308.5,36.2,1527,3,0
M,298.9,308.4,26.1,1827,5,0
L,298.8,308.4,39.2,1484,8,0
L,298.8,308.4,47.3,1401,10,0
L,298.8,308.3,27.9,1634,12,0
M,298.8,308.4,29.5,1604,14,0
H,298.9,308.4,31.8,1632,17,0
M,299.0,308.6,33.4,1645,22,0
H,299.0,308.7,48.5,1408,25,0
M,299.0,308.7,40.2,1500,30,0
